Unnamed: 0,Attribute1,Attribute2,Attribute3,Attribute4,Attribute5,Attribute6,Attribute7,Attribute8,Attribute9,Attribute10,Attribute11,Attribute12,Attribute13,Attribute14,Attribute15,Attribute16,Attribute17,Attribute18,Attribute19,Attribute20,Attribute21,Attribute22,Attribute23,class
4,6,-3,12,5,0,4,4,-1,67,3,2,1,2,1,0,0,1,0,0,1,0,0,1,0
2,-32,2,60,1,3,2,2,1,22,3,1,1,0,0,0,0,1,0,1,1,0,0,1,1
5,75,4,21,0,0,3,3,6,49,3,1,2,1,1,0,1,1,0,0,1,0,1,0,0
1,42,2,79,1,4,3,4,2,45,3,1,2,1,1,0,0,1,0,1,0,1,0,0,0
1,24,3,49,1,0,3,5,5,1,3,2,2,1,1,1,0,1,0,0,0,0,0,1,1
4,61,-1,91,5,3,3,4,4,35,3,1,2,2,1,0,1,1,0,1,0,0,1,0,0
4,60,2,28,3,0,4,4,2,7,3,5,1,3,1,0,0,1,0,0,1,0,1,1,0
2,36,-2,131,1,3,3,2,3,35,3,1,2,3,1,0,1,1,0,1,0,0,0,0,0
4,-27,2,31,4,4,0,4,1,61,3,5,1,1,1,0,0,1,0,0,1,0,1,0,0
4,30,4,52,5,1,4,2,3,28,0,0,1,0,1,1,0,0,0,1,1,0,1,0,1
2,12,2,181,1,2,0,1,3,25,3,1,2,0,1,1,1,1,0,1,0,0,0,1,1
1,0,2,43,1,2,2,4,2,24,3,4,1,2,1,0,0,1,0,1,0,0,0,1,1
2,12,2,16,1,3,2,1,4,-1,3,6,3,2,1,0,0,1,0,1,1,0,0,1,0
1,-3,4,107,7,5,3,4,3,0,3,2,1,1,1,1,1,1,0,0,0,0,1,0,1
1,15,2,-44,1,3,2,4,3,28,3,1,1,0,1,1,0,1,0,0,0,0,0,1,0
1,24,2,13,2,3,2,2,3,32,4,1,1,1,1,0,0,1,0,0,0,0,1,0,1
4,24,6,120,0,5,3,4,2,53,3,2,1,1,1,0,0,1,0,0,1,0,0,1,0
1,-18,0,81,5,0,3,3,3,25,1,0,2,1,1,0,0,1,0,0,1,0,0,0,0
4,24,2,-46,3,5,0,2,0,91,3,4,2,2,1,0,0,1,0,0,1,1,0,1,0
4,92,-3,-18,8,3,0,4,3,48,3,3,1,2,1,1,1,1,0,0,0,0,0,1,0
4,6,2,26,3,-2,3,3,1,44,3,1,2,1,1,1,0,1,0,0,0,0,0,1,0
1,10,4,22,1,2,3,-1,1,48,3,2,2,1,0,1,0,1,0,1,0,0,1,0,0
2,88,0,18,2,2,3,4,2,44,3,1,1,1,1,0,1,0,0,0,1,0,1,0,0
4,10,0,21,6,3,0,1,3,113,3,2,2,0,2,0,0,0,0,0,1,0,0,1,0
1,6,2,14,1,6,3,5,5,36,0,1,1,0,1,0,0,1,0,0,1,0,0,0,0
4,82,0,4,1,5,4,0,3,39,0,1,0,2,0,1,1,1,0,1,1,0,1,0,0
0,12,1,-72,8,5,2,-1,1,42,3,2,1,1,2,0,1,1,0,1,0,0,0,0,0
2,73,2,24,1,3,3,2,-1,34,3,1,0,1,1,0,0,0,0,0,0,0,1,1,0
1,60,3,124,1,5,3,4,6,-8,3,2,0,2,0,0,0,1,0,0,1,0,0,1,1
4,18,2,19,4,2,-1,0,4,36,0,1,1,2,1,0,0,1,1,0,1,0,0,1,0
1,24,2,40,6,-1,3,0,3,27,3,1,1,1,1,0,0,1,1,0,1,0,0,1,0
2,94,2,59,-2,3,3,2,3,30,4,2,1,2,0,0,0,0,0,0,0,0,0,1,0
4,12,4,13,5,7,3,4,0,57,3,1,1,1,2,0,0,1,1,1,0,1,1,0,0
3,12,2,15,0,8,2,1,0,33,1,1,1,2,1,0,0,1,0,0,1,0,1,1,0
2,45,4,47,1,2,5,2,4,25,3,2,0,1,0,0,0,1,0,0,1,0,1,0,1
4,80,4,61,7,3,3,3,0,31,1,1,1,2,2,0,0,1,1,0,1,0,0,1,0
3,18,2,21,1,3,3,2,1,-11,2,1,1,1,0,0,1,0,0,0,0,1,0,0,1
3,10,2,2,0,5,3,2,3,-11,0,1,1,2,0,0,0,1,1,0,1,0,0,0,0
2,9,2,5,1,3,3,6,6,88,3,1,1,0,1,0,0,1,0,1,1,0,0,1,0
4,30,-2,23,3,5,0,2,3,-3,1,1,2,0,0,0,0,1,0,0,1,0,0,0,0
2,12,-1,-1,0,3,1,1,3,26,3,0,1,2,1,1,0,1,0,0,1,0,0,1,0
2,18,0,62,1,-2,3,-1,0,44,3,1,2,2,1,0,0,1,1,1,1,0,1,0,0
1,67,4,-38,8,4,4,0,3,24,3,5,1,1,1,1,1,1,0,0,0,0,0,0,0
1,48,4,61,7,5,2,4,4,58,2,2,1,1,1,0,1,0,0,0,0,0,1,0,1
4,11,5,14,1,2,2,4,5,86,4,2,1,3,1,1,0,1,0,1,1,1,0,0,0
4,36,4,23,3,5,3,0,3,39,3,5,2,1,1,0,0,1,0,0,1,0,0,1,0
0,6,2,14,3,1,0,4,0,23,3,1,1,2,1,0,1,1,0,1,0,1,0,0,0
4,72,4,72,7,3,5,4,2,39,3,2,1,1,1,1,0,1,0,0,1,0,1,0,0
4,12,2,21,2,3,2,2,7,28,3,1,1,1,1,0,0,0,1,0,1,0,0,1,0
0,-6,5,-66,5,2,3,2,2,4,1,1,1,1,1,1,0,1,0,0,1,0,1,0,0
2,27,3,60,1,6,3,2,3,30,3,0,0,2,1,0,1,1,0,0,1,0,0,0,0
4,93,2,13,6,3,3,2,6,25,3,4,1,0,0,1,0,1,0,0,1,0,0,1,0
4,18,4,34,5,3,3,5,2,31,3,1,1,0,2,0,1,0,0,0,1,0,0,1,0
4,94,3,168,1,5,3,4,4,84,-1,2,1,2,1,1,0,1,1,0,0,0,0,1,1
4,6,1,108,5,3,0,2,1,26,2,1,2,1,0,1,1,0,0,0,1,0,1,0,0
2,12,2,65,-1,1,3,1,4,52,3,4,1,2,2,1,0,1,0,1,1,0,0,0,1
4,36,4,96,1,0,2,2,3,19,-1,2,2,1,0,0,0,1,0,0,1,0,0,1,0
3,-10,2,20,6,8,2,2,5,23,3,1,2,1,2,0,0,0,0,0,1,0,0,0,0
1,-4,4,111,-3,2,2,4,-1,-3,3,2,1,2,1,0,0,0,1,1,0,1,1,0,1
6,9,2,-10,1,6,5,1,0,27,1,4,0,0,1,1,1,1,0,0,1,0,0,1,0
6,-33,4,15,0,7,0,4,1,50,3,2,1,2,1,0,0,0,0,0,1,0,1,1,0
-1,36,0,20,1,5,3,4,4,3,3,0,1,2,1,0,0,1,0,0,0,1,0,0,1
4,85,2,139,-2,2,2,4,0,26,3,1,1,3,1,0,0,0,0,0,1,0,0,1,0
0,80,2,52,5,5,3,4,2,87,3,4,0,2,1,0,0,1,0,0,1,0,0,1,0
6,12,2,-48,1,0,2,0,3,29,1,1,0,1,0,0,0,0,1,0,1,0,0,0,0
2,12,2,10,-2,7,0,1,1,22,3,0,0,1,1,1,0,1,0,0,1,0,1,0,0
0,-11,-2,18,1,3,3,4,4,37,2,6,2,2,1,0,0,0,0,0,0,0,1,0,1
4,76,2,24,5,6,5,4,-1,25,0,0,1,1,1,0,0,1,0,0,0,0,0,1,0
4,36,2,81,1,3,0,2,2,30,1,0,2,1,1,0,1,1,0,0,1,0,0,1,0
4,60,4,-18,5,5,3,0,-1,46,3,2,1,2,0,0,0,0,0,1,0,0,1,0,0
0,8,4,111,1,5,4,4,4,90,1,2,2,2,2,0,0,0,1,0,1,0,0,0,0
2,42,4,60,1,4,2,1,1,41,0,2,1,1,1,0,0,1,0,0,1,0,1,0,0
1,36,5,20,5,5,0,4,4,40,3,0,1,2,0,0,0,1,0,0,0,0,0,0,1
1,12,5,-26,1,5,3,4,4,66,0,2,1,1,1,0,0,1,0,0,0,0,0,0,0
5,42,4,40,8,0,3,0,3,34,3,1,1,1,1,0,0,1,0,0,1,0,0,1,1
2,103,3,48,-2,0,4,0,2,51,0,5,1,1,2,0,0,1,0,0,1,0,0,1,0
4,94,0,94,5,3,4,2,0,39,3,0,2,1,1,0,1,1,0,0,1,1,1,0,0
2,30,2,38,1,2,4,1,2,10,4,1,1,1,1,0,1,1,0,0,1,1,0,1,0
4,24,-2,104,5,2,2,1,3,0,3,2,1,2,1,0,0,1,0,0,1,0,0,1,1
0,15,2,12,0,0,3,3,2,47,2,1,1,2,1,0,0,1,0,0,1,0,0,1,0
4,-7,2,16,2,6,2,4,2,24,3,1,1,1,2,0,0,1,1,1,0,0,1,0,0
1,24,2,18,1,0,2,4,0,82,3,1,0,2,0,0,0,0,0,1,1,0,1,1,0
1,10,6,23,1,0,3,4,1,52,0,1,1,1,1,0,1,1,0,0,1,1,1,0,0
4,12,4,14,5,6,2,0,1,29,3,5,1,0,1,1,0,0,1,0,1,0,0,0,0
2,18,0,13,-1,2,2,1,0,19,3,2,1,0,0,0,0,1,0,0,1,0,0,1,0
1,18,2,-62,2,4,3,6,0,30,4,1,2,3,1,1,0,1,0,1,1,0,0,1,0
-1,-19,0,-37,1,5,0,3,1,28,0,0,1,1,1,0,0,1,0,0,1,0,0,1,1
4,12,4,109,1,-2,3,4,1,56,3,1,1,1,1,1,0,1,0,0,1,0,0,1,0
1,12,4,14,1,5,3,4,1,83,0,0,1,1,1,0,0,1,0,1,1,0,0,1,0
4,-40,4,118,5,5,5,0,5,33,1,4,2,1,1,0,0,1,0,1,1,0,1,0,1
0,-29,4,36,5,-1,0,4,4,20,3,0,1,1,1,0,0,0,1,1,0,0,0,1,0
5,12,-3,-60,4,5,5,4,0,54,3,1,1,2,1,1,1,1,0,1,1,0,0,1,0
4,12,4,20,8,4,2,2,3,61,0,1,2,1,1,0,0,1,0,1,1,0,0,0,0
4,18,4,26,-1,3,3,4,3,34,3,4,1,1,1,0,0,1,1,0,1,0,0,1,0
4,36,4,23,1,0,3,4,1,36,3,1,2,1,0,0,1,1,0,1,1,0,0,1,0
2,-3,3,71,5,4,3,4,0,36,1,2,2,0,1,1,1,1,1,0,0,0,0,0,0
4,24,2,15,2,0,4,0,5,15,3,1,1,1,1,1,0,1,0,0,0,0,1,0,0
2,36,2,23,1,4,3,4,0,82,3,0,2,1,1,0,0,1,1,1,0,0,0,1,0
4,91,-3,112,1,7,0,2,1,-4,3,1,1,1,1,0,0,1,0,0,1,0,0,0,0
-2,9,4,19,1,4,5,-2,0,35,3,1,2,2,2,0,1,1,0,1,0,0,0,1,0
5,12,7,-36,5,2,4,4,0,26,3,1,1,0,1,0,0,1,0,1,0,0,0,1,0
0,18,-2,65,5,0,3,4,4,-28,1,2,2,2,1,1,0,1,0,0,1,0,0,0,1
2,12,2,-13,1,4,3,2,5,32,4,1,1,2,2,0,0,1,0,0,1,1,0,1,0
1,24,5,77,5,2,2,2,0,30,0,1,2,2,2,0,0,1,0,0,1,0,0,1,0
2,-17,2,14,3,5,4,2,6,35,3,1,0,2,1,0,1,1,1,1,1,0,0,1,0
2,-7,3,119,0,5,1,2,-1,31,0,2,0,1,1,1,0,1,0,0,0,1,1,1,0
6,15,6,4,1,5,2,4,2,23,3,4,1,2,1,0,0,0,1,1,0,0,0,1,0
0,18,5,63,1,4,0,3,1,28,0,1,1,1,1,1,0,1,0,1,1,0,1,0,0
4,36,4,79,1,3,2,2,1,76,4,2,0,2,1,1,0,1,0,0,1,0,0,0,1
5,60,2,-49,0,5,4,4,1,-25,3,0,1,1,1,0,0,1,0,1,1,0,0,0,0
-1,48,4,36,5,5,3,1,1,47,0,1,0,2,1,0,0,1,0,0,0,1,0,0,0
1,42,2,125,5,5,0,3,3,113,3,1,1,0,1,0,0,1,0,0,1,0,0,0,1
1,10,4,126,-2,2,2,5,1,27,3,2,2,2,2,0,0,0,1,1,0,0,0,1,0
1,0,4,116,3,3,0,4,3,96,0,2,1,1,1,0,0,1,0,0,1,1,1,1,1
2,12,4,24,-2,4,1,4,3,36,3,4,3,2,1,1,0,1,1,0,1,0,0,0,0
1,21,2,18,0,3,2,2,1,25,3,2,0,0,1,0,0,0,0,0,1,0,0,1,1
-2,24,4,39,1,7,2,6,3,41,3,6,1,2,1,0,1,0,0,1,0,0,0,0,0
4,12,-2,117,1,3,3,2,1,24,4,-1,1,1,1,0,0,1,0,1,0,1,1,0,0
3,10,4,8,1,5,3,4,0,63,0,2,1,2,1,1,0,1,0,0,1,1,0,1,0
2,18,2,19,5,2,2,3,6,27,3,1,1,3,1,0,1,1,0,1,1,1,0,0,1
1,-1,4,21,1,3,3,2,0,30,3,2,1,1,1,1,1,0,0,0,0,0,0,1,0
5,12,2,96,1,3,4,4,0,-14,3,1,1,0,1,0,1,1,0,0,0,0,1,0,0
2,12,0,6,1,3,3,2,3,30,3,1,1,1,1,0,0,1,0,0,1,0,0,0,1
7,-30,4,19,-1,5,0,4,6,34,0,4,1,0,2,0,1,1,0,0,1,0,0,0,0
5,12,4,-42,1,3,2,2,7,29,3,2,1,1,1,0,1,0,1,0,1,0,1,1,1
0,48,4,-53,5,0,2,2,3,24,3,1,0,1,1,0,0,0,0,0,1,1,0,1,0
7,36,3,69,6,3,3,3,-1,80,0,1,1,0,1,0,0,1,0,1,1,0,0,1,1
4,15,5,27,1,2,0,3,2,27,1,2,1,1,1,0,0,1,0,0,1,0,1,0,0
4,18,2,20,7,7,3,0,4,47,0,2,2,1,0,0,0,1,1,0,0,0,0,1,0
4,12,7,-19,8,5,2,2,1,6,0,0,1,0,1,1,0,1,1,0,1,0,1,1,0
4,27,7,-37,4,6,3,2,3,93,3,2,1,1,1,0,1,1,0,0,1,0,0,1,0
2,12,5,139,-1,3,3,3,1,66,-1,1,1,1,2,0,1,1,0,0,1,0,1,0,1
2,70,4,27,5,4,4,0,4,81,1,0,1,2,1,0,0,0,0,0,1,0,0,1,0
7,12,-2,19,1,3,2,2,-1,44,3,1,0,2,0,0,0,1,0,1,0,0,1,0,0
3,6,2,141,4,2,0,2,5,94,3,4,1,1,2,1,0,1,0,0,1,1,0,1,0
5,36,2,111,1,0,5,1,0,30,3,1,1,2,1,0,0,1,0,0,1,0,0,0,0
1,27,2,175,1,3,3,2,3,27,4,1,3,2,1,0,0,1,1,1,1,0,0,0,0
1,18,2,25,1,3,3,2,3,22,-1,6,1,1,1,0,0,1,0,1,1,0,0,1,1
4,21,4,116,5,7,2,4,2,23,3,1,1,2,1,1,0,1,0,0,0,0,1,1,0
2,48,0,36,2,4,3,4,3,30,3,5,1,0,1,0,0,0,0,0,1,0,0,0,0
1,-15,-2,-71,1,5,2,4,4,16,3,-1,0,2,1,1,0,1,0,0,1,0,1,0,0
4,12,4,7,-2,-2,0,3,5,51,3,2,0,2,2,0,0,1,0,0,0,0,0,1,0
5,36,4,54,0,0,4,2,0,28,3,2,1,1,1,0,0,0,0,0,1,0,0,1,0
4,18,4,16,4,5,0,4,3,46,3,2,2,0,1,1,0,1,0,1,1,0,0,1,0
-2,6,5,13,2,5,5,4,4,91,1,1,2,2,1,0,0,1,0,0,0,0,0,1,0
7,10,2,-24,1,3,4,0,0,38,0,1,1,2,2,0,0,1,0,0,0,0,0,1,0
3,36,2,58,1,3,3,1,3,24,3,1,1,2,0,0,1,1,0,0,0,1,0,0,0
2,24,4,78,4,0,2,4,4,29,-1,0,1,2,0,0,1,1,0,0,0,0,0,1,0
2,24,3,-27,-1,4,3,4,3,36,0,6,2,2,1,0,0,1,0,0,0,0,0,0,0
1,12,0,13,1,3,4,4,5,79,3,0,1,1,1,0,0,1,0,0,1,0,0,1,1
6,9,5,13,2,5,3,5,1,109,3,2,2,1,2,0,0,0,0,0,0,0,0,1,0
1,69,0,146,-1,5,4,0,4,45,1,1,2,1,1,0,1,1,0,0,1,0,1,0,0
2,81,-1,-23,2,4,3,6,3,38,1,2,1,0,1,0,0,1,0,0,1,1,0,0,0
5,6,4,101,5,3,5,2,1,7,0,2,0,2,1,0,0,1,0,0,1,0,1,0,0
5,-3,-2,29,6,5,3,6,4,36,3,1,2,2,0,0,0,0,0,1,1,0,1,1,0
4,18,4,11,1,0,0,1,0,16,3,2,1,2,1,1,0,1,0,1,1,0,0,1,0
4,15,2,13,7,4,3,3,2,36,3,2,0,2,1,0,0,1,0,0,1,1,0,1,0
0,10,2,73,1,7,3,4,4,70,5,1,2,3,1,1,0,0,1,0,0,0,0,0,0
4,36,2,9,3,5,3,6,2,36,4,1,0,1,2,1,0,1,0,0,1,0,0,0,0
4,6,2,30,3,3,3,4,3,-11,0,5,0,2,0,0,0,1,0,0,0,1,0,1,0
1,18,2,104,5,-2,2,2,3,33,3,1,1,1,1,0,0,1,0,0,1,0,0,1,1
2,11,0,16,4,2,2,1,-1,20,3,0,1,1,1,0,0,1,0,0,1,0,0,1,0
4,73,2,40,-3,4,2,4,2,25,0,1,2,2,1,0,0,1,0,1,1,0,1,1,0
2,24,4,111,1,5,1,-1,5,77,3,2,1,2,0,0,0,1,0,0,1,1,1,1,1
4,15,0,-36,1,5,3,3,3,33,0,2,2,1,1,1,0,1,1,0,0,0,0,1,1
4,12,2,8,1,3,2,1,1,26,3,1,1,2,1,0,0,1,0,1,1,0,0,1,0
2,-40,3,21,6,1,5,2,-1,34,3,0,2,2,1,0,1,1,0,0,1,0,0,0,1
2,8,6,14,1,6,3,-1,1,33,0,0,2,2,2,0,0,0,0,0,1,0,0,1,0
1,21,3,-39,1,0,0,1,2,125,3,2,1,1,0,0,0,1,0,0,1,0,0,1,1
4,73,1,-63,5,1,2,1,1,53,4,1,1,2,1,0,0,1,0,1,0,1,0,0,1
6,65,6,-30,1,3,1,0,3,42,3,1,2,1,2,0,0,1,1,0,1,0,0,1,0
1,6,4,-41,3,-1,5,4,0,52,3,2,2,1,1,0,0,1,0,0,0,1,0,1,0
4,12,2,20,0,4,3,0,3,31,0,0,2,2,3,0,0,1,0,1,1,1,0,0,0
1,21,4,168,1,5,3,5,0,65,3,4,1,2,1,1,0,1,0,0,1,0,0,0,0
4,36,3,96,1,0,5,1,3,28,0,2,1,1,2,0,0,1,0,1,1,0,0,1,1
0,-20,3,45,1,7,0,0,1,30,2,2,1,0,1,0,0,1,0,0,1,0,0,0,1
1,21,1,16,5,3,3,2,2,40,3,2,2,3,1,1,0,1,0,0,1,1,1,0,1
4,24,5,38,-1,3,3,4,1,113,3,0,0,2,1,0,0,1,0,0,1,1,0,1,0
2,18,-2,9,1,0,3,5,3,82,1,1,2,2,1,1,0,1,0,0,1,0,1,1,1
-1,68,6,14,0,3,3,2,2,31,0,5,1,1,0,0,0,1,1,1,0,0,0,1,0
2,94,0,51,1,5,2,4,4,74,3,1,2,2,1,0,1,1,0,0,0,0,0,0,1
-1,16,4,12,1,1,3,5,0,68,3,3,0,2,1,1,0,1,0,0,0,0,0,0,0
0,12,2,7,2,0,4,1,-1,20,3,1,1,1,1,0,0,1,0,0,1,0,0,1,1
2,18,0,32,1,7,0,4,3,33,1,0,1,2,1,0,0,0,1,0,0,0,0,1,0
4,24,2,46,4,0,5,3,0,112,3,3,0,2,1,1,1,1,0,0,1,0,0,0,1
4,-29,6,38,6,4,3,6,4,34,3,1,2,1,1,0,0,1,0,0,0,0,1,0,1
-2,2,6,39,1,3,4,2,3,36,0,1,2,2,0,0,0,1,0,0,1,1,0,1,1
4,6,2,-22,5,4,4,2,1,29,3,1,1,0,1,0,1,0,0,1,1,0,0,1,0
2,45,2,30,2,3,3,4,2,82,3,0,1,2,1,0,0,0,0,0,0,0,0,1,1
2,-5,4,15,1,5,0,3,3,34,3,0,1,2,1,0,0,1,0,0,1,1,0,0,1
4,-11,4,14,1,3,2,1,5,28,3,5,1,2,2,0,0,1,0,0,0,0,0,1,0
2,12,6,-70,2,2,0,-1,3,27,0,0,1,1,1,1,1,1,0,1,1,0,0,1,1
2,62,2,28,7,5,3,4,4,36,1,1,0,2,2,1,1,1,0,0,0,0,1,1,0
2,18,3,164,1,5,1,3,4,40,3,1,1,2,1,0,0,1,1,0,1,0,1,0,1
4,9,4,9,3,5,3,2,3,88,3,2,1,2,1,0,0,1,0,0,1,1,0,1,0
1,12,2,12,5,3,4,0,1,74,3,1,1,0,1,1,0,1,0,0,1,1,1,1,0
4,27,-2,2,-1,4,3,0,3,26,3,5,1,1,1,0,0,1,0,0,1,1,0,1,0
0,12,2,9,1,4,4,4,2,21,3,1,1,1,1,0,0,0,0,0,0,0,0,1,1
0,12,4,15,0,5,3,5,1,38,4,0,0,1,1,1,0,1,0,0,1,0,1,1,0
4,92,-2,19,1,5,4,4,1,43,3,3,1,2,1,0,0,1,0,1,0,0,1,1,0
0,12,4,14,1,4,3,0,-1,82,3,1,2,1,0,0,0,1,1,0,1,0,0,1,0
5,24,2,66,1,3,4,2,3,21,2,5,0,1,2,0,0,0,1,0,1,0,0,0,0
6,84,2,-8,4,0,3,2,2,-11,3,1,1,1,0,0,1,1,0,1,1,0,0,1,0
4,9,0,-14,5,3,3,4,-1,33,3,2,0,1,1,0,0,1,0,0,1,0,0,0,0
-1,-2,2,38,5,5,2,4,5,45,3,1,1,2,1,0,0,1,0,1,1,0,1,0,0
1,82,0,53,1,1,3,-1,2,50,3,2,1,2,1,0,0,1,0,0,1,0,0,1,1
5,30,4,19,8,0,5,0,0,66,3,1,1,2,0,0,0,1,0,0,1,1,0,0,1
4,36,6,33,-2,5,3,0,4,51,3,0,1,2,1,0,0,1,0,1,1,0,0,1,0
-1,6,4,9,-2,4,0,3,2,39,3,2,1,0,1,0,0,1,0,0,1,0,1,0,0
1,18,0,31,1,4,3,0,0,31,0,1,1,2,1,0,0,1,0,0,1,0,0,1,0
7,36,-2,39,5,3,5,6,1,23,3,1,1,2,2,0,0,1,1,0,1,1,0,1,0
1,24,6,30,5,3,1,2,1,24,3,5,0,2,1,0,0,1,0,0,0,0,0,0,0
-1,10,2,14,0,0,2,6,5,6,3,0,0,2,2,1,0,1,0,0,1,1,1,1,0
2,12,-1,6,1,2,4,1,1,9,1,1,0,1,1,0,1,0,0,0,1,0,0,0,0
0,12,-1,12,5,3,2,4,5,101,1,1,1,2,2,0,0,0,0,0,0,0,1,1,0
4,12,2,114,1,3,3,2,4,30,1,0,1,1,1,0,0,1,0,0,1,0,0,1,0
-2,73,3,30,5,3,3,4,1,5,3,2,2,0,0,0,0,1,0,0,1,0,0,1,0
4,15,2,122,1,3,3,2,0,93,0,5,2,0,1,0,1,1,0,1,0,1,0,1,0
-1,97,0,26,1,3,0,2,3,86,3,2,1,2,1,0,0,1,0,0,1,0,1,1,0
4,12,2,79,1,5,3,4,0,53,3,1,1,2,1,0,0,1,0,0,0,0,0,0,1
4,9,4,15,1,7,4,-1,3,8,3,1,2,1,1,0,1,1,1,1,1,0,0,1,1
1,96,4,-26,1,2,3,1,4,94,1,1,2,1,2,0,0,1,0,0,0,0,1,1,0
3,62,2,42,1,3,3,4,5,92,3,0,1,1,0,0,0,1,0,0,1,0,0,1,1
4,9,2,25,3,5,3,4,4,51,3,1,1,1,1,1,0,1,0,1,0,0,1,0,0
4,12,2,21,2,4,3,0,0,35,4,4,1,2,1,0,0,0,0,0,1,0,0,0,0
2,18,-2,-25,1,3,4,6,1,25,0,4,2,1,1,0,0,0,0,0,1,0,0,1,0
-1,4,0,15,1,4,3,4,0,42,3,3,2,1,0,0,0,1,0,0,1,0,1,0,0
0,-13,-2,-65,1,1,3,6,3,30,2,1,2,0,1,0,0,1,0,1,1,0,0,0,1
2,21,2,28,6,5,1,2,3,61,4,2,1,1,1,0,0,1,0,0,0,0,1,0,1
4,12,0,13,1,3,2,2,2,95,3,2,1,1,2,0,0,1,0,0,0,0,0,0,0
1,30,2,123,1,5,0,-2,-1,8,4,4,2,1,1,0,0,0,1,0,1,0,0,1,0
1,24,2,9,8,5,2,2,3,29,1,1,1,1,0,1,0,1,0,0,1,0,0,1,1
0,-43,2,-3,1,4,3,2,0,17,3,0,2,0,1,0,0,0,0,0,1,0,0,1,0
5,48,5,-19,1,5,3,4,4,80,3,2,2,3,1,0,1,1,0,1,0,0,0,1,1
4,12,-1,12,8,5,4,4,1,27,3,2,1,1,2,0,1,1,0,0,0,0,0,0,0
4,84,1,96,3,3,2,3,-1,2,3,0,2,1,1,0,0,1,0,1,1,0,1,1,0
4,80,2,101,1,0,3,1,0,25,3,4,1,2,2,0,0,0,0,0,1,0,0,1,0
4,12,4,7,1,5,3,4,1,52,3,0,2,1,1,0,1,1,1,0,0,0,0,0,0
0,-13,0,136,2,3,3,1,6,35,1,1,0,1,2,1,0,1,1,1,0,0,1,1,0
0,24,-2,19,6,3,3,2,1,26,3,1,1,1,1,1,0,1,0,0,1,1,0,1,0
4,18,2,4,1,1,2,4,1,22,3,4,1,1,1,0,0,1,1,1,0,0,0,1,1
1,84,4,7,4,4,2,4,-1,39,4,2,1,2,1,1,0,1,0,0,0,0,1,0,0
0,-2,2,23,1,3,4,2,3,46,3,1,1,1,1,0,0,1,0,0,1,0,1,0,0
2,30,-1,22,1,3,2,2,4,24,1,5,1,0,0,1,0,0,0,1,1,0,0,1,1
6,24,3,42,2,3,3,3,2,35,3,4,0,1,1,0,0,1,0,0,1,0,0,1,0
2,-27,2,20,5,4,3,1,-1,24,3,1,1,2,2,0,0,1,0,0,1,0,1,1,0
2,89,4,142,5,6,6,1,1,27,4,1,1,1,0,0,0,1,1,1,1,1,1,0,0
5,24,4,27,1,3,3,2,1,35,3,2,1,1,1,0,0,1,0,0,1,1,1,0,0
4,12,1,21,1,3,1,4,4,8,3,1,1,1,1,0,1,1,0,0,0,0,0,1,1
4,15,2,38,2,2,2,4,3,23,4,0,1,2,1,0,1,0,0,0,1,0,0,1,0
4,84,4,12,6,1,2,4,1,57,3,3,1,2,2,0,0,1,1,0,1,1,1,0,0
1,12,2,17,1,3,3,2,1,27,0,1,3,1,1,1,0,1,1,0,1,0,0,1,0
0,88,4,16,1,-2,0,4,3,55,3,0,0,0,1,1,0,1,0,0,1,0,0,1,0
1,-27,4,53,1,5,3,4,4,86,3,0,1,0,1,1,1,1,1,0,0,1,0,0,0
4,12,4,0,1,5,2,4,4,57,1,3,2,1,2,1,0,1,0,0,1,0,1,0,0
4,10,4,12,1,8,3,4,5,32,3,0,2,1,2,0,0,1,0,0,1,0,1,0,0
-1,-9,2,8,-1,5,3,3,3,8,3,1,2,1,1,0,0,0,0,0,1,1,0,0,1
4,-25,4,112,5,-1,3,4,1,1,3,2,0,1,1,0,0,1,0,0,1,0,0,1,0
4,24,2,15,1,2,0,3,3,-17,2,1,2,2,1,1,0,1,1,1,0,0,0,1,0
4,69,-1,90,1,0,0,6,2,45,3,1,1,2,2,1,0,0,0,0,0,0,0,0,1
4,24,2,10,5,0,0,2,3,25,3,2,0,1,2,1,0,1,0,1,1,0,0,1,0
4,18,-2,27,5,4,3,3,2,32,3,1,1,0,2,0,0,1,0,1,1,0,0,1,0
4,79,4,14,3,4,5,4,3,17,3,0,1,2,1,0,0,1,0,1,0,0,0,1,0
2,48,2,133,1,4,3,4,0,28,3,0,1,1,2,0,0,1,0,0,1,0,0,1,1
5,9,2,158,1,3,4,2,1,32,3,1,2,1,1,0,0,1,0,0,1,0,0,1,0
4,18,4,24,1,3,2,5,3,26,3,4,0,0,0,1,0,1,0,0,1,0,0,1,0
1,12,6,13,0,-1,1,4,2,49,0,4,1,2,1,0,0,1,0,0,1,0,1,0,0
7,6,2,46,1,-2,2,4,2,32,0,4,1,1,2,0,0,1,0,0,1,0,0,0,1
4,24,5,136,2,3,3,4,3,29,0,1,0,2,1,0,1,0,0,1,0,0,0,0,0
5,15,4,-62,4,5,6,5,4,23,0,2,1,2,1,0,1,1,0,1,0,0,0,1,0
4,-30,2,-16,-1,3,3,2,1,50,3,1,1,2,1,0,0,0,0,0,1,0,0,1,0
6,18,1,14,8,4,3,5,5,49,0,1,1,1,1,0,1,1,0,0,1,0,1,1,0
4,15,4,15,-1,6,3,6,6,100,3,0,1,2,1,0,0,1,0,0,1,0,0,1,0
-1,61,4,39,2,2,0,2,-1,37,3,1,1,2,0,1,1,1,0,0,1,0,0,0,0
1,-19,2,-72,1,5,3,3,0,26,3,1,2,1,1,0,0,1,0,0,1,0,0,1,0
2,-38,3,76,7,1,3,4,4,97,3,4,1,2,1,0,0,1,0,0,0,1,0,1,0
2,12,2,11,1,3,2,4,1,99,3,2,2,2,2,0,0,0,0,0,0,0,1,1,0
1,24,3,10,8,2,4,4,0,-5,2,1,2,1,0,0,0,0,0,0,1,0,0,1,1
4,12,6,11,0,3,4,2,1,26,3,1,1,2,2,0,0,1,0,0,0,0,0,1,0
7,36,0,94,-1,7,6,-1,0,107,3,1,1,2,2,0,0,1,1,1,0,1,0,0,1
1,24,4,64,7,5,2,4,4,44,3,2,2,2,2,0,1,1,0,0,0,0,0,0,0
4,42,4,48,6,5,3,4,4,56,3,1,1,0,1,1,1,1,0,0,0,0,0,1,0
4,-1,4,76,5,5,5,2,3,0,0,2,2,1,1,0,0,0,0,1,1,0,0,1,0
4,12,2,47,5,2,2,4,3,20,3,1,1,1,2,0,1,1,0,1,0,0,1,1,0
6,10,4,13,5,5,3,2,2,45,3,1,1,0,2,1,0,0,1,0,1,0,1,1,0
4,109,7,-67,-2,3,5,4,1,18,3,0,1,2,1,0,0,1,0,0,1,0,0,1,0
2,21,6,27,4,4,3,2,3,14,3,2,1,0,2,0,0,1,0,1,1,0,0,1,0
4,78,2,102,9,-2,2,4,1,54,3,4,1,0,1,1,0,1,0,0,1,1,0,0,0
2,36,0,38,1,3,2,1,3,94,3,1,1,2,1,0,0,1,0,0,1,0,0,1,1
3,24,4,13,-1,7,0,4,1,19,1,2,2,1,1,1,0,1,0,1,1,1,1,0,1
1,72,0,10,1,4,3,0,2,49,0,4,1,2,1,1,0,1,1,1,1,1,0,1,0
4,6,2,-62,4,-1,1,2,1,33,3,1,0,1,0,1,0,1,0,0,1,0,1,1,0
4,0,2,101,0,4,2,4,5,24,2,5,1,0,2,0,0,1,1,1,0,0,1,0,0
1,12,2,-10,0,2,4,5,4,33,3,0,1,2,1,0,0,0,0,0,1,0,1,0,1
2,-14,2,12,1,3,2,4,1,80,3,4,1,1,2,0,0,1,0,0,1,0,1,0,1
2,9,2,0,6,6,4,4,0,22,3,1,1,1,2,0,0,1,1,1,0,0,1,0,0
2,48,2,54,5,1,3,4,0,40,1,1,1,2,0,1,0,1,0,0,0,1,0,0,0
4,24,2,138,2,0,0,1,0,25,2,1,3,1,1,0,0,1,0,0,1,0,0,1,0
3,24,2,37,1,7,2,4,4,26,3,0,1,1,1,0,0,1,0,0,1,0,0,1,0
-2,-24,2,138,-1,4,4,-1,3,25,1,0,1,2,1,1,0,1,0,0,1,0,1,0,1
3,4,2,123,5,2,3,0,1,29,3,1,2,1,2,1,0,1,0,0,1,0,1,0,0
-1,36,1,111,-3,5,3,4,3,99,1,1,3,1,1,0,0,1,0,0,1,0,0,1,1
-1,12,2,-39,7,3,3,6,2,38,3,1,2,1,1,0,0,0,0,0,1,0,1,0,0
2,24,2,44,5,7,0,4,2,0,3,1,2,0,1,0,0,1,0,0,1,0,1,0,0
4,12,6,96,1,3,3,2,3,32,3,2,1,1,0,1,0,1,0,0,1,0,0,1,0
5,-11,3,36,1,6,5,4,5,27,3,2,1,0,1,0,0,1,0,0,1,0,1,0,0
0,30,4,42,1,1,-1,0,3,28,4,5,1,1,2,1,0,1,0,0,1,0,0,0,1
0,98,2,19,1,2,4,-1,2,-11,3,1,1,1,1,0,0,1,0,0,1,0,0,0,1
1,24,2,29,7,6,3,1,4,34,3,1,1,2,1,0,1,1,0,0,0,1,0,0,0
1,18,2,27,4,3,3,2,3,84,3,1,1,2,1,0,0,1,0,0,1,0,1,0,0
4,18,6,-49,6,3,2,3,1,36,3,6,1,2,0,1,0,1,0,0,1,0,0,1,0
4,8,4,-35,1,4,3,4,1,39,3,2,1,1,2,1,0,1,1,0,1,0,1,0,0
4,96,4,144,5,5,5,4,2,80,3,1,2,0,1,1,1,1,0,0,0,1,0,1,0
4,24,2,15,4,4,5,3,3,34,3,1,2,0,2,0,0,0,0,0,1,0,0,0,0
4,1,2,45,1,5,3,0,4,3,3,1,1,0,1,0,0,1,0,0,1,0,0,1,0
5,6,-1,11,1,5,3,4,3,28,3,5,2,1,1,0,1,1,0,0,1,0,0,1,0
-2,24,0,66,1,1,0,4,0,14,3,2,1,2,1,0,1,1,0,0,0,0,0,0,0
0,-39,4,173,-1,3,2,2,1,30,3,0,1,1,1,0,0,0,0,0,1,0,0,1,1
2,60,0,74,2,0,2,2,0,24,0,1,2,1,1,1,0,1,0,0,0,0,0,0,1
1,24,-1,41,1,5,3,4,0,23,0,2,2,0,1,1,0,0,0,1,0,0,0,1,1
1,6,5,-2,1,5,1,0,4,44,3,1,1,2,1,0,0,1,0,1,0,0,0,0,1
0,13,4,21,7,2,2,4,2,23,3,1,1,3,0,1,0,0,0,0,1,1,1,0,0
1,15,2,13,6,3,4,2,3,24,3,1,1,1,1,0,0,1,1,0,0,0,0,1,1
1,111,2,-41,1,3,5,4,2,28,3,1,1,1,1,0,1,1,0,0,1,0,0,1,0
5,72,5,-35,1,6,1,2,3,31,3,1,0,2,1,1,0,1,0,1,0,0,1,0,0
2,-11,-1,57,1,8,2,4,4,84,3,0,1,2,1,0,0,1,0,0,0,0,0,0,0
1,-4,0,36,1,-2,2,0,3,26,3,1,2,1,1,0,0,1,0,1,0,0,0,0,0
2,18,5,32,-2,6,4,3,1,87,0,1,1,1,0,0,0,0,0,1,0,0,1,1,0
2,18,2,44,1,0,3,-2,1,33,1,1,2,2,1,0,0,0,1,0,1,1,0,0,0
3,10,2,39,1,2,3,0,2,37,3,1,2,1,3,1,1,0,0,0,1,0,0,0,0
4,81,-1,15,1,3,4,2,0,43,3,0,0,1,1,0,1,1,0,0,1,0,1,0,0
0,1,5,9,1,2,0,4,1,23,3,2,0,1,1,0,1,0,0,0,1,0,0,1,0
2,-12,-2,38,3,1,4,4,5,23,3,5,1,1,3,0,0,1,0,1,0,1,0,0,0
4,6,3,1,2,3,3,2,1,74,3,2,3,1,1,1,0,1,0,0,0,0,1,1,0
0,9,-3,11,4,5,0,3,4,32,3,2,2,1,1,0,0,0,0,0,1,0,0,0,1
4,70,4,12,7,5,0,0,1,23,3,1,1,2,1,0,0,1,1,1,0,0,0,1,0
0,9,2,10,1,6,2,2,3,29,3,4,1,1,2,0,0,1,1,0,1,0,1,1,1
4,18,4,32,7,1,3,4,4,38,3,1,2,2,1,0,1,1,0,0,0,0,0,0,0
1,12,0,62,-2,3,3,2,2,-24,0,2,0,0,0,0,0,1,0,1,1,0,1,0,1
6,-38,2,7,-1,7,4,4,4,46,3,1,1,2,0,0,1,1,1,1,0,0,0,1,0
2,24,5,12,1,0,0,2,5,11,0,1,1,1,0,1,1,1,0,0,1,0,0,0,1
4,12,4,23,5,5,3,4,5,-9,0,1,1,2,1,1,0,0,1,1,1,0,0,1,0
6,36,4,104,1,6,3,2,3,26,3,2,1,2,0,0,0,1,0,0,1,0,0,0,1
4,-23,2,8,-1,3,4,4,1,100,3,1,0,0,1,0,0,1,0,0,1,0,1,1,0
1,30,2,0,1,-2,0,4,1,-4,3,1,1,2,2,0,0,1,0,1,0,0,0,1,1
2,79,2,107,5,3,3,4,5,61,-1,1,1,2,2,0,0,0,0,0,0,0,0,1,0
3,12,2,34,5,5,3,3,3,8,3,1,1,1,1,0,0,1,0,1,1,0,0,0,0
3,12,3,174,1,3,2,2,3,36,2,4,1,2,1,1,0,1,1,0,1,1,0,1,0
4,6,2,106,1,3,4,2,2,96,0,1,1,1,2,0,0,1,0,1,0,0,0,1,0
1,18,2,25,7,8,3,1,3,12,3,0,1,1,2,0,1,1,0,0,1,1,0,0,1
0,12,2,15,1,-2,5,4,3,36,3,6,1,2,1,0,1,1,0,0,1,0,0,0,0
4,-5,4,38,0,-1,3,1,3,-2,3,4,0,1,1,0,1,1,0,0,0,0,0,1,0
1,18,2,36,5,2,5,4,3,18,3,1,1,1,1,0,0,1,0,1,0,0,0,1,0
1,36,2,34,1,5,3,2,3,42,3,1,2,1,1,0,0,1,0,0,0,0,0,1,1
0,18,2,30,1,4,5,4,1,40,0,0,0,1,1,0,0,1,0,0,0,0,0,1,0
4,36,2,31,5,3,3,5,1,36,3,1,1,2,1,1,1,1,0,0,1,0,1,1,0
4,18,4,61,1,5,3,4,3,33,3,2,0,2,1,1,0,1,0,0,1,0,0,1,0
4,10,-1,21,1,2,2,3,1,23,3,2,1,2,1,0,1,1,0,1,1,0,0,1,0
4,48,1,77,1,4,2,0,4,37,3,6,1,1,1,0,0,0,0,1,0,0,0,1,1
6,18,3,23,6,7,4,0,1,34,3,2,1,1,1,0,0,0,1,1,1,0,0,1,0
4,7,0,111,5,5,3,4,4,36,3,1,1,1,1,0,0,1,0,0,0,0,0,1,0
4,6,4,-13,5,6,5,4,5,52,0,2,1,1,1,1,0,1,0,0,1,1,0,0,0
1,20,2,98,0,9,3,4,3,39,3,1,1,2,1,0,1,1,0,0,1,1,0,1,0
4,63,2,-15,0,4,2,4,2,25,4,-1,1,1,0,1,1,0,0,1,0,1,0,1,0
3,84,2,160,1,-1,3,1,6,26,3,0,2,1,1,1,1,1,0,0,1,0,1,0,0
4,30,3,-59,2,3,5,0,2,26,5,0,1,1,1,0,0,1,0,0,1,0,1,1,0
4,18,4,22,1,0,2,1,3,89,3,0,2,1,1,1,0,1,0,0,0,0,0,1,0
7,73,2,11,0,2,2,0,6,21,3,1,1,2,2,1,0,1,1,1,0,1,0,1,0
0,70,4,-19,6,0,3,4,6,-4,3,2,1,2,1,0,0,1,0,1,1,0,0,0,0
2,-21,-1,23,3,5,5,4,3,27,0,1,1,1,1,1,0,1,0,1,1,0,0,1,0
4,9,2,105,9,4,0,2,3,-14,3,2,2,1,1,0,0,1,0,0,1,0,0,1,0
4,18,0,18,1,7,4,2,2,30,3,1,1,2,1,1,0,1,1,0,1,0,0,0,0
2,12,2,10,4,2,0,4,1,19,0,1,1,1,2,0,0,1,0,1,0,1,1,0,0
1,36,2,32,1,4,4,6,4,17,1,1,2,2,1,1,0,1,0,0,1,0,0,0,0
-1,64,4,111,1,-1,4,4,3,31,3,1,2,3,1,1,0,0,0,0,1,0,0,1,0
4,9,4,135,0,-1,4,3,3,31,3,1,1,1,1,0,1,1,0,0,1,1,0,0,0
1,12,5,-46,1,1,2,4,4,55,3,1,1,1,1,0,0,1,0,0,0,0,0,1,0
0,36,4,23,1,0,6,6,2,46,3,2,0,2,1,0,0,0,0,0,1,0,0,1,0
4,-14,2,12,0,5,1,1,1,46,0,2,1,1,1,0,0,0,0,1,0,0,0,0,1
4,24,4,-35,4,5,2,7,1,108,3,2,2,1,1,0,0,1,0,0,0,0,1,0,0
0,18,4,15,1,2,4,4,1,92,3,1,1,2,0,0,0,1,0,0,1,0,0,1,0
2,18,4,19,5,0,4,4,1,28,1,2,0,1,2,0,0,1,0,0,1,0,0,1,0
-1,24,3,86,1,0,3,2,0,27,1,2,1,2,1,0,0,1,0,0,1,0,0,1,1
4,14,3,8,1,3,3,2,3,27,3,5,0,1,2,1,0,1,0,0,0,0,1,0,0
2,18,3,29,5,7,5,4,3,43,0,1,2,2,1,1,0,1,0,0,1,1,0,1,0
4,24,2,20,1,-2,4,0,2,9,3,1,1,2,1,0,0,1,0,0,1,0,0,0,1
-1,24,4,-42,5,4,3,5,3,43,3,2,2,0,2,0,1,1,0,0,1,0,0,0,0
1,15,2,11,1,2,4,2,1,27,3,1,1,2,2,0,0,1,0,0,1,0,0,1,0
4,24,2,-1,3,0,5,2,6,81,3,1,1,2,0,0,0,0,0,0,1,0,0,0,0
5,100,4,9,3,4,4,2,1,28,3,3,1,0,1,1,0,1,0,0,1,0,0,1,1
4,24,5,-77,1,5,0,6,3,11,0,0,1,2,1,0,0,1,1,1,0,0,0,1,0
4,33,4,73,1,0,3,2,3,35,3,5,2,2,1,0,0,1,0,0,1,0,0,0,0
4,-15,4,23,-1,1,3,-1,3,42,2,2,0,0,1,0,0,1,0,0,0,1,0,1,1
4,10,2,-39,3,0,0,4,4,40,3,1,2,1,0,1,0,0,0,1,0,0,1,0,0
1,-4,2,14,5,0,6,2,6,35,3,1,0,1,1,1,1,1,0,0,0,0,0,0,1
0,75,4,58,8,5,3,2,2,35,3,2,2,2,0,0,1,0,0,1,1,0,0,1,0
1,12,2,-26,1,2,3,0,1,33,3,4,0,1,1,1,0,1,0,0,1,0,0,0,1
1,-19,3,85,0,0,2,2,0,23,3,2,1,2,2,0,0,1,0,1,0,0,0,0,0
4,21,2,28,3,4,2,2,3,31,1,0,1,1,1,1,0,1,0,1,1,0,0,1,0
2,-7,-2,10,5,3,2,2,2,-9,3,1,2,1,0,1,1,1,0,0,1,0,0,0,1
4,15,-2,32,4,4,2,3,3,20,3,1,1,2,1,1,0,1,0,1,0,0,0,1,0
7,12,2,-33,5,-1,3,0,3,77,3,1,1,0,1,0,1,1,0,0,1,0,0,1,0
2,12,4,10,1,4,3,3,0,47,3,2,2,1,0,1,0,0,0,0,1,0,1,0,0
4,64,4,16,2,4,3,3,4,34,3,0,1,1,1,0,0,1,0,0,1,0,0,1,0
2,12,4,154,5,5,5,2,2,-29,1,0,1,2,1,0,0,1,1,0,1,0,0,0,1
-1,18,2,28,1,0,0,0,3,21,3,1,1,2,0,1,1,1,0,1,1,0,0,1,0
4,28,5,27,1,0,3,2,0,29,3,2,2,1,2,0,0,1,0,1,0,0,0,1,0
4,63,4,11,4,6,0,3,1,-4,4,2,0,2,2,1,0,1,0,1,1,0,0,1,0
4,9,0,13,1,5,3,4,0,20,3,1,0,1,0,1,1,0,0,0,1,1,0,1,0
-1,18,-2,12,1,1,2,4,0,55,5,0,2,1,0,0,0,1,0,0,0,1,0,0,1
6,-16,2,132,1,-3,3,0,1,74,0,1,1,0,2,0,0,1,0,0,1,0,0,0,0
1,70,5,19,1,1,3,4,6,89,3,3,1,2,2,0,0,1,0,0,0,0,0,0,0
4,-31,7,21,1,3,0,2,1,8,3,2,1,2,0,0,0,1,0,0,1,0,0,0,0
1,-27,5,21,1,0,3,0,0,89,3,1,1,1,2,1,0,0,0,0,1,0,1,1,0
2,12,2,15,5,3,4,5,0,25,3,1,1,2,0,0,0,1,0,0,1,0,0,1,1
4,6,2,7,3,4,4,5,1,17,3,1,1,1,1,0,0,0,0,1,0,0,1,0,0
4,70,4,-47,4,5,2,4,1,37,3,5,3,2,1,1,0,1,0,0,1,0,0,0,0
6,42,5,146,-1,7,3,-1,0,-19,3,2,2,1,1,0,0,0,1,0,0,1,1,0,0
3,12,1,6,1,2,0,1,1,26,3,4,1,2,0,0,0,0,0,0,1,1,0,0,1
4,79,2,19,1,-1,3,4,3,39,3,1,0,2,1,1,0,1,0,0,1,0,1,0,0
1,12,2,16,1,3,2,3,2,30,3,1,2,1,1,0,1,0,1,0,1,0,0,1,0
2,20,4,26,1,3,-1,3,3,84,1,2,1,2,1,0,0,1,0,0,1,0,0,1,0
4,12,2,-24,5,5,3,4,0,41,0,1,2,1,0,0,0,1,1,0,1,0,1,0,1
2,48,4,51,1,3,2,3,3,30,4,1,2,0,1,0,0,0,1,0,1,0,0,0,1
4,9,4,12,0,5,-1,4,2,41,3,2,1,3,1,0,1,1,0,0,0,0,1,0,0
1,36,-1,173,1,7,4,4,3,34,3,1,1,2,1,1,0,0,0,0,1,1,0,1,1
2,7,2,112,1,3,3,2,1,95,3,1,2,1,0,0,0,0,0,1,1,0,0,1,0
0,12,2,14,5,5,2,4,1,55,0,1,1,2,1,0,0,0,0,0,1,0,0,0,0
2,15,3,15,4,9,4,3,2,4,2,2,1,1,2,0,0,1,0,0,1,0,1,1,1
-1,6,-1,99,1,3,2,1,1,85,3,1,1,0,1,0,0,1,0,0,1,1,0,1,0
0,12,0,-22,1,5,6,4,2,34,3,2,2,1,0,0,0,0,0,1,1,0,0,1,0
4,24,5,27,1,5,3,4,3,82,3,1,1,2,1,0,1,1,0,1,1,0,0,1,0
1,-25,4,48,1,6,3,0,2,31,3,1,1,2,1,1,1,0,1,0,1,0,0,1,1
4,24,2,27,1,5,5,1,4,-3,4,4,1,2,1,0,1,1,0,0,1,1,1,0,0
1,11,4,147,1,3,3,0,0,36,3,2,0,0,1,0,0,1,1,1,0,0,0,1,0
1,-8,2,119,1,0,3,4,4,106,3,1,2,2,0,1,1,1,1,0,0,0,0,1,1
1,-3,2,156,1,7,2,0,1,114,0,1,1,1,1,0,0,0,0,0,1,0,0,1,0
4,18,2,125,1,2,3,2,3,32,3,1,1,2,1,0,0,1,0,0,1,0,0,0,0
1,36,2,36,1,-1,3,6,0,37,3,0,2,1,1,1,0,0,0,0,1,0,0,1,0
6,15,-2,17,1,2,4,3,1,36,3,1,1,1,1,1,0,1,1,0,0,0,0,0,0
2,12,2,-76,1,2,2,5,5,34,3,1,1,2,0,0,0,1,1,1,0,0,0,0,0
2,12,-1,8,5,5,0,6,-1,38,3,4,2,2,1,1,0,1,0,0,1,0,0,1,0
4,18,6,-76,1,4,0,0,4,80,2,2,1,0,1,0,1,1,1,0,1,0,0,1,0
1,24,6,134,1,3,0,4,4,63,3,1,0,2,0,0,1,1,0,0,1,0,1,1,0
1,1,3,17,1,2,0,2,3,80,3,1,1,2,1,0,1,1,0,0,0,0,1,0,1
4,48,3,72,0,5,3,3,0,32,1,2,2,1,1,0,0,1,0,1,0,1,1,1,0
6,-12,3,28,1,3,6,2,3,26,3,2,1,2,1,0,0,1,0,0,1,1,0,1,0
0,24,3,47,1,0,-1,5,5,35,3,2,1,2,1,1,1,1,1,0,1,0,1,0,0
2,63,-2,-40,2,2,4,2,3,87,3,1,1,2,2,0,0,1,0,1,0,0,0,1,1
-1,6,2,4,1,7,2,-1,2,12,3,4,0,1,0,0,0,1,0,0,1,0,0,0,1
1,65,2,7,1,3,0,3,3,28,3,1,1,1,1,1,0,1,0,0,1,0,1,0,1
-2,6,2,144,5,1,3,4,6,36,3,1,2,2,0,0,1,1,0,0,1,0,0,0,0
2,18,-3,12,1,0,4,2,3,33,0,1,1,2,1,1,0,1,0,0,1,0,0,1,1
4,-12,0,31,1,2,2,4,2,26,3,1,1,1,1,0,0,1,0,1,0,0,0,0,1
4,39,2,26,3,3,3,4,3,15,3,1,0,0,1,0,1,1,0,0,1,0,1,1,0
3,24,-1,52,1,5,0,2,3,25,1,1,1,2,1,0,0,0,1,0,1,0,1,1,0
2,12,2,119,2,-1,3,4,1,39,3,1,1,1,1,0,0,0,0,0,1,0,1,1,0
1,15,4,15,1,5,3,-1,3,44,4,2,2,2,1,0,0,1,1,0,1,0,0,1,0
2,12,4,-34,1,7,2,6,1,23,3,1,1,1,2,0,0,1,0,0,1,0,1,1,0
5,24,2,12,-3,2,3,1,2,26,3,1,1,1,0,1,0,1,1,0,0,0,0,1,0
1,-21,2,-35,5,5,2,0,2,17,3,2,0,0,1,0,0,1,1,1,0,0,1,1,0
4,15,3,10,4,4,2,2,6,30,3,2,1,1,2,0,0,1,0,0,0,0,0,1,0
4,12,4,12,3,0,3,4,1,44,0,1,1,2,0,1,0,1,0,0,1,1,1,0,0
5,6,-1,12,1,5,3,4,2,92,3,5,1,2,2,1,1,1,0,0,1,1,0,0,1
0,12,2,31,7,3,0,4,0,6,3,4,1,2,2,0,0,1,0,0,1,0,0,1,0
4,24,2,38,1,-3,2,6,4,62,3,0,1,2,0,1,0,0,1,1,0,0,0,1,0
4,60,-1,14,2,3,3,2,1,35,3,1,1,0,0,1,1,1,0,1,0,0,1,0,0
4,6,2,129,1,3,3,3,2,26,0,1,0,1,1,1,0,0,1,1,0,1,0,1,0
4,12,4,19,5,5,4,2,5,26,3,2,1,0,1,0,0,1,1,0,0,0,0,1,0
5,27,0,83,1,0,4,4,0,42,3,0,1,2,2,0,0,1,1,0,0,0,0,1,1
4,100,-1,12,2,3,-1,1,2,27,3,2,1,1,1,0,0,0,0,0,1,0,1,1,0
2,6,4,-36,5,5,0,4,2,38,3,1,1,1,1,1,0,1,0,0,1,0,0,1,0
6,12,-2,21,1,3,0,2,5,123,3,0,0,0,2,1,0,1,0,1,0,1,1,0,0
1,-41,2,30,5,3,4,5,3,20,3,1,1,1,1,0,0,1,0,0,0,0,0,0,1
5,36,2,90,8,2,3,1,4,118,3,0,1,0,0,0,0,0,0,1,1,0,0,0,1
4,61,4,-30,0,4,3,3,2,18,3,0,1,1,2,0,0,1,0,0,1,0,0,1,0
2,-6,2,97,7,8,4,2,0,32,3,1,1,3,1,0,0,0,0,0,1,0,1,0,0
3,6,4,13,7,5,4,4,3,28,3,4,2,2,1,1,0,0,0,0,1,0,0,1,0
1,-31,2,31,6,2,2,1,2,27,3,-1,1,1,1,1,0,1,0,0,1,0,1,0,1
1,36,5,55,1,5,0,4,5,42,3,1,2,1,1,0,1,1,1,0,0,0,0,1,0
0,3,2,11,2,7,6,4,1,-8,3,4,0,1,1,0,0,1,0,0,1,0,0,1,0
-1,82,4,12,2,2,3,4,4,106,1,2,2,0,1,0,1,1,0,0,0,0,0,0,1
1,-15,0,12,-1,2,4,4,2,24,3,1,1,1,0,0,0,1,0,1,0,0,0,1,1
4,63,2,13,-3,3,3,4,-1,27,3,1,2,1,1,1,1,0,0,1,1,0,1,0,1
6,73,5,-18,3,6,3,6,5,36,3,5,1,2,1,0,0,1,0,0,1,0,0,1,0
2,15,0,68,6,1,3,2,2,9,5,0,2,0,1,1,0,1,1,0,1,0,0,1,1
4,81,0,14,1,0,4,2,2,90,0,1,1,1,2,0,0,1,0,0,1,0,0,0,0
4,39,2,86,2,5,0,2,3,96,3,1,1,2,1,0,1,1,0,0,1,0,1,0,0
1,-24,2,8,1,4,5,2,1,26,3,1,0,1,1,1,0,1,0,0,1,1,1,1,1
4,36,2,2,1,3,5,2,4,7,3,1,1,2,1,0,1,1,0,0,0,0,0,0,0
3,15,2,-33,1,4,3,4,2,9,3,0,1,0,2,0,1,1,0,1,0,0,1,1,0
2,-14,3,6,1,3,4,0,5,20,3,2,1,1,2,0,0,0,1,1,0,1,0,1,0
4,24,2,23,5,0,3,1,0,54,0,1,1,1,1,1,0,1,0,0,1,0,0,1,0
1,6,4,161,1,0,2,-1,2,37,-1,4,1,2,2,1,0,1,0,0,1,0,0,0,0
0,6,4,14,7,6,5,4,5,110,0,5,2,1,0,1,1,0,0,0,1,0,1,0,0
-1,36,4,128,1,2,2,4,2,23,3,0,1,2,0,0,0,1,0,0,0,0,0,1,1
-1,6,2,12,8,5,3,0,2,102,3,1,1,2,0,1,0,0,0,0,1,0,0,1,0
4,80,4,7,0,5,3,4,-1,36,3,0,1,1,0,0,1,1,0,0,0,0,0,0,0
4,81,4,-47,1,5,3,4,0,44,4,2,1,1,1,0,0,1,0,0,1,0,0,1,0
1,99,2,-23,0,5,2,2,0,122,3,4,1,1,2,0,1,1,0,1,1,0,0,1,1
1,48,0,71,6,3,3,4,4,86,3,2,2,0,1,0,0,1,0,0,0,0,0,0,1
5,24,0,35,2,4,2,4,-1,23,4,1,1,1,1,0,1,0,0,0,1,0,1,1,0
-2,18,2,11,1,5,2,4,1,11,3,0,2,2,1,1,0,0,0,0,1,0,1,0,0
2,-40,2,80,1,2,3,3,3,30,0,0,1,1,1,0,0,1,0,0,1,0,0,0,0
0,-9,4,15,0,3,2,3,3,31,3,1,1,1,1,0,1,1,0,0,1,1,0,1,0
4,4,4,15,0,4,4,4,4,79,0,2,2,1,1,0,0,1,0,1,1,1,1,0,0
1,36,2,23,1,3,0,4,3,31,3,1,2,0,1,0,0,1,0,0,0,0,0,1,1
1,6,2,-50,1,2,3,-1,0,41,3,1,0,2,1,1,0,1,0,0,0,0,1,0,0
5,36,0,23,1,8,3,1,3,-22,3,0,2,1,2,0,0,0,0,0,1,0,0,1,0
2,15,6,26,0,0,2,6,0,-18,3,4,2,0,1,1,0,1,0,0,0,1,0,0,1
4,12,3,15,1,5,4,4,5,41,3,1,2,1,1,1,1,1,0,1,0,0,1,1,0
4,24,2,13,0,4,4,3,2,26,3,1,1,2,0,0,0,1,0,0,1,0,0,1,0
4,24,2,-35,0,0,3,2,3,-6,3,5,2,1,1,0,0,1,0,1,1,0,0,1,0
5,74,4,23,1,2,1,1,3,33,3,1,2,1,1,0,0,1,0,1,0,1,0,1,1
1,66,2,-43,5,0,2,4,2,-9,3,1,1,0,0,1,0,1,0,0,1,0,0,0,0
2,18,4,36,1,-1,2,0,4,37,4,1,1,2,1,0,0,1,0,1,1,0,0,1,0
0,48,2,78,1,-1,0,0,0,83,4,5,1,1,1,1,1,1,0,0,1,0,0,0,1
3,73,2,121,1,5,2,5,0,86,2,1,1,2,0,0,0,1,0,0,1,1,1,0,0
2,12,2,15,7,2,4,1,1,103,3,0,1,1,1,0,1,1,0,1,0,0,0,1,1
4,24,3,20,1,5,3,4,0,60,3,4,1,2,1,1,0,0,0,0,1,0,0,0,0
1,30,4,64,5,5,3,4,2,31,4,4,0,2,1,1,1,1,0,1,1,0,0,1,1
3,18,2,29,1,3,0,1,1,-5,3,1,2,0,1,1,0,0,0,0,1,0,1,0,1
4,67,-3,13,1,5,3,0,-1,61,3,2,1,0,1,1,0,0,0,0,0,0,1,0,0
0,24,3,13,1,1,3,2,1,43,3,2,2,2,1,1,0,1,0,0,0,1,1,1,1
4,-37,4,135,1,6,5,4,3,37,3,0,1,2,1,0,0,1,0,0,1,0,1,1,0
4,24,2,-41,1,4,3,0,0,13,1,1,2,1,1,0,0,1,0,0,1,0,1,1,0
1,12,1,6,1,3,2,4,1,24,1,5,2,1,1,0,0,1,0,0,1,0,0,0,1
4,48,4,89,5,6,3,1,4,74,0,2,2,2,1,0,1,1,0,0,0,1,1,0,0
0,12,-1,10,5,4,2,0,1,-1,3,5,2,0,2,0,0,1,0,0,1,1,1,1,0
4,6,1,18,3,-1,0,4,5,45,1,1,2,1,1,0,0,1,1,0,1,0,1,0,0
1,48,2,70,1,-1,4,1,1,108,3,2,1,2,2,0,0,0,0,0,1,0,0,1,1
0,12,4,20,-3,2,3,4,3,80,3,5,0,0,1,1,0,0,0,0,1,0,0,1,0
2,9,2,12,1,7,4,4,2,81,0,2,2,2,1,0,0,0,0,0,0,0,0,0,0
0,0,2,179,1,2,3,4,3,22,2,1,2,1,1,0,0,1,0,1,0,0,0,1,1
2,18,0,23,2,2,2,3,5,-4,-1,2,1,1,1,1,0,1,0,0,1,0,0,1,1
4,62,-2,50,5,-1,2,5,2,29,1,2,1,2,1,1,0,1,0,0,1,0,0,0,1
1,24,1,-41,0,4,0,0,3,27,0,1,0,1,2,0,1,1,1,0,0,0,0,1,1
2,0,4,19,1,2,3,2,1,31,3,2,2,0,1,0,1,1,0,0,1,0,0,0,1
1,-36,2,30,5,7,3,6,-1,49,0,0,2,2,1,0,1,1,0,0,0,0,0,0,0
1,79,1,150,1,4,4,4,3,24,1,1,1,2,1,0,1,0,0,1,0,0,1,1,1
3,73,-1,-1,1,2,0,0,5,78,4,1,1,2,1,0,1,1,1,0,1,0,0,1,0
2,24,3,47,-1,6,3,2,2,37,1,2,1,2,1,0,0,1,0,0,1,0,1,0,0
5,24,3,16,6,4,0,2,2,23,3,5,1,0,1,0,0,1,1,1,0,0,0,1,0
1,2,2,14,5,4,1,3,0,36,3,5,0,0,1,1,0,1,0,0,1,0,0,1,1
4,24,4,26,4,8,3,2,3,34,3,1,1,1,1,0,0,1,1,0,1,1,0,0,0
2,-5,2,40,5,4,5,-1,0,41,3,2,0,2,1,0,1,1,0,0,0,1,1,0,0
1,48,2,68,1,6,2,2,5,31,3,1,1,2,1,0,0,1,0,0,1,0,0,1,1
0,24,5,32,1,2,2,4,1,0,3,1,1,0,2,0,1,1,0,0,0,0,1,0,1
4,30,4,118,1,4,3,2,0,38,0,1,0,1,1,0,0,1,1,0,1,0,0,1,0
6,24,5,54,5,1,2,4,2,26,3,1,0,2,1,0,1,1,0,1,0,0,0,1,0
0,104,4,8,7,3,6,4,0,22,3,1,1,1,1,0,1,0,0,0,0,0,1,0,0
0,81,2,11,-1,5,3,4,3,27,3,2,1,2,2,1,0,1,0,0,1,1,1,0,0
4,104,4,28,1,5,2,3,4,24,0,2,1,1,1,1,0,0,1,1,1,0,0,0,0
2,12,2,29,9,0,2,1,1,27,3,1,1,1,0,0,0,1,0,0,1,0,0,1,0
-1,24,4,19,5,3,2,0,5,33,3,2,0,0,1,0,0,0,1,0,1,0,0,1,0
5,36,4,109,1,2,1,4,0,27,3,2,1,2,1,1,0,1,1,1,1,0,0,1,1
5,24,2,9,1,2,4,3,3,27,3,2,1,1,1,0,0,1,0,0,1,1,1,0,0
2,18,0,-76,1,5,3,3,1,89,1,2,0,1,1,1,0,1,0,0,1,0,1,1,1
-1,12,-2,31,-1,2,4,0,0,49,1,2,2,1,1,0,0,1,0,0,0,0,1,0,0
0,9,2,14,8,3,2,4,1,26,0,1,1,1,1,0,0,1,0,1,0,1,0,1,0
2,-39,6,143,6,6,3,4,0,33,4,0,1,1,1,0,0,1,0,1,0,0,1,0,1
4,12,2,21,5,6,2,-1,4,52,3,4,1,2,2,1,0,1,0,0,0,1,0,0,0
1,18,2,-29,1,3,2,4,1,20,1,1,1,1,2,1,1,1,1,1,1,0,0,1,1
0,9,4,28,8,3,6,0,1,77,3,2,2,1,1,1,0,1,0,1,1,0,0,1,0
1,12,2,141,7,3,3,1,2,21,3,0,2,1,1,0,0,0,0,0,1,0,1,0,0
1,18,2,12,-2,3,4,3,0,102,3,1,1,0,2,1,0,1,0,0,0,0,0,0,1
1,12,4,22,0,5,3,0,0,60,3,2,0,1,1,0,1,1,0,1,1,0,0,1,1
1,12,4,96,1,4,4,0,1,2,3,4,0,2,1,0,0,1,1,1,1,0,1,0,0
0,-33,3,20,7,3,2,4,0,42,3,2,1,2,1,1,0,1,0,1,0,0,1,0,0
-1,105,2,16,7,5,6,4,4,19,1,1,1,0,1,0,0,1,0,0,1,0,1,0,0
2,24,2,27,1,3,2,4,2,20,0,1,2,0,2,1,1,1,0,1,1,1,1,0,1
1,-37,1,14,0,5,3,3,6,40,2,0,1,0,0,0,0,1,1,0,1,0,0,0,1
2,6,0,9,2,2,2,1,2,5,2,1,1,1,1,1,0,1,0,0,1,0,1,1,1
1,97,2,14,1,4,2,6,3,12,3,2,1,1,1,1,0,1,0,1,0,0,0,1,1
4,24,0,42,1,3,3,4,0,16,3,0,1,2,0,1,0,0,0,0,1,0,1,0,1
4,85,4,-45,1,4,4,2,5,31,3,0,1,1,0,1,0,0,0,0,1,0,0,1,1
4,24,3,155,1,3,3,2,4,86,3,5,2,1,1,0,0,1,1,0,0,0,0,0,0
2,79,2,23,1,2,2,1,4,45,3,1,1,1,0,1,0,0,0,0,1,1,0,0,0
2,9,2,9,1,3,4,1,2,30,3,1,0,0,1,0,1,1,1,0,1,1,0,1,1
2,24,1,18,1,4,2,4,4,34,1,1,1,1,1,0,0,1,0,0,0,0,1,0,1
4,36,2,-43,1,8,2,2,-1,28,3,5,1,2,1,0,0,1,1,0,1,0,1,0,1
0,10,5,13,1,2,2,2,2,23,0,1,0,2,1,0,0,1,0,0,1,0,0,1,0
1,24,1,28,6,3,3,4,1,22,2,1,1,2,1,0,0,1,0,1,1,0,0,1,0
4,24,0,45,1,3,5,0,1,10,3,1,1,2,1,0,0,1,0,0,1,0,0,0,0
0,36,2,27,2,7,2,4,4,50,3,1,1,1,1,0,0,1,1,0,0,0,0,1,1
0,74,-1,21,1,2,3,1,1,33,3,1,1,1,1,0,0,1,0,0,0,1,0,1,0
4,69,-1,-33,5,5,3,4,4,9,4,4,2,0,1,0,1,1,0,0,0,0,0,0,0
-1,12,2,7,2,1,2,3,5,101,3,5,3,0,2,0,1,1,0,0,1,0,0,1,1
3,-26,2,-3,0,5,2,4,4,48,3,1,2,1,0,1,0,1,0,0,0,0,0,0,1
6,21,0,-27,-3,2,2,2,3,29,1,4,1,1,1,0,0,1,0,0,1,1,0,0,0
1,24,1,36,1,3,2,4,4,22,1,1,1,2,0,0,1,0,0,1,0,0,0,1,0
0,18,3,18,1,0,5,1,1,22,3,1,1,1,0,1,0,0,1,1,1,0,0,1,1
0,60,3,166,5,6,3,2,4,3,3,1,1,2,0,0,0,0,0,0,0,0,0,0,0
1,84,5,37,1,3,0,7,1,37,3,0,2,1,1,1,1,1,0,1,0,0,0,0,0
-1,30,2,34,2,8,2,6,3,21,3,4,1,1,1,0,0,0,1,1,0,0,0,1,1
4,12,2,6,1,6,1,2,4,49,3,1,1,0,1,1,0,1,0,0,1,1,1,0,0
2,21,4,37,-1,5,3,5,2,79,3,2,3,2,1,1,0,1,0,1,1,0,1,1,0
4,-38,4,158,5,0,3,2,2,32,0,2,1,1,1,1,0,1,1,1,1,1,0,1,1
4,48,4,-69,0,3,0,2,5,38,3,1,1,1,1,0,0,0,0,0,1,0,1,0,1
0,12,2,19,1,2,2,0,3,22,0,1,1,1,1,0,0,1,0,1,0,0,0,0,0
1,77,2,-47,1,0,0,4,5,78,0,2,2,0,1,0,0,1,0,1,0,0,0,1,1
4,-20,5,20,5,5,3,2,3,35,3,1,0,1,1,0,0,1,0,0,1,0,0,1,0
3,-15,2,21,6,3,3,2,-1,41,3,1,1,2,1,0,0,1,0,0,1,0,0,1,0
2,9,6,14,2,5,3,3,4,29,3,1,1,1,1,1,0,1,0,0,1,1,0,0,1
4,87,4,40,3,3,3,4,5,36,3,2,2,2,2,1,0,0,0,0,1,1,0,1,0
4,9,2,38,5,5,3,4,1,-15,3,1,1,0,1,0,0,1,0,0,1,0,1,0,0
0,24,2,37,1,3,2,4,5,28,3,0,1,1,1,0,0,1,0,0,1,1,1,1,0
1,18,1,16,1,3,0,6,3,81,1,1,1,1,1,0,0,1,1,0,0,0,0,1,1
0,15,2,14,0,2,3,1,2,23,0,1,1,1,1,0,0,1,1,0,1,0,1,1,0
4,100,2,-15,1,2,2,2,3,-31,3,2,1,1,1,1,0,0,1,1,0,0,0,1,1
2,24,2,-45,1,-1,2,6,5,25,3,1,1,2,1,1,0,1,0,0,1,0,0,0,1
0,-16,6,14,1,5,3,4,2,47,4,0,2,2,1,0,0,0,0,1,1,0,0,1,0
4,-7,2,14,3,-2,2,1,3,28,3,1,3,1,1,0,0,1,0,0,1,1,0,1,0
6,12,2,15,8,2,5,3,3,34,0,1,2,2,1,0,0,1,0,0,1,1,0,1,0
1,42,3,109,1,4,3,2,2,26,1,2,2,2,2,0,0,0,0,0,1,1,0,1,1
1,18,2,8,6,1,2,1,5,17,0,1,1,2,1,0,0,1,0,0,1,1,0,0,1
2,15,2,13,1,5,3,4,3,38,3,2,1,2,1,0,0,1,0,1,0,0,1,0,0
4,15,4,46,2,3,3,2,0,40,3,1,1,2,1,0,0,1,0,0,1,0,0,0,1
-1,24,4,19,7,4,4,2,6,0,3,2,2,2,1,0,0,0,0,0,1,0,0,1,0
1,18,6,19,1,0,4,0,2,12,3,2,1,2,2,0,1,1,0,1,1,0,0,1,0
4,36,-1,135,5,2,3,4,3,27,3,2,0,2,2,0,1,1,0,1,0,0,0,1,1
1,30,0,46,1,0,1,6,1,32,3,2,2,1,0,0,0,0,0,1,1,0,0,1,0
4,12,2,-41,3,3,2,0,4,103,0,1,1,3,0,1,0,1,0,0,1,0,0,1,1
3,24,4,9,1,4,5,3,4,17,1,1,0,1,1,1,0,1,0,0,0,0,0,1,1
1,12,0,7,1,7,4,5,3,40,3,1,2,1,1,0,0,0,0,1,0,0,0,0,1
1,48,0,75,1,4,0,1,4,50,3,1,1,2,2,0,0,1,0,1,0,0,0,1,0
2,0,2,19,0,3,0,0,2,37,3,1,1,0,1,0,0,0,0,0,1,0,0,0,1
6,24,0,-4,-1,5,3,5,1,-3,3,1,1,1,1,0,0,0,1,0,1,0,0,1,1
2,36,6,-5,0,-3,4,4,3,42,3,0,1,2,0,1,0,0,0,0,0,0,0,0,1
4,24,4,23,1,0,-1,-2,3,35,0,2,1,0,1,0,1,1,0,0,1,0,0,1,0
1,-50,2,40,1,7,3,4,4,22,3,1,1,1,1,1,0,1,0,1,0,1,0,1,0
2,12,2,9,0,7,3,0,3,95,1,1,2,1,1,1,0,1,0,0,1,0,0,0,1
2,30,0,42,-1,-1,2,1,3,28,3,6,0,1,2,0,1,1,0,0,0,0,0,1,0
0,89,4,132,1,0,0,1,4,41,3,0,1,2,1,0,0,0,1,0,1,0,0,1,0
3,63,2,13,1,3,4,4,1,23,4,1,1,0,1,0,0,1,0,1,0,0,0,1,0
1,12,2,9,5,3,0,2,3,123,3,5,1,1,1,1,0,1,0,0,0,0,0,1,1
6,21,2,152,7,0,3,2,1,79,3,2,2,0,0,0,0,1,0,0,0,0,0,1,0
2,6,0,10,1,1,3,1,2,-1,2,2,1,2,1,0,1,1,1,0,1,0,0,0,0
3,6,-2,10,1,3,2,4,2,10,3,0,0,1,1,0,1,0,0,0,0,0,1,0,0
4,24,5,129,1,0,3,2,4,13,3,2,1,2,1,0,0,0,1,0,1,0,0,0,0
2,111,1,35,-2,0,3,0,3,34,2,1,2,2,1,0,0,1,0,0,1,0,0,1,0
4,48,1,36,-1,3,4,0,1,111,3,0,1,2,1,0,0,1,0,0,1,0,0,1,0
1,76,5,159,1,0,3,4,2,43,4,2,1,2,2,1,1,0,1,0,0,0,0,1,1
3,30,5,30,1,5,0,4,2,81,3,1,1,1,1,0,0,1,0,0,1,0,1,0,0
0,24,4,41,2,7,3,0,2,112,0,2,1,2,1,0,0,0,0,0,1,0,1,0,0
4,36,2,57,2,0,3,2,3,31,4,2,2,2,1,0,0,1,1,0,1,0,0,1,0
4,6,0,21,3,3,4,2,0,16,3,1,2,1,1,1,0,1,0,0,1,0,0,1,0
7,-5,3,26,3,-1,0,2,1,41,1,1,2,0,2,0,0,1,0,0,1,0,1,0,1
4,65,4,45,1,5,2,0,3,26,3,0,1,2,1,0,1,1,1,1,0,0,0,0,0
0,24,4,52,0,0,3,4,3,102,3,1,1,2,1,1,0,1,0,0,1,0,0,1,0
0,115,4,56,2,3,4,2,3,24,3,0,1,1,1,0,0,1,0,0,1,0,0,1,1
0,24,2,-31,1,5,3,-1,1,64,1,1,1,1,1,0,1,1,0,1,0,0,1,0,0
0,-25,2,15,0,2,2,1,1,-17,3,4,1,1,1,0,1,1,0,0,0,0,0,1,0
4,6,2,15,-1,2,2,2,0,56,3,1,1,1,1,0,0,1,1,0,0,1,1,1,0
4,63,2,-9,7,3,3,4,4,37,3,1,1,2,1,0,0,1,0,0,0,0,1,1,0
4,15,3,15,6,3,5,3,1,33,0,2,1,0,1,1,0,1,0,0,1,1,1,1,0
4,24,-1,51,-2,2,4,3,4,47,0,3,0,2,0,0,0,1,0,0,0,0,0,1,0
2,64,3,99,2,8,4,0,5,31,3,5,2,2,1,1,0,1,0,0,1,0,1,1,0
4,82,2,65,5,6,3,4,4,16,0,1,2,2,1,0,0,1,0,0,0,0,0,1,0
3,10,-1,13,-2,4,5,2,2,111,3,2,1,2,1,1,0,1,0,0,1,0,0,1,0
-2,36,6,-41,2,5,3,3,4,30,3,5,2,0,1,1,0,0,0,0,1,1,0,1,0
4,81,2,28,8,5,3,4,5,35,-1,1,0,2,1,0,1,1,1,0,1,0,0,0,0
0,12,2,-16,4,3,0,3,2,31,3,1,0,2,1,1,0,0,0,1,1,0,0,1,0
6,15,4,10,0,6,1,3,2,-12,3,2,1,1,1,0,1,1,0,1,1,0,0,1,0
2,15,2,-34,2,3,5,2,1,25,3,1,1,1,1,0,0,0,0,0,1,0,1,0,0
2,24,4,103,5,2,3,1,3,29,3,4,1,1,0,0,0,0,0,0,1,0,0,0,0
0,6,7,47,5,-1,0,3,1,44,3,2,0,1,1,1,0,1,1,0,1,0,1,0,0
-1,113,2,23,1,0,3,2,3,28,0,1,1,2,1,1,0,1,0,0,1,0,0,1,0
4,-25,2,12,3,6,3,4,2,50,3,5,0,0,1,0,1,1,1,1,0,1,0,0,0
-2,12,2,-48,8,4,4,3,1,29,4,2,0,1,2,0,0,0,0,0,1,0,0,1,0
-1,-11,4,9,1,1,5,2,2,38,3,1,1,2,1,1,0,1,0,0,1,0,0,0,0
0,93,6,138,1,6,3,2,3,111,0,2,1,1,1,1,1,1,0,0,1,0,0,1,0
0,15,2,19,1,5,3,5,3,40,3,1,2,2,2,0,0,1,0,1,0,1,0,0,0
4,12,2,11,3,3,2,0,3,29,3,0,1,1,1,0,0,1,0,1,0,0,1,0,1
1,48,5,118,7,5,3,4,4,46,3,2,1,2,2,0,1,1,1,0,0,0,0,1,1
0,0,5,-35,2,5,2,7,4,47,0,1,2,2,2,0,0,1,0,0,0,1,0,1,0
5,30,3,25,2,5,3,2,2,41,2,2,0,1,1,1,1,1,0,0,1,0,1,1,0
0,27,2,25,1,2,2,1,2,32,4,1,2,0,1,0,0,1,1,0,1,1,0,1,0
4,85,2,53,3,5,2,4,5,35,3,1,1,1,1,1,0,1,0,0,0,0,0,1,0
0,48,2,66,2,4,3,2,0,24,3,1,1,1,0,0,0,0,0,0,1,0,0,1,1
2,12,4,133,-2,2,-1,3,5,25,0,2,1,2,0,0,0,1,1,1,1,0,0,1,1
2,9,2,12,1,5,0,4,1,25,3,1,1,1,0,0,0,1,0,1,1,0,0,1,0
2,9,6,21,1,3,5,2,1,37,0,1,2,1,1,0,1,1,0,0,0,0,1,0,0
4,76,4,6,3,5,3,3,2,-25,1,2,3,2,1,0,1,1,0,0,1,0,0,0,0
1,6,1,12,1,5,2,4,4,-19,3,1,1,1,2,0,1,1,0,0,0,1,0,1,1
4,21,2,-44,5,5,3,4,0,46,3,5,2,2,1,0,1,0,0,0,0,0,1,0,0
1,9,4,11,1,3,3,4,1,25,3,2,1,1,1,0,0,1,0,0,1,1,1,1,0
4,30,4,-45,-1,5,3,5,3,63,3,0,1,1,1,0,1,1,0,0,1,0,0,1,0
4,30,4,31,5,-1,3,2,-1,40,3,2,2,0,1,0,0,1,0,1,1,0,0,1,0
4,18,2,102,1,3,5,2,0,18,0,1,1,3,1,0,0,1,0,0,0,0,0,0,0
4,24,4,31,0,3,5,7,3,31,3,2,1,2,0,0,0,1,0,1,1,0,0,1,0
0,20,-1,-51,5,5,4,4,3,31,1,-1,1,2,0,1,1,1,0,1,1,0,0,1,0
3,75,0,-25,0,2,3,2,3,34,3,2,1,3,1,0,0,1,0,0,1,0,0,1,1
2,6,1,4,4,6,4,2,2,24,1,5,2,1,2,0,0,1,1,1,0,0,0,0,1
1,64,2,12,0,-1,2,2,-1,24,3,1,1,2,1,1,0,1,1,0,1,0,1,0,1
-1,9,2,-41,3,3,2,3,1,102,4,5,1,1,1,0,0,1,0,0,1,0,1,0,0
4,27,2,26,1,3,5,3,5,21,3,1,2,1,1,1,0,0,0,1,0,0,0,1,1
4,6,-2,2,5,3,2,4,0,41,1,2,1,1,1,1,0,1,1,0,1,0,0,0,0
4,86,4,13,3,8,4,2,2,47,3,2,2,2,1,0,1,1,0,0,1,0,1,0,0
1,18,2,19,6,0,2,4,3,25,1,2,1,1,1,0,0,0,0,1,0,0,0,1,1
2,48,1,64,6,6,2,4,4,59,3,4,1,1,1,0,0,1,0,1,0,0,0,1,1
3,24,4,13,4,0,1,0,5,36,3,2,1,2,1,0,0,1,0,0,1,0,1,1,0
0,24,3,64,1,2,6,2,3,33,3,1,0,1,1,0,0,1,0,0,1,0,0,1,0
1,-40,2,20,1,0,3,4,1,21,3,1,2,1,1,0,1,1,0,0,0,0,1,0,1
2,-34,2,8,1,7,2,2,1,44,3,5,1,1,1,0,0,0,0,0,1,0,1,0,0
7,24,2,26,-2,3,2,4,3,95,3,1,1,2,0,0,1,1,0,1,0,0,0,1,0
4,4,4,34,1,-1,2,1,1,37,3,0,2,1,2,1,0,1,0,0,0,0,0,1,0
2,36,5,40,5,2,2,2,4,29,1,1,0,1,0,0,0,1,0,1,1,1,1,0,0
7,18,2,123,2,-2,3,0,3,35,3,1,2,2,3,0,0,0,0,0,1,1,1,0,0
4,94,-1,68,6,4,-1,0,4,45,3,2,2,2,0,1,0,1,0,0,1,1,0,0,0
2,-16,-1,97,2,3,2,4,6,26,3,2,2,1,2,0,0,1,1,1,0,0,0,0,1
0,24,-1,-8,2,-1,3,3,0,-7,1,6,0,1,0,1,0,1,0,0,0,0,0,1,0
2,10,1,104,1,3,3,4,1,23,2,1,1,1,1,1,0,1,0,0,1,0,0,1,0
4,21,2,32,5,5,3,-1,2,41,3,4,1,2,1,0,1,1,0,0,1,0,0,1,0
4,24,1,25,3,0,3,4,1,22,2,1,1,2,1,1,0,1,0,0,1,0,0,1,0
1,13,4,18,1,2,0,1,-1,28,0,2,1,1,1,0,0,1,0,0,1,1,1,0,0
1,15,2,25,1,1,2,4,3,23,0,1,0,0,1,1,0,1,0,0,0,0,1,0,0
0,12,2,13,1,2,2,1,4,37,3,1,0,1,2,1,0,1,0,0,1,0,1,0,1
4,21,-2,52,5,7,3,3,0,26,3,1,1,2,1,0,1,0,0,0,1,1,0,1,0
4,15,2,135,1,4,3,2,3,33,3,1,1,1,1,0,0,1,1,0,1,0,0,0,0
0,6,2,-74,1,5,2,1,2,49,1,1,1,2,0,0,0,1,0,0,1,0,1,1,0
1,18,2,132,1,2,2,2,3,23,3,1,2,1,2,1,0,1,0,0,1,0,0,1,1
2,12,2,8,0,-1,2,4,7,23,3,1,1,1,1,0,0,1,0,1,0,1,1,0,0
4,-37,4,58,1,4,2,2,3,25,3,2,1,0,1,0,0,0,0,0,0,0,0,1,0
0,12,-1,-71,4,0,3,4,4,55,0,2,2,1,2,0,0,1,0,0,0,0,1,0,1
1,24,4,108,5,4,2,4,4,32,3,0,1,0,1,1,0,1,0,1,1,0,0,1,1
5,6,4,13,1,0,0,1,1,74,3,0,2,1,0,1,0,1,0,0,1,0,0,1,0
3,-22,4,13,0,3,3,4,6,39,4,2,1,2,1,1,0,1,0,0,0,0,1,1,1
4,24,2,14,0,6,3,2,5,31,3,5,1,3,1,0,0,1,0,0,1,0,0,1,0
1,3,4,7,5,0,3,3,2,0,0,2,2,1,1,1,0,1,1,0,1,0,0,1,1
5,15,4,50,0,5,0,0,0,59,3,1,1,0,0,1,0,1,1,0,1,0,0,1,0
1,-16,4,21,1,0,2,5,1,24,3,2,1,1,1,0,0,1,0,1,0,0,1,1,1
1,12,2,22,1,3,3,3,5,24,3,0,1,1,1,0,0,1,0,0,1,0,1,0,0
7,24,4,25,2,5,4,4,2,86,3,4,2,0,1,1,0,1,0,0,0,0,0,1,0
2,12,2,12,1,5,4,0,1,40,1,2,1,1,1,0,0,0,0,0,1,0,1,0,0
1,30,-1,31,1,2,1,4,2,5,3,1,0,2,1,0,1,1,0,0,1,0,0,0,1
0,10,2,29,5,0,0,4,5,31,3,1,2,1,2,0,0,1,0,1,0,0,1,1,0
2,12,0,36,-1,5,3,-1,3,28,3,3,1,2,1,1,0,0,0,1,0,1,1,1,0
4,12,4,17,1,5,3,0,4,63,3,2,1,2,2,0,0,1,0,0,1,0,1,0,0
1,24,2,28,5,7,2,4,1,26,3,1,2,1,0,0,1,1,0,1,0,0,0,0,0
1,-21,-1,81,1,3,2,5,4,102,0,2,1,2,1,0,0,0,0,0,1,0,0,0,1
4,-29,4,-5,1,0,5,6,3,36,3,1,1,2,2,0,1,0,0,0,1,0,0,0,0
4,24,4,22,6,0,3,4,2,52,3,-1,1,1,1,0,0,1,0,0,1,0,1,1,0
6,-35,4,15,0,1,3,0,4,66,0,3,1,1,0,0,0,1,0,0,0,1,0,0,0
1,68,2,14,5,3,2,0,1,18,3,1,1,2,1,1,1,0,0,1,0,0,0,1,1
5,36,4,35,-2,-1,3,4,3,37,3,2,2,2,1,1,0,1,0,0,1,0,0,1,0
1,83,2,98,8,4,4,1,0,25,3,1,1,2,1,0,0,0,0,0,1,0,1,1,0
5,79,7,-58,5,6,4,4,3,13,4,2,1,2,2,0,1,1,0,0,1,0,0,0,0
2,18,-1,147,6,1,2,4,3,1,0,1,3,2,1,0,0,1,0,0,0,0,1,1,0
2,39,4,-2,8,4,0,2,1,25,3,2,1,0,2,1,0,1,1,0,1,1,0,1,1
4,-25,4,19,4,8,3,-1,4,103,0,1,1,2,1,1,0,1,0,1,1,0,0,1,0
2,12,0,137,1,3,3,0,0,31,0,0,2,2,1,0,0,1,0,0,1,1,1,0,0
2,12,2,-24,2,2,2,2,2,23,1,1,1,0,1,0,1,1,1,0,1,0,1,0,1
2,20,2,65,5,-1,1,4,1,60,0,1,0,2,1,1,1,1,1,0,1,0,0,0,0
2,18,2,19,0,3,3,6,0,35,3,1,1,2,1,1,0,1,1,0,1,0,0,0,0
4,22,2,27,7,5,0,-1,3,40,3,1,1,1,0,1,0,1,0,0,1,1,0,1,0
4,-11,4,109,5,5,3,0,3,38,3,4,2,2,1,0,1,1,0,0,0,0,0,1,0
2,48,3,62,6,0,3,4,4,50,3,0,2,1,2,0,0,1,0,1,0,0,0,1,1
7,-3,-1,118,1,3,3,3,4,27,0,1,2,2,1,1,0,0,0,0,1,0,0,1,1
2,-25,2,12,1,5,2,4,2,39,3,0,2,3,0,0,1,1,0,0,0,0,0,1,1
4,24,2,1,5,5,3,4,3,41,3,1,2,2,1,0,1,1,1,0,1,0,0,0,0
4,6,4,12,5,3,-1,2,5,-6,3,2,1,0,1,0,0,0,0,0,1,0,0,1,0
3,24,2,113,1,6,1,4,4,51,3,-1,1,1,1,0,0,0,0,0,1,0,0,0,0
4,90,0,31,-2,5,3,5,-1,89,0,5,1,2,1,0,0,1,0,1,0,0,0,1,0
4,9,2,-22,0,2,2,4,2,22,3,0,1,0,2,0,0,1,0,1,0,0,1,1,0
0,80,-2,75,5,5,0,4,2,51,3,1,2,2,1,0,1,1,1,0,0,0,0,1,1
5,12,4,13,1,0,2,4,2,22,3,2,1,1,1,0,0,1,1,0,1,1,1,0,0
4,24,3,7,5,5,4,4,-1,54,0,2,2,2,1,0,0,1,0,0,0,0,1,0,0
2,9,2,-54,9,2,3,2,5,35,3,1,1,1,2,1,0,1,0,1,1,1,1,0,0
4,-2,4,1,7,0,3,4,4,96,3,0,2,1,2,0,0,1,0,0,0,0,0,1,0
2,-39,4,18,1,0,2,4,1,-8,0,5,1,2,1,0,0,0,0,1,0,0,0,0,0
1,20,4,43,1,5,2,4,0,24,0,4,1,1,0,1,0,0,0,0,1,0,0,1,0
4,12,4,10,5,5,-1,4,3,35,3,0,1,0,2,1,0,1,0,0,1,0,0,1,0
2,-1,2,75,5,-2,6,-1,1,24,3,1,1,1,0,1,0,1,0,1,1,1,0,1,0
1,36,-3,93,1,4,3,0,5,24,3,5,1,2,1,1,0,1,0,0,1,1,0,1,1
2,6,2,-46,1,-2,4,0,1,26,3,1,1,1,2,0,1,1,0,0,0,0,1,0,0
0,82,4,9,5,5,3,4,1,122,3,4,1,1,1,0,1,0,0,0,1,0,0,1,0
2,42,-2,93,7,8,0,2,4,77,1,1,0,2,0,1,1,1,0,0,1,1,1,0,0
7,15,0,-18,1,2,2,1,1,26,0,2,1,1,2,1,0,1,0,1,0,1,0,0,1
2,0,-1,9,6,7,4,2,1,-17,0,1,0,2,0,0,0,0,0,0,1,0,0,1,0
2,3,0,5,1,4,4,3,1,1,1,1,1,1,0,0,0,0,0,0,1,0,1,1,0
1,36,4,96,0,4,3,4,0,24,3,5,0,2,1,0,1,1,0,0,1,1,0,1,1
1,-17,2,-9,7,3,5,4,3,97,3,1,0,1,1,0,0,1,0,0,1,0,1,0,1
1,48,2,97,1,4,3,4,4,46,3,5,2,0,2,0,0,1,0,1,1,1,0,1,1
2,36,3,74,1,7,2,2,2,54,3,5,2,1,1,1,0,1,0,0,0,0,0,1,0
4,6,2,13,7,3,0,4,1,62,3,1,1,1,1,0,0,1,0,0,0,0,0,0,0
4,-16,4,16,1,7,2,2,3,12,3,5,1,2,1,0,0,0,0,1,0,0,0,1,0
1,18,-1,13,1,-2,6,3,5,26,1,4,1,1,0,0,1,1,1,0,1,0,0,1,1
5,12,2,-80,1,3,4,2,1,27,3,0,2,2,1,1,0,1,0,0,1,0,1,1,0
3,12,2,30,1,3,4,1,3,24,0,0,1,1,1,1,0,1,0,0,0,0,0,0,0
1,81,2,-21,1,5,3,2,2,41,0,1,2,2,1,0,0,0,0,1,1,1,0,1,1
0,8,4,7,1,5,0,4,1,47,-1,2,1,1,0,1,0,1,0,0,1,0,1,0,0
4,-10,4,-27,-2,0,1,2,3,35,0,2,1,2,1,0,1,1,0,0,1,0,0,0,0
1,-14,4,-27,6,0,4,-1,0,30,4,2,2,0,0,0,0,1,0,0,1,0,0,1,0
1,-9,4,-46,1,5,2,4,5,33,0,3,1,2,1,1,1,0,0,1,0,0,1,1,1
-1,18,0,1,1,3,3,2,3,78,0,2,2,1,0,0,1,1,1,0,0,1,0,1,1
1,36,2,83,5,7,3,4,4,47,3,1,1,1,1,0,1,1,0,0,0,0,0,1,1
-2,48,3,67,5,3,3,4,4,38,3,1,2,2,2,0,0,1,0,1,0,1,0,1,0
4,24,3,24,3,3,0,0,6,-4,3,2,2,2,1,0,0,1,0,0,1,0,0,1,0
1,18,-2,-53,1,2,0,0,3,23,3,-1,1,2,1,1,0,1,0,1,0,0,0,1,1
-1,-38,2,51,5,5,2,4,5,42,3,0,1,2,1,1,0,1,1,0,0,0,0,1,0
3,15,2,23,1,2,2,0,1,25,0,1,1,1,1,0,0,1,1,0,1,0,1,0,1
5,-37,0,11,1,0,3,4,3,48,1,0,2,1,2,1,0,1,0,1,1,0,0,1,1
4,12,2,131,7,6,2,-1,6,21,3,0,1,1,2,0,0,1,0,1,1,0,0,0,0
4,4,6,6,8,2,2,3,5,23,0,1,2,1,1,0,0,0,0,1,0,0,1,0,0
5,90,-3,30,0,5,3,4,2,63,3,2,1,2,1,0,1,1,0,0,1,0,0,1,0
4,24,-1,150,1,5,4,3,1,94,0,2,0,1,1,0,0,0,1,0,1,0,0,1,0
6,36,0,52,1,-1,3,-1,2,104,3,1,2,1,0,0,0,1,1,0,1,0,0,1,1
0,21,3,121,1,6,3,2,1,111,2,2,2,1,1,0,1,0,0,1,1,0,1,0,0
4,18,2,19,1,2,2,4,7,23,3,0,0,1,1,1,0,1,0,0,1,0,0,0,1
4,24,1,110,1,4,3,0,3,50,0,1,1,2,1,0,0,1,0,1,1,1,0,1,0
4,-30,2,34,-1,0,5,4,2,47,1,4,2,2,2,0,0,1,0,0,1,0,1,0,0
2,21,2,-1,5,4,3,3,3,106,3,0,1,2,1,0,0,1,1,1,1,0,0,1,0
4,18,5,-44,8,3,3,4,3,-12,0,0,1,1,1,0,0,1,0,1,0,0,0,1,1
0,24,-3,12,1,2,4,2,1,28,3,1,3,0,1,1,1,1,1,0,1,0,0,1,0
0,9,2,14,1,4,5,4,-1,59,3,1,1,1,1,0,0,1,0,0,1,0,0,1,0
1,12,2,7,1,5,0,4,5,57,2,1,1,1,0,0,0,1,1,0,1,0,1,1,1
0,20,5,22,0,3,4,2,2,102,4,4,1,1,2,0,0,1,0,1,0,0,0,1,1
4,24,4,40,5,0,3,4,4,43,3,2,1,2,1,1,1,1,0,0,1,0,0,1,0
4,15,5,15,7,-1,4,4,4,35,3,2,0,2,1,0,0,1,1,0,0,0,1,1,0
6,93,1,14,1,7,5,4,4,32,3,2,2,1,1,0,0,1,0,0,0,0,1,1,1
4,24,6,15,2,2,4,3,1,103,3,1,1,2,1,1,0,1,1,0,1,0,0,1,0
0,10,2,9,0,4,5,3,2,86,3,1,1,2,1,0,0,1,0,0,1,0,1,1,0
4,71,-2,33,1,3,3,2,4,28,3,0,0,2,1,0,0,1,1,1,0,1,0,1,0
1,15,2,-4,5,3,2,2,2,4,3,1,1,2,0,1,0,1,0,1,1,1,0,1,1
4,9,2,36,2,-2,3,2,1,26,3,1,2,1,0,1,0,1,0,0,0,0,1,1,0
0,82,5,153,4,6,3,2,0,27,3,2,1,1,1,0,1,1,0,0,1,0,0,1,0
4,-42,4,22,0,3,4,2,3,28,3,1,1,2,0,1,0,1,0,0,1,0,0,1,1
1,24,4,24,1,2,2,4,1,35,3,1,1,2,1,0,1,1,0,0,1,0,0,1,1
4,66,4,162,6,5,3,2,1,32,5,4,2,2,2,0,0,1,1,0,1,0,1,0,0
0,10,2,182,1,3,-1,2,1,25,1,1,1,1,1,1,0,0,0,1,1,1,1,0,1
4,15,2,146,3,3,2,4,3,20,3,1,1,2,2,0,1,1,0,1,0,0,0,1,0
1,-47,-1,24,7,-1,4,1,4,27,2,1,2,1,0,0,0,1,0,0,0,0,0,1,0
4,12,4,33,1,5,3,4,2,42,3,1,1,0,1,0,0,1,0,0,1,0,0,1,0
4,36,2,100,5,5,0,0,2,88,3,4,1,2,1,0,1,1,0,0,1,0,0,1,0
1,12,2,-7,6,5,2,4,2,103,4,1,0,1,0,1,0,1,0,1,0,0,0,1,0
4,36,4,168,3,4,0,4,3,40,3,0,1,2,1,0,0,0,0,0,0,0,0,1,0
-1,-8,4,13,-1,5,3,0,1,46,3,4,0,1,2,1,0,1,1,0,1,0,0,1,0
4,24,4,14,2,4,3,1,1,26,3,0,1,2,0,1,0,1,1,0,1,0,0,1,0
4,15,2,114,5,2,2,1,1,24,3,5,0,1,1,0,0,1,0,0,1,0,0,0,0
5,69,2,-46,1,3,3,2,2,29,3,1,2,1,1,0,0,1,1,0,1,1,1,0,0
2,11,4,13,-1,3,2,4,3,40,3,2,1,3,0,0,0,1,0,0,1,0,0,1,0
1,18,1,-32,1,2,3,4,4,36,1,1,1,2,2,0,0,0,1,0,0,0,0,0,0
4,36,2,174,1,5,0,-1,3,81,0,1,1,1,1,0,0,1,0,0,1,0,0,1,0
1,-10,2,-3,5,5,3,2,4,27,3,1,1,2,1,0,0,0,0,0,0,0,0,0,1
4,30,-2,67,8,4,5,3,2,36,3,2,2,1,1,0,0,1,0,0,1,0,0,1,0
6,24,2,0,1,4,3,3,3,38,3,1,1,2,1,0,1,1,0,0,0,0,0,0,0
4,24,2,93,5,3,6,4,4,48,0,1,1,2,1,0,0,1,0,0,0,0,0,1,0
-1,30,6,22,5,5,3,0,5,36,3,2,1,1,1,1,0,1,0,0,1,0,1,1,0
5,18,4,11,1,7,0,5,3,65,3,2,1,2,2,0,0,1,0,1,1,1,0,0,0
2,-27,2,-10,1,4,5,3,3,43,3,1,0,2,1,0,0,1,0,0,0,0,0,1,1
1,12,2,8,1,2,2,4,2,53,3,1,0,1,1,0,0,1,0,1,1,1,0,1,1
2,24,0,28,5,4,3,3,5,34,0,2,0,2,1,0,1,1,0,0,1,1,1,1,0
4,82,4,66,1,5,4,4,3,-13,3,2,1,2,1,0,0,1,1,0,1,0,0,0,0
4,28,1,78,5,0,3,4,0,40,1,4,2,0,1,0,1,0,0,1,0,0,0,1,0
1,27,4,24,1,0,4,4,3,43,2,0,2,2,1,0,0,1,0,0,0,0,0,0,0
-1,15,4,18,6,5,0,4,-1,94,3,2,0,2,1,0,0,1,0,0,0,0,0,1,0
0,1,4,22,1,3,5,4,2,38,0,2,1,2,0,1,0,1,1,1,1,0,1,0,0
6,36,4,58,0,3,3,4,3,34,3,6,1,2,0,0,1,1,0,0,1,0,0,1,0
5,18,-2,12,5,3,5,3,5,29,3,2,1,2,1,0,0,1,0,0,1,0,0,0,0
7,36,3,119,5,7,4,4,3,115,4,1,2,2,1,0,1,1,0,0,0,0,0,0,0
0,62,2,26,1,5,2,4,0,28,0,4,1,2,2,0,0,1,0,0,0,0,0,0,0
4,12,4,147,4,-2,4,2,2,3,3,1,2,1,2,0,0,0,0,0,1,0,0,1,0
4,15,2,22,5,4,2,0,1,33,1,1,2,1,1,0,0,1,0,1,0,0,1,0,0
1,18,-1,177,1,6,3,3,-1,74,0,0,3,1,1,0,1,0,1,0,1,0,0,1,1
6,16,4,26,1,-1,0,4,6,43,1,1,1,0,1,1,1,0,1,1,0,1,0,1,1
0,94,7,35,5,7,0,0,1,44,3,2,1,2,1,1,1,1,1,0,1,0,0,1,0
4,-38,2,14,5,3,0,2,1,40,3,0,1,2,2,0,0,1,0,1,0,1,0,1,0
4,70,2,13,1,6,0,1,1,93,3,-1,1,2,1,0,0,1,0,0,1,0,1,0,0
1,-27,2,11,-1,3,3,2,1,20,3,1,2,2,1,0,0,1,0,1,0,0,0,0,0
0,21,2,38,5,0,3,2,1,24,4,1,1,1,2,1,0,0,1,0,1,0,1,0,0
6,36,4,109,0,7,4,2,6,27,3,1,0,1,1,0,0,1,0,0,1,1,0,1,0
4,15,3,157,1,2,2,-1,4,0,3,2,1,1,1,0,1,1,1,1,1,0,1,0,0
6,9,2,32,-3,3,0,0,1,33,3,1,1,1,0,1,0,1,0,0,1,0,1,0,0
4,36,3,118,9,3,2,4,6,34,0,2,1,1,1,0,0,1,0,0,1,0,0,0,0
2,24,4,153,1,2,2,4,3,25,1,1,1,1,2,0,0,0,0,0,1,0,1,0,1
2,30,2,30,5,5,2,4,3,25,3,0,2,2,1,0,0,1,0,1,1,0,0,1,0
0,11,2,21,4,8,1,-1,1,99,3,1,0,2,2,0,0,0,1,0,1,0,0,0,0
1,71,1,132,6,3,3,2,2,81,3,1,2,2,1,0,1,0,0,1,0,0,0,1,1
4,83,2,28,2,3,3,2,1,76,3,0,2,2,1,0,1,0,1,0,1,0,0,0,0
1,24,2,-51,6,0,0,1,2,33,3,1,3,1,1,0,0,1,1,0,1,0,0,0,1
-1,24,2,33,0,5,3,2,2,39,3,1,2,2,0,0,1,1,0,1,0,0,0,0,1
5,18,4,18,1,3,2,6,4,28,4,5,1,2,1,0,0,1,0,1,1,0,0,1,0
1,9,5,14,1,2,2,-1,2,22,3,5,2,1,2,1,0,1,0,1,0,1,1,1,1
2,12,2,20,1,4,3,4,4,30,4,1,2,2,2,1,0,1,1,0,0,0,0,1,0
1,24,1,69,7,2,1,1,0,87,0,1,1,2,0,1,0,1,0,0,1,0,0,0,1
0,12,1,7,1,-1,3,2,3,46,-1,2,1,2,1,1,0,1,0,0,1,0,0,1,1
1,18,4,10,0,8,-1,0,5,82,5,1,0,1,0,0,0,1,0,1,1,0,0,1,0
4,30,4,19,5,5,3,4,3,92,3,1,1,2,1,1,0,1,0,0,1,0,1,1,0
1,74,-2,13,0,3,3,4,6,43,3,4,2,2,1,1,1,1,1,0,1,0,1,0,0
1,-22,2,17,7,0,3,1,2,24,3,1,1,1,2,0,0,0,1,0,1,0,1,0,0
2,9,2,17,1,2,2,2,3,22,3,1,1,2,2,0,0,1,1,0,1,0,0,1,1
4,9,5,12,9,3,3,0,0,30,3,2,1,1,1,1,0,1,0,0,1,0,0,1,0
4,-15,-3,115,3,0,4,4,5,106,3,0,2,0,1,0,0,1,0,0,1,0,0,1,0
1,12,2,-4,1,3,5,1,0,23,1,5,0,1,1,0,0,1,0,0,0,0,0,1,0
2,30,3,19,2,6,4,-1,4,30,0,5,1,2,1,0,1,1,1,0,1,0,1,0,1
3,9,4,150,0,9,2,2,5,28,3,1,2,1,0,0,0,1,0,1,0,0,1,0,1
2,6,2,-61,1,0,4,3,3,30,3,1,1,2,1,0,1,0,0,1,0,0,0,0,0
2,71,2,63,1,3,3,4,4,42,0,1,1,1,1,1,0,1,0,0,0,0,0,1,1
4,24,4,-10,5,3,3,0,5,46,3,2,2,2,1,0,1,1,0,1,1,0,0,1,0
4,12,2,115,5,2,3,-1,2,45,3,1,2,2,0,1,0,1,0,1,0,0,0,0,0
4,-19,2,-9,8,-1,4,0,1,31,3,1,2,1,2,1,0,1,0,1,1,1,1,0,0
4,24,2,9,5,4,3,2,3,91,0,1,0,2,1,0,0,1,0,0,1,1,0,1,0
4,4,4,15,1,4,3,0,1,42,3,3,2,1,1,1,0,1,0,1,1,0,1,0,0
1,-27,-3,18,1,-1,2,1,2,46,3,1,1,1,2,1,0,0,0,1,0,1,0,1,0
0,48,0,-23,8,0,2,4,3,30,3,2,2,1,0,1,1,0,0,0,1,1,0,0,0
-1,24,1,33,3,7,6,4,4,30,3,5,2,2,0,0,1,1,0,0,0,0,0,1,1
4,74,2,29,5,1,3,5,4,89,3,1,1,0,1,0,0,1,0,0,1,0,0,0,0
4,18,2,15,1,5,4,1,2,43,4,1,2,2,1,0,0,0,1,0,1,0,1,0,1
4,24,2,36,2,0,6,4,3,17,3,2,1,1,1,0,0,1,1,0,1,1,0,1,1
2,18,4,36,-1,0,4,3,5,40,3,0,2,2,1,1,0,1,0,1,1,1,0,0,0
4,36,3,21,1,4,3,1,3,24,0,2,0,2,1,0,0,1,0,0,1,0,0,1,1
2,24,2,1,3,2,2,4,0,28,3,4,2,0,1,0,1,1,0,1,0,0,1,1,1
1,12,2,19,0,3,0,6,2,29,3,1,0,2,2,1,1,0,0,0,1,0,0,1,0
-1,24,4,-18,-1,5,2,0,2,57,3,2,1,0,1,0,0,1,0,1,0,0,0,0,0
3,63,4,37,5,6,0,4,0,49,2,2,0,2,1,0,0,1,0,0,1,0,1,0,0
2,2,4,12,1,5,3,0,5,37,3,3,1,2,1,0,0,0,0,0,1,0,1,1,0
1,28,2,-25,1,3,3,2,3,45,3,1,1,1,0,1,0,0,0,0,1,0,1,0,1
5,24,2,31,2,5,3,4,4,30,0,0,1,1,1,0,0,1,0,0,0,0,0,1,0
5,6,-1,17,1,5,4,2,1,-1,3,4,0,1,0,0,0,0,0,0,1,0,0,1,0
6,73,-1,24,1,3,1,4,2,47,4,5,2,1,1,1,0,1,0,0,0,0,0,1,0
6,15,-2,132,5,3,0,2,4,29,3,1,0,1,0,1,0,1,0,0,0,0,0,1,0
4,66,-2,24,3,5,3,2,3,35,1,2,1,2,2,0,0,1,0,0,1,1,0,1,1
2,6,2,5,0,2,4,1,2,22,4,4,1,0,1,0,0,0,0,0,1,1,0,0,0
2,73,2,103,5,-1,-1,1,4,15,3,1,0,1,1,0,0,1,0,1,0,0,0,0,0
2,27,4,25,3,3,3,2,6,88,4,2,1,1,1,0,0,1,0,0,0,0,1,0,1
4,15,2,36,5,5,0,2,3,117,1,1,1,2,1,0,0,1,0,1,1,1,0,0,0
4,42,2,-27,5,6,4,4,2,29,3,1,1,2,1,0,1,1,0,1,0,1,0,1,0
0,11,4,39,1,3,3,2,1,80,3,2,2,1,1,1,1,1,0,0,1,0,1,1,0
2,15,2,15,-1,3,3,4,1,22,3,1,1,1,1,0,0,0,0,0,1,0,1,1,0
4,24,-2,-22,-1,3,0,6,2,43,3,4,2,1,1,1,0,1,0,0,1,0,1,0,0
1,24,1,12,1,7,4,4,0,29,3,2,1,1,1,0,0,1,1,1,0,1,0,0,1
1,81,-1,73,1,5,3,4,4,36,3,1,2,0,2,0,0,0,0,0,0,0,0,1,1
0,30,4,28,1,3,0,2,0,93,3,6,1,2,1,0,0,1,0,0,1,0,0,1,0
4,24,5,13,3,3,2,3,3,9,4,1,0,1,1,0,0,1,0,0,1,1,1,0,0
2,6,6,8,1,3,2,6,6,64,3,1,0,1,1,0,0,0,0,0,0,0,0,1,0
2,18,3,24,6,6,4,0,0,100,3,2,1,0,1,0,0,1,0,1,1,1,0,1,0
4,24,3,104,5,-2,5,0,6,47,3,2,2,1,2,1,0,1,0,0,1,0,1,0,1
-1,15,-3,13,2,0,4,2,0,25,3,1,1,1,0,1,0,1,0,0,0,0,0,1,1
2,30,4,-42,1,4,3,2,2,49,3,0,1,1,2,0,0,0,0,1,1,0,0,1,1
4,48,2,48,1,1,3,2,3,1,0,1,1,2,1,0,0,1,0,1,0,0,0,0,1
3,21,2,29,2,3,2,1,4,28,4,4,0,2,1,1,1,1,0,0,1,0,0,0,0
1,36,6,82,1,7,0,5,5,26,3,1,2,2,1,1,1,1,0,0,1,0,0,0,1
4,24,4,-6,1,5,3,2,2,88,3,2,1,3,1,1,0,1,1,0,1,0,1,0,0
5,15,-3,14,0,3,6,3,2,25,0,2,1,1,1,0,0,0,0,0,0,0,0,1,0
3,42,0,63,1,2,1,1,2,33,3,2,0,1,1,0,0,1,0,0,1,0,0,1,0
4,73,2,104,6,1,2,4,1,80,3,1,1,1,0,0,0,1,0,0,1,1,0,1,0
4,24,2,171,1,1,3,-1,4,11,3,1,0,2,1,0,0,1,0,1,0,1,0,0,0
2,24,4,17,1,5,6,2,2,-26,3,2,1,1,2,0,1,1,0,0,1,1,1,0,0
4,12,4,-20,6,2,3,1,4,37,3,0,2,1,1,0,0,1,1,0,1,0,1,0,0
-2,76,1,16,2,5,3,4,3,-24,1,1,2,0,1,0,0,0,0,1,1,0,1,0,0
1,18,2,19,5,4,4,4,3,-8,0,2,1,1,1,0,1,0,0,1,0,0,1,0,0
1,70,2,40,-1,1,3,3,5,121,3,-1,2,2,1,0,0,1,0,0,1,1,0,1,0
4,12,2,-37,5,-2,3,0,3,50,3,1,1,0,1,1,1,1,1,0,1,0,1,1,0
4,65,2,17,1,5,2,4,1,31,0,1,1,0,1,1,0,0,0,0,1,0,1,0,0
1,30,2,39,-1,3,1,4,2,115,-1,1,1,2,2,1,1,1,0,0,1,0,0,0,0
0,12,2,-76,1,5,4,4,3,38,3,1,1,1,1,0,0,0,0,0,0,0,1,1,0
1,-9,2,-22,1,8,3,4,4,23,4,0,0,2,1,0,0,0,1,1,0,1,0,1,1
2,67,5,-36,2,5,0,4,3,27,3,4,1,1,1,0,0,1,0,0,1,0,1,1,0
