sex,length,diameter,height,whole_weight,shucked_weight,viscera_weight,shell_weight,class
1,0.42,0.315,0.11,0.4025,0.1855,0.083,0.1015,0
1,0.29,0.215,0.06,0.1115,0.053,0.0185,0.032,0
1,0.435,0.335,0.1,0.3295,0.129,0.07,0.11,0
1,0.27,0.205,0.075,0.118,0.059,0.031,0.0305,0
1,0.265,0.195,0.055,0.084,0.0365,0.0175,0.025,0
1,0.235,0.175,0.08,0.0645,0.0215,0.0175,0.0215,0
1,0.51,0.375,0.1,0.5785,0.238,0.1225,0.175,0
1,0.185,0.13,0.045,0.029,0.012,0.0075,0.0095,0
1,0.255,0.185,0.06,0.088,0.0365,0.021,0.023,0
1,0.205,0.14,0.05,0.046,0.0165,0.012,0.0135,0
1,0.415,0.33,0.1,0.3905,0.1925,0.0755,0.1025,0
1,0.315,0.23,0.08,0.1375,0.0545,0.031,0.0445,0
0,0.51,0.375,0.11,0.5805,0.2865,0.118,0.148,0
2,0.57,0.445,0.15,0.9875,0.504,0.207,0.249,0
1,0.23,0.17,0.05,0.057,0.026,0.013,0.016,0
0,0.58,0.445,0.15,0.858,0.4,0.156,0.253,0
1,0.37,0.28,0.085,0.198,0.0805,0.0455,0.058,0
2,0.495,0.4,0.155,0.8085,0.2345,0.1155,0.35,0
1,0.36,0.3,0.085,0.27,0.1185,0.064,0.0745,0
1,0.275,0.215,0.075,0.1155,0.0485,0.029,0.035,0
1,0.345,0.275,0.095,0.1995,0.0755,0.0535,0.07,0
2,0.44,0.325,0.115,0.39,0.163,0.087,0.113,0
1,0.32,0.255,0.1,0.1755,0.073,0.0415,0.065,0
1,0.5,0.37,0.115,0.5745,0.306,0.112,0.141,0
0,0.49,0.37,0.105,0.5265,0.249,0.1005,0.148,0
2,0.6,0.455,0.155,0.945,0.4365,0.2085,0.25,0
0,0.375,0.29,0.08,0.282,0.1405,0.0725,0.08,0
1,0.485,0.38,0.125,0.5215,0.2215,0.118,0.16,0
1,0.41,0.315,0.1,0.3,0.124,0.0575,0.1,0
0,0.485,0.365,0.15,0.9145,0.4145,0.199,0.273,0
1,0.39,0.31,0.105,0.2665,0.1185,0.0525,0.081,0
1,0.25,0.18,0.06,0.073,0.028,0.017,0.0225,0
1,0.36,0.26,0.08,0.1795,0.074,0.0315,0.06,0
1,0.45,0.35,0.11,0.514,0.253,0.1045,0.14,0
1,0.075,0.055,0.01,0.002,0.001,0.0005,0.0015,0
1,0.36,0.265,0.095,0.2315,0.105,0.046,0.075,0
1,0.36,0.27,0.095,0.2,0.073,0.056,0.061,0
1,0.41,0.3,0.09,0.28,0.141,0.0575,0.075,0
2,0.615,0.47,0.155,1.2,0.5085,0.32,0.292,0
2,0.51,0.39,0.135,0.769,0.3935,0.1455,0.19,0
0,0.495,0.37,0.12,0.594,0.28,0.11,0.1375,0
1,0.435,0.335,0.11,0.411,0.2025,0.0945,0.1,0
1,0.38,0.29,0.085,0.2285,0.088,0.0465,0.075,0
1,0.34,0.265,0.08,0.2015,0.09,0.0475,0.055,0
1,0.37,0.275,0.1,0.2815,0.1505,0.0505,0.068,0
2,0.45,0.355,0.115,0.479,0.2125,0.1045,0.15,0
0,0.325,0.26,0.09,0.1915,0.085,0.036,0.062,0
1,0.495,0.375,0.14,0.494,0.181,0.0975,0.191,0
2,0.29,0.23,0.075,0.1165,0.043,0.0255,0.04,0
1,0.51,0.385,0.15,0.625,0.3095,0.119,0.1725,0
1,0.46,0.35,0.11,0.4,0.176,0.083,0.1205,0
1,0.55,0.435,0.165,0.804,0.34,0.194,0.244,0
1,0.34,0.26,0.08,0.2,0.08,0.0555,0.055,0
0,0.515,0.43,0.14,0.834,0.367,0.2,0.23,0
1,0.485,0.37,0.14,0.5065,0.2425,0.088,0.1465,0
2,0.455,0.35,0.11,0.458,0.2,0.111,0.1305,0
1,0.435,0.325,0.11,0.367,0.1595,0.08,0.105,0
1,0.425,0.31,0.105,0.365,0.159,0.0825,0.105,0
0,0.57,0.445,0.145,0.8775,0.412,0.217,0.22,0
1,0.455,0.355,0.125,0.5325,0.225,0.126,0.1465,0
1,0.415,0.32,0.11,0.3735,0.175,0.0755,0.109,0
1,0.32,0.255,0.085,0.1745,0.072,0.033,0.057,0
1,0.465,0.355,0.11,0.474,0.23,0.1005,0.12,0
2,0.27,0.2,0.08,0.1205,0.0465,0.028,0.04,0
1,0.375,0.29,0.085,0.2385,0.118,0.045,0.0695,0
1,0.405,0.285,0.09,0.2645,0.1265,0.0505,0.075,0
1,0.52,0.41,0.12,0.595,0.2385,0.111,0.19,0
1,0.46,0.35,0.115,0.4155,0.18,0.098,0.1175,0
2,0.45,0.335,0.125,0.4475,0.2165,0.126,0.11,0
1,0.51,0.395,0.105,0.5525,0.234,0.127,0.165,0
1,0.285,0.21,0.055,0.101,0.0415,0.017,0.0335,0
1,0.37,0.29,0.09,0.2445,0.089,0.0655,0.075,0
1,0.315,0.21,0.06,0.125,0.06,0.0375,0.035,0
2,0.47,0.375,0.12,0.5805,0.266,0.0935,0.169,0
1,0.37,0.27,0.09,0.1855,0.07,0.0425,0.065,0
0,0.53,0.42,0.17,0.828,0.41,0.208,0.1505,0
1,0.345,0.27,0.11,0.2135,0.082,0.0545,0.07,0
1,0.16,0.11,0.025,0.018,0.0065,0.0055,0.005,0
1,0.34,0.255,0.075,0.18,0.0745,0.04,0.0525,0
2,0.465,0.355,0.105,0.4795,0.227,0.124,0.125,0
0,0.535,0.445,0.125,0.8725,0.417,0.199,0.24,0
2,0.56,0.43,0.155,0.8675,0.4,0.172,0.229,0
1,0.42,0.315,0.115,0.355,0.1895,0.065,0.087,0
0,0.58,0.46,0.15,1.1155,0.5575,0.2255,0.29,0
2,0.56,0.415,0.145,0.852,0.43,0.1885,0.205,0
2,0.165,0.125,0.04,0.0245,0.0095,0.0045,0.008,0
2,0.56,0.445,0.16,0.8965,0.42,0.2175,0.2215,0
1,0.21,0.15,0.055,0.0465,0.017,0.012,0.015,0
1,0.485,0.375,0.14,0.521,0.2,0.123,0.17,0
2,0.58,0.45,0.12,0.8685,0.418,0.1475,0.2605,0
2,0.515,0.385,0.11,0.5785,0.253,0.16,0.14,0
1,0.375,0.29,0.14,0.3,0.14,0.0625,0.0825,0
1,0.375,0.285,0.09,0.2545,0.119,0.0595,0.0675,0
2,0.52,0.4,0.12,0.58,0.234,0.1315,0.185,0
1,0.255,0.195,0.055,0.0725,0.0285,0.017,0.021,0
2,0.63,0.48,0.15,1.1785,0.5185,0.248,0.3235,0
1,0.225,0.16,0.045,0.0465,0.025,0.015,0.015,0
1,0.355,0.265,0.085,0.2435,0.122,0.0525,0.06,0
1,0.45,0.33,0.115,0.365,0.14,0.0825,0.1245,0
0,0.635,0.5,0.19,1.29,0.593,0.3045,0.352,0
1,0.22,0.165,0.055,0.0545,0.0215,0.012,0.02,0
1,0.43,0.34,0.0,0.428,0.2065,0.086,0.115,0
1,0.295,0.225,0.09,0.1105,0.0405,0.0245,0.032,0
1,0.575,0.455,0.155,0.8725,0.349,0.2095,0.285,0
1,0.255,0.185,0.07,0.075,0.028,0.018,0.025,0
1,0.315,0.23,0.07,0.144,0.053,0.0305,0.04,0
1,0.44,0.325,0.09,0.35,0.148,0.067,0.105,0
2,0.5,0.375,0.145,0.6215,0.274,0.166,0.1485,0
1,0.41,0.305,0.095,0.2625,0.1,0.0515,0.09,0
1,0.525,0.39,0.105,0.567,0.2875,0.1075,0.16,0
1,0.335,0.245,0.09,0.2015,0.096,0.0405,0.048,0
1,0.375,0.275,0.09,0.218,0.093,0.0405,0.0755,0
0,0.57,0.425,0.13,0.782,0.3695,0.1745,0.1965,0
1,0.535,0.4,0.135,0.775,0.368,0.208,0.2055,0
1,0.32,0.24,0.085,0.131,0.0615,0.0265,0.038,0
1,0.39,0.29,0.09,0.2745,0.135,0.0455,0.078,0
1,0.51,0.405,0.135,0.769,0.3655,0.1585,0.18,0
1,0.525,0.38,0.135,0.615,0.261,0.159,0.175,0
1,0.4,0.3,0.11,0.2985,0.1375,0.071,0.075,0
2,0.535,0.41,0.12,0.6835,0.3125,0.1655,0.159,0
1,0.42,0.325,0.115,0.314,0.1295,0.0635,0.1,0
2,0.58,0.455,0.15,1.114,0.4765,0.2155,0.265,0
1,0.17,0.125,0.055,0.0235,0.009,0.0055,0.008,0
1,0.485,0.365,0.09,0.651,0.3165,0.132,0.18,0
1,0.525,0.4,0.13,0.6445,0.345,0.1285,0.2,0
1,0.445,0.33,0.11,0.358,0.1525,0.067,0.1185,0
1,0.28,0.21,0.055,0.106,0.0415,0.0265,0.031,0
1,0.42,0.315,0.1,0.3435,0.157,0.0795,0.09,0
1,0.355,0.26,0.09,0.1985,0.0715,0.0495,0.058,0
1,0.495,0.37,0.125,0.4715,0.2075,0.091,0.15,0
1,0.31,0.225,0.07,0.1055,0.435,0.015,0.04,0
2,0.35,0.265,0.09,0.2265,0.0995,0.0575,0.065,0
1,0.275,0.195,0.065,0.106,0.054,0.02,0.028,0
1,0.545,0.43,0.14,0.772,0.289,0.19,0.2615,0
1,0.46,0.37,0.12,0.5335,0.2645,0.108,0.1345,0
1,0.28,0.2,0.075,0.1225,0.0545,0.0115,0.035,0
1,0.52,0.38,0.135,0.5395,0.2295,0.133,0.157,0
1,0.46,0.345,0.11,0.3755,0.1525,0.058,0.125,0
0,0.605,0.48,0.14,0.991,0.4735,0.2345,0.24,0
1,0.315,0.235,0.07,0.149,0.058,0.0325,0.047,0
2,0.72,0.565,0.145,1.187,0.691,0.1945,0.2685,0
1,0.135,0.13,0.04,0.029,0.0125,0.0065,0.008,0
1,0.335,0.26,0.1,0.192,0.0785,0.0585,0.07,0
1,0.555,0.425,0.13,0.648,0.2835,0.133,0.2105,0
1,0.3,0.22,0.08,0.1255,0.055,0.0265,0.039,0
2,0.385,0.295,0.095,0.335,0.147,0.094,0.09,0
1,0.41,0.33,0.105,0.335,0.1525,0.074,0.11,0
1,0.25,0.185,0.065,0.071,0.027,0.0185,0.0225,0
1,0.315,0.23,0.07,0.164,0.0625,0.04,0.045,0
2,0.59,0.47,0.16,1.206,0.479,0.2425,0.309,0
1,0.305,0.22,0.07,0.141,0.062,0.031,0.037,0
1,0.435,0.34,0.11,0.3795,0.1495,0.085,0.12,0
1,0.545,0.43,0.13,0.7595,0.358,0.153,0.2055,0
1,0.48,0.355,0.115,0.4725,0.2065,0.112,0.132,0
0,0.64,0.5,0.15,1.0705,0.371,0.2705,0.36,0
1,0.315,0.235,0.055,0.151,0.065,0.027,0.039,0
1,0.375,0.29,0.095,0.2875,0.123,0.0605,0.08,0
2,0.295,0.23,0.085,0.125,0.042,0.0285,0.043,0
1,0.5,0.375,0.14,0.5495,0.248,0.112,0.1585,0
0,0.59,0.46,0.16,1.0115,0.445,0.2615,0.2565,0
1,0.315,0.24,0.085,0.1715,0.071,0.0345,0.0535,0
0,0.575,0.435,0.15,1.0305,0.4605,0.218,0.36,0
2,0.52,0.38,0.135,0.5825,0.2505,0.1565,0.175,0
1,0.315,0.235,0.075,0.1285,0.051,0.028,0.0405,0
1,0.38,0.28,0.085,0.2735,0.115,0.061,0.085,0
0,0.63,0.475,0.15,1.072,0.433,0.2975,0.315,0
2,0.535,0.42,0.125,0.738,0.355,0.1895,0.1795,0
1,0.495,0.4,0.105,0.602,0.2505,0.1265,0.19,0
0,0.4,0.3,0.115,0.3025,0.1335,0.0465,0.0935,0
1,0.45,0.335,0.105,0.447,0.2335,0.153,0.119,0
1,0.495,0.375,0.115,0.507,0.241,0.103,0.15,0
1,0.465,0.37,0.1,0.5055,0.234,0.11,0.14,0
1,0.415,0.315,0.1,0.3645,0.1765,0.0795,0.095,0
0,0.43,0.325,0.12,0.445,0.165,0.0995,0.155,0
1,0.16,0.11,0.025,0.0195,0.0075,0.005,0.006,0
1,0.455,0.335,0.135,0.501,0.274,0.0995,0.1065,0
1,0.375,0.28,0.08,0.2165,0.0935,0.0925,0.07,0
1,0.35,0.255,0.09,0.1785,0.0855,0.0305,0.0525,0
2,0.4,0.32,0.095,0.303,0.1335,0.06,0.1,0
1,0.525,0.395,0.12,0.608,0.297,0.1395,0.1405,0
1,0.35,0.25,0.07,0.18,0.0655,0.048,0.054,0
1,0.3,0.22,0.065,0.1235,0.059,0.026,0.0315,0
1,0.33,0.24,0.075,0.163,0.0745,0.033,0.048,0
1,0.32,0.24,0.075,0.1735,0.076,0.0355,0.05,0
1,0.325,0.24,0.07,0.152,0.0565,0.0305,0.054,0
1,0.445,0.32,0.12,0.378,0.152,0.0825,0.12,0
1,0.485,0.38,0.12,0.4725,0.2075,0.1075,0.147,0
1,0.51,0.385,0.145,0.7665,0.3985,0.14,0.1805,0
2,0.49,0.465,0.125,0.5225,0.235,0.13,0.141,0
2,0.45,0.345,0.105,0.4115,0.18,0.1125,0.135,0
2,0.515,0.39,0.155,0.7125,0.3695,0.137,0.155,0
1,0.38,0.275,0.095,0.2505,0.0945,0.0655,0.075,0
1,0.405,0.3,0.11,0.32,0.172,0.044,0.093,0
1,0.355,0.28,0.085,0.2905,0.095,0.0395,0.115,0
1,0.355,0.26,0.09,0.1925,0.077,0.038,0.065,0
1,0.5,0.38,0.125,0.519,0.2485,0.1135,0.134,0
1,0.37,0.28,0.095,0.2655,0.122,0.052,0.08,0
1,0.52,0.395,0.145,0.77,0.424,0.142,0.1895,0
2,0.555,0.44,0.15,0.838,0.4155,0.146,0.23,0
1,0.475,0.36,0.11,0.492,0.211,0.11,0.15,0
1,0.485,0.36,0.12,0.5155,0.2465,0.1025,0.147,0
1,0.45,0.355,0.11,0.4585,0.194,0.067,0.14,0
1,0.28,0.21,0.075,0.1195,0.053,0.0265,0.03,0
1,0.475,0.355,0.115,0.5195,0.279,0.088,0.1325,0
1,0.415,0.32,0.115,0.3045,0.1215,0.0735,0.094,0
2,0.66,0.485,0.155,1.2275,0.61,0.274,0.3,0
1,0.465,0.37,0.115,0.534,0.261,0.098,0.143,0
1,0.275,0.2,0.055,0.0925,0.038,0.021,0.026,0
2,0.35,0.265,0.09,0.2255,0.0995,0.0485,0.07,0
0,0.655,0.455,0.17,1.275,0.583,0.303,0.333,0
2,0.63,0.47,0.155,1.1325,0.589,0.211,0.287,0
1,0.52,0.4,0.14,0.622,0.278,0.1455,0.169,0
1,0.2,0.15,0.04,0.046,0.021,0.007,0.0065,0
1,0.36,0.26,0.09,0.1785,0.0645,0.037,0.075,0
0,0.61,0.46,0.155,0.957,0.4255,0.1975,0.265,0
2,0.485,0.37,0.13,0.526,0.2485,0.105,0.1555,0
1,0.4,0.32,0.095,0.348,0.194,0.053,0.087,0
2,0.58,0.45,0.145,1.0025,0.547,0.1975,0.2295,0
1,0.21,0.15,0.05,0.042,0.0175,0.0125,0.015,0
1,0.425,0.33,0.115,0.3265,0.1315,0.077,0.103,0
1,0.415,0.325,0.1,0.3335,0.1445,0.0715,0.095,0
0,0.345,0.25,0.09,0.203,0.078,0.059,0.055,0
2,0.595,0.485,0.15,1.0835,0.5305,0.231,0.276,0
0,0.465,0.355,0.115,0.4705,0.1955,0.118,0.126,0
2,0.45,0.35,0.13,0.46,0.174,0.111,0.135,0
2,0.585,0.465,0.16,0.9555,0.4595,0.236,0.265,0
0,0.505,0.4,0.125,0.583,0.246,0.13,0.175,0
1,0.425,0.34,0.1,0.382,0.164,0.096,0.1,0
1,0.375,0.285,0.09,0.237,0.106,0.0395,0.08,0
2,0.46,0.36,0.125,0.547,0.2165,0.1105,0.19,0
1,0.215,0.15,0.03,0.0385,0.0115,0.005,0.01,0
1,0.42,0.32,0.11,0.3625,0.174,0.0635,0.105,0
2,0.645,0.52,0.175,1.561,0.709,0.3555,0.4,0
1,0.325,0.25,0.055,0.166,0.076,0.051,0.045,0
1,0.255,0.185,0.06,0.0925,0.039,0.021,0.025,0
2,0.43,0.335,0.115,0.406,0.166,0.0935,0.135,0
1,0.25,0.19,0.065,0.0835,0.039,0.015,0.025,0
1,0.295,0.22,0.07,0.126,0.0515,0.0275,0.035,0
1,0.315,0.24,0.07,0.137,0.0545,0.0315,0.04,0
1,0.405,0.29,0.09,0.2825,0.112,0.075,0.0815,0
1,0.37,0.28,0.1,0.221,0.1165,0.0265,0.0635,0
1,0.3,0.22,0.08,0.121,0.0475,0.042,0.035,0
2,0.45,0.33,0.105,0.4955,0.2575,0.082,0.129,0
0,0.58,0.435,0.15,0.839,0.3485,0.207,0.192,0
1,0.395,0.295,0.095,0.2725,0.115,0.0625,0.085,0
1,0.385,0.3,0.09,0.247,0.1225,0.044,0.0675,0
1,0.275,0.2,0.065,0.092,0.0385,0.0235,0.027,0
1,0.47,0.38,0.125,0.4845,0.211,0.1075,0.142,0
0,0.575,0.465,0.195,0.9965,0.417,0.247,0.47,0
1,0.5,0.39,0.125,0.583,0.294,0.132,0.1605,0
0,0.425,0.33,0.115,0.406,0.1635,0.081,0.1355,0
1,0.295,0.22,0.085,0.1285,0.0585,0.027,0.0365,0
1,0.405,0.25,0.09,0.2875,0.128,0.063,0.0805,0
2,0.385,0.3,0.115,0.3435,0.1645,0.085,0.1025,0
2,0.195,0.145,0.05,0.032,0.01,0.008,0.012,0
2,0.5,0.4,0.125,0.6725,0.336,0.12,0.1825,0
1,0.49,0.37,0.11,0.538,0.271,0.1035,0.139,0
1,0.355,0.255,0.08,0.187,0.078,0.0505,0.058,0
2,0.58,0.455,0.13,0.852,0.41,0.1725,0.225,0
1,0.45,0.335,0.095,0.3505,0.1615,0.0625,0.1185,0
2,0.6,0.455,0.17,1.1915,0.696,0.2395,0.24,0
0,0.55,0.43,0.125,0.923,0.4035,0.175,0.283,0
0,0.655,0.53,0.165,1.2835,0.583,0.1255,0.4,0
1,0.375,0.265,0.095,0.196,0.085,0.042,0.0585,0
1,0.405,0.3,0.085,0.3035,0.15,0.0505,0.088,0
1,0.45,0.34,0.105,0.4385,0.21,0.0925,0.12,0
1,0.225,0.17,0.07,0.0565,0.024,0.013,0.016,0
1,0.375,0.27,0.085,0.218,0.0945,0.039,0.07,0
1,0.485,0.37,0.115,0.637,0.38,0.1335,0.128,0
0,0.6,0.5,0.155,1.332,0.6235,0.2835,0.35,0
1,0.435,0.345,0.115,0.418,0.222,0.0735,0.106,0
2,0.385,0.275,0.115,0.2685,0.0975,0.0825,0.085,0
1,0.485,0.375,0.11,0.464,0.2015,0.09,0.149,0
2,0.47,0.38,0.145,0.5865,0.2385,0.144,0.185,0
1,0.305,0.215,0.065,0.1075,0.044,0.0205,0.038,0
1,0.385,0.29,0.09,0.232,0.0855,0.0495,0.08,0
1,0.43,0.33,0.1,0.449,0.254,0.0825,0.097,0
1,0.515,0.38,0.12,0.625,0.3265,0.1295,0.16,0
2,0.475,0.36,0.12,0.578,0.2825,0.12,0.17,0
1,0.385,0.29,0.095,0.312,0.143,0.0635,0.086,0
1,0.41,0.325,0.105,0.361,0.1605,0.0665,0.103,0
0,0.53,0.42,0.14,0.627,0.2905,0.1165,0.183,0
1,0.42,0.32,0.11,0.309,0.115,0.0645,0.0945,0
1,0.365,0.265,0.085,0.213,0.0945,0.049,0.06,0
1,0.515,0.39,0.125,0.5705,0.238,0.1265,0.185,0
1,0.475,0.42,0.16,0.7095,0.35,0.1505,0.1845,0
2,0.53,0.41,0.14,0.7545,0.3495,0.1715,0.2105,0
0,0.595,0.475,0.16,1.1405,0.547,0.231,0.271,0
0,0.48,0.365,0.135,0.6395,0.2945,0.113,0.175,0
0,0.435,0.325,0.11,0.4335,0.178,0.0985,0.155,0
2,0.525,0.415,0.135,0.7945,0.394,0.189,0.202,0
1,0.355,0.27,0.1,0.2255,0.11,0.042,0.064,0
2,0.69,0.525,0.175,1.7005,0.8255,0.362,0.405,0
0,0.505,0.475,0.16,1.1155,0.509,0.239,0.3065,0
1,0.38,0.29,0.1,0.237,0.108,0.0395,0.082,0
2,0.52,0.425,0.125,0.79,0.372,0.205,0.19,0
1,0.455,0.345,0.105,0.4005,0.164,0.0755,0.126,0
1,0.39,0.295,0.1,0.279,0.1155,0.059,0.08,0
1,0.235,0.175,0.04,0.0705,0.0335,0.015,0.02,0
1,0.425,0.325,0.105,0.3975,0.1815,0.081,0.1175,0
1,0.325,0.25,0.075,0.1585,0.075,0.0305,0.0455,0
2,0.38,0.3,0.1,0.2505,0.106,0.0535,0.0775,0
1,0.36,0.265,0.09,0.2055,0.096,0.037,0.0585,0
1,0.335,0.25,0.075,0.186,0.0945,0.038,0.0445,0
1,0.475,0.365,0.12,0.5185,0.268,0.1095,0.1365,0
2,0.175,0.135,0.04,0.0305,0.011,0.0075,0.01,0
1,0.205,0.15,0.055,0.042,0.0255,0.015,0.012,0
1,0.325,0.225,0.075,0.139,0.0565,0.032,0.09,0
1,0.48,0.365,0.1,0.461,0.2205,0.0835,0.135,0
0,0.47,0.375,0.12,0.6015,0.2765,0.1455,0.135,0
1,0.29,0.21,0.06,0.1195,0.056,0.0235,0.03,0
2,0.235,0.17,0.055,0.0515,0.018,0.0105,0.0195,0
1,0.495,0.38,0.145,0.5,0.205,0.148,0.1505,0
1,0.27,0.205,0.05,0.084,0.03,0.0185,0.029,0
1,0.52,0.39,0.13,0.5545,0.2355,0.1095,0.1895,0
1,0.47,0.375,0.125,0.5225,0.2265,0.104,0.162,0
2,0.475,0.37,0.125,0.649,0.347,0.136,0.142,0
0,0.38,0.32,0.115,0.6475,0.323,0.1325,0.164,0
2,0.41,0.335,0.115,0.4405,0.19,0.085,0.135,0
1,0.39,0.3,0.1,0.3085,0.1385,0.0735,0.085,0
2,0.36,0.295,0.105,0.241,0.0865,0.053,0.095,0
1,0.415,0.325,0.1,0.313,0.139,0.0625,0.0965,0
1,0.37,0.29,0.08,0.2545,0.108,0.0565,0.07,0
2,0.59,0.47,0.15,0.9955,0.481,0.232,0.24,0
2,0.405,0.305,0.12,0.3185,0.1235,0.0905,0.095,0
2,0.555,0.41,0.125,0.599,0.2345,0.1465,0.194,0
1,0.545,0.405,0.13,0.658,0.327,0.1445,0.174,0
1,0.39,0.29,0.1,0.2225,0.095,0.0465,0.073,0
1,0.235,0.17,0.065,0.0625,0.023,0.014,0.022,0
1,0.45,0.35,0.135,0.494,0.2205,0.0945,0.1405,0
1,0.305,0.245,0.075,0.156,0.0675,0.038,0.045,0
2,0.35,0.265,0.11,0.2965,0.1365,0.063,0.085,0
2,0.415,0.315,0.12,0.4015,0.199,0.087,0.097,0
1,0.385,0.29,0.08,0.2485,0.122,0.0495,0.065,0
0,0.425,0.35,0.1,0.4425,0.175,0.0755,0.175,0
1,0.555,0.435,0.14,0.765,0.3945,0.15,0.206,0
0,0.445,0.335,0.11,0.4355,0.2025,0.1095,0.1195,0
2,0.33,0.215,0.075,0.1145,0.045,0.0265,0.035,0
1,0.395,0.3,0.12,0.2995,0.1265,0.068,0.0895,0
1,0.33,0.265,0.09,0.18,0.068,0.036,0.06,0
1,0.11,0.09,0.03,0.008,0.0025,0.002,0.003,0
2,0.475,0.385,0.12,0.562,0.289,0.0905,0.153,0
1,0.33,0.25,0.075,0.1405,0.056,0.035,0.05,0
1,0.435,0.315,0.11,0.3685,0.1615,0.0715,0.12,0
1,0.455,0.335,0.105,0.4055,0.175,0.092,0.1185,0
0,0.57,0.45,0.135,0.7805,0.3345,0.185,0.21,0
0,0.585,0.45,0.125,0.874,0.3545,0.2075,0.225,0
1,0.15,0.1,0.025,0.015,0.0045,0.004,0.005,0
1,0.46,0.345,0.12,0.4155,0.198,0.0885,0.107,0
1,0.42,0.31,0.1,0.2865,0.115,0.0735,0.085,0
0,0.525,0.41,0.115,0.7745,0.416,0.163,0.18,0
1,0.51,0.4,0.125,0.5935,0.239,0.13,0.204,0
1,0.3,0.23,0.095,0.1385,0.056,0.0365,0.037,0
1,0.525,0.405,0.145,0.6965,0.3045,0.1535,0.21,0
1,0.425,0.3,0.095,0.3515,0.141,0.0775,0.12,0
1,0.36,0.27,0.09,0.219,0.097,0.0405,0.065,0
1,0.475,0.355,0.105,0.468,0.201,0.1115,0.12,0
1,0.365,0.27,0.09,0.2155,0.1005,0.049,0.0655,0
1,0.5,0.385,0.11,0.596,0.3015,0.104,0.151,0
1,0.3,0.23,0.075,0.15,0.0605,0.042,0.045,0
1,0.275,0.2,0.075,0.086,0.0305,0.019,0.03,0
0,0.4,0.325,0.12,0.3185,0.134,0.0565,0.095,0
1,0.54,0.425,0.135,0.686,0.3475,0.1545,0.213,0
1,0.27,0.195,0.065,0.1065,0.0475,0.0225,0.0285,0
1,0.5,0.385,0.12,0.516,0.197,0.1305,0.165,0
1,0.365,0.27,0.085,0.2225,0.0935,0.0525,0.066,0
1,0.36,0.265,0.075,0.1785,0.0785,0.035,0.054,0
2,0.415,0.31,0.09,0.3245,0.1305,0.0735,0.115,0
1,0.31,0.24,0.09,0.1455,0.0605,0.0315,0.045,0
1,0.45,0.34,0.095,0.3245,0.1385,0.064,0.105,0
2,0.565,0.455,0.15,0.9795,0.444,0.205,0.275,0
2,0.43,0.335,0.12,0.397,0.1985,0.0865,0.1035,0
1,0.405,0.3,0.12,0.324,0.1265,0.07,0.11,0
1,0.47,0.355,0.125,0.499,0.21,0.0985,0.155,0
2,0.275,0.2,0.08,0.099,0.037,0.024,0.03,0
1,0.385,0.29,0.09,0.2365,0.1,0.0505,0.076,0
1,0.33,0.25,0.095,0.2085,0.102,0.0395,0.052,0
1,0.405,0.3,0.09,0.2885,0.138,0.0635,0.0765,0
0,0.495,0.38,0.12,0.573,0.2655,0.1285,0.144,0
1,0.415,0.325,0.1,0.4665,0.2285,0.1065,0.114,0
2,0.205,0.155,0.045,0.0425,0.017,0.0055,0.0155,0
1,0.295,0.215,0.085,0.128,0.049,0.034,0.04,0
1,0.495,0.375,0.115,0.5755,0.31,0.1145,0.1395,0
0,0.58,0.445,0.145,0.888,0.41,0.1815,0.2425,0
2,0.35,0.275,0.11,0.2925,0.1225,0.0635,0.0905,0
2,0.54,0.41,0.13,0.56,0.2375,0.1065,0.175,0
1,0.46,0.36,0.1,0.4635,0.2325,0.093,0.115,0
1,0.44,0.335,0.11,0.3885,0.175,0.0835,0.111,0
0,0.585,0.45,0.16,0.9045,0.405,0.2215,0.2335,0
2,0.51,0.405,0.15,0.7035,0.347,0.134,0.1885,0
1,0.38,0.275,0.11,0.256,0.11,0.0535,0.0755,0
1,0.455,0.435,0.11,0.4265,0.195,0.09,0.1205,0
0,0.475,0.36,0.12,0.5915,0.3245,0.11,0.127,0
1,0.25,0.18,0.065,0.0685,0.0245,0.0155,0.0225,0
0,0.435,0.35,0.105,0.4195,0.194,0.1005,0.13,0
0,0.72,0.525,0.18,1.445,0.631,0.3215,0.435,0
1,0.47,0.355,0.18,0.48,0.2055,0.105,0.1505,0
1,0.39,0.31,0.085,0.344,0.181,0.0695,0.079,0
0,0.46,0.365,0.125,0.4785,0.206,0.1045,0.141,0
0,0.52,0.375,0.135,0.5375,0.221,0.117,0.17,0
2,0.63,0.465,0.15,1.027,0.537,0.188,0.176,0
1,0.4,0.29,0.1,0.258,0.104,0.059,0.0815,0
1,0.38,0.285,0.095,0.243,0.0895,0.0665,0.075,0
0,0.465,0.35,0.11,0.4085,0.165,0.102,0.131,0
1,0.375,0.28,0.08,0.2025,0.0825,0.048,0.065,0
0,0.575,0.46,0.165,1.065,0.4985,0.2145,0.2815,0
0,0.555,0.42,0.11,0.931,0.4445,0.171,0.225,0
1,0.48,0.355,0.115,0.5785,0.25,0.106,0.184,0
0,0.585,0.45,0.15,0.938,0.467,0.203,0.225,0
1,0.32,0.215,0.095,0.305,0.14,0.067,0.0885,0
2,0.36,0.27,0.1,0.217,0.0885,0.0495,0.0715,0
1,0.36,0.27,0.085,0.196,0.0875,0.035,0.064,0
2,0.335,0.255,0.075,0.1635,0.0615,0.0345,0.057,0
1,0.23,0.175,0.065,0.0645,0.026,0.0105,0.02,0
1,0.345,0.255,0.095,0.183,0.075,0.0385,0.06,0
0,0.61,0.495,0.185,1.153,0.536,0.2905,0.245,0
1,0.33,0.265,0.085,0.196,0.0775,0.0305,0.0445,0
1,0.435,0.325,0.1,0.366,0.174,0.0725,0.109,0
0,0.44,0.33,0.115,0.4005,0.143,0.113,0.12,0
0,0.535,0.4,0.135,0.8215,0.3935,0.196,0.205,0
2,0.6,0.47,0.15,0.928,0.4225,0.183,0.275,0
1,0.35,0.27,0.075,0.215,0.1,0.036,0.065,0
1,0.525,0.4,0.11,0.6275,0.3015,0.126,0.18,0
1,0.34,0.26,0.085,0.1885,0.0815,0.0335,0.06,0
1,0.36,0.265,0.085,0.1895,0.0725,0.0515,0.055,0
1,0.425,0.31,0.09,0.301,0.1385,0.065,0.08,0
1,0.45,0.35,0.125,0.4775,0.2235,0.089,0.118,0
1,0.21,0.15,0.055,0.0455,0.02,0.0065,0.013,0
1,0.44,0.33,0.11,0.38,0.197,0.079,0.09,0
1,0.355,0.275,0.085,0.22,0.092,0.06,0.15,0
0,0.47,0.36,0.1,0.4705,0.1635,0.089,0.1385,0
1,0.37,0.28,0.085,0.217,0.1095,0.035,0.062,0
1,0.465,0.345,0.11,0.4415,0.1755,0.0905,0.12,0
1,0.315,0.235,0.08,0.18,0.08,0.045,0.047,0
2,0.61,0.48,0.14,1.031,0.4375,0.2615,0.27,0
1,0.595,0.43,0.165,0.9845,0.4525,0.207,0.2725,0
0,0.455,0.355,1.13,0.594,0.332,0.116,0.1335,0
1,0.375,0.275,0.095,0.2465,0.11,0.0415,0.0775,0
2,0.545,0.42,0.12,0.7865,0.403,0.185,0.17,0
1,0.42,0.305,0.09,0.328,0.168,0.0615,0.082,0
2,0.335,0.26,0.075,0.22,0.0855,0.04,0.085,0
1,0.3,0.215,0.05,0.1185,0.048,0.0225,0.042,0
1,0.255,0.185,0.065,0.074,0.0305,0.0165,0.02,0
1,0.465,0.345,0.105,0.4015,0.242,0.0345,0.109,0
1,0.34,0.25,0.07,0.2225,0.104,0.0425,0.055,0
1,0.47,0.37,0.11,0.5555,0.25,0.115,0.163,0
0,0.565,0.4,0.13,0.6975,0.3075,0.1665,0.18,0
1,0.295,0.21,0.08,0.1,0.038,0.026,0.031,0
1,0.4,0.31,0.1,0.127,0.106,0.071,0.085,0
1,0.4,0.31,0.1,0.306,0.13,0.06,0.094,0
1,0.385,0.28,0.1,0.2755,0.1305,0.061,0.0725,0
1,0.385,0.265,0.08,0.251,0.124,0.037,0.07,0
2,0.57,0.44,0.095,0.827,0.3395,0.2215,0.235,0
2,0.515,0.39,0.12,0.6125,0.302,0.1365,0.1415,0
2,0.6,0.465,0.18,1.193,0.5145,0.315,0.3055,0
2,0.47,0.365,0.12,0.612,0.327,0.15,0.14,0
1,0.37,0.275,0.1,0.22,0.094,0.045,0.065,0
2,0.555,0.44,0.145,0.85,0.4165,0.1685,0.23,0
0,0.385,0.3,0.1,0.2725,0.1115,0.057,0.08,0
1,0.46,0.365,0.11,0.4495,0.1755,0.102,0.15,0
1,0.25,0.175,0.06,0.0635,0.0275,0.008,0.02,0
1,0.45,0.33,0.11,0.3685,0.16,0.0885,0.102,0
1,0.435,0.33,0.11,0.38,0.1515,0.0945,0.11,0
2,0.615,0.505,0.19,1.403,0.6715,0.2925,0.365,0
2,0.565,0.415,0.125,0.667,0.302,0.1545,0.185,0
1,0.18,0.125,0.035,0.0265,0.0095,0.0055,0.0085,0
2,0.565,0.435,0.15,0.99,0.5795,0.1825,0.206,0
1,0.39,0.3,0.095,0.3265,0.1665,0.0575,0.089,0
1,0.36,0.275,0.075,0.2205,0.0985,0.044,0.066,0
1,0.45,0.335,0.105,0.362,0.1575,0.0795,0.1095,0
1,0.56,0.43,0.13,0.728,0.3355,0.1435,0.2175,0
1,0.165,0.12,0.05,0.021,0.0075,0.0045,0.014,0
2,0.53,0.4,0.125,0.7575,0.398,0.151,0.175,0
1,0.235,0.18,0.06,0.058,0.022,0.0145,0.018,0
2,0.575,0.44,0.145,0.87,0.3945,0.2195,0.225,0
1,0.385,0.29,0.1,0.2575,0.1,0.061,0.086,0
0,0.6,0.46,0.155,0.9735,0.427,0.2045,0.3,0
1,0.27,0.195,0.07,0.102,0.045,0.0135,0.034,0
1,0.43,0.34,0.1,0.3405,0.1395,0.0665,0.12,0
1,0.41,0.32,0.095,0.2905,0.141,0.063,0.073,0
2,0.505,0.39,0.115,0.5585,0.2575,0.119,0.1535,0
1,0.425,0.315,0.08,0.303,0.131,0.0585,0.095,0
1,0.39,0.29,0.09,0.2625,0.117,0.054,0.077,0
2,0.59,0.47,0.135,1.1685,0.539,0.279,0.28,0
1,0.175,0.125,0.05,0.0235,0.008,0.0035,0.008,0
1,0.44,0.34,0.105,0.344,0.123,0.081,0.125,0
1,0.4,0.29,0.1,0.2675,0.1205,0.0605,0.0765,0
1,0.33,0.26,0.085,0.1965,0.0915,0.0425,0.055,0
1,0.37,0.285,0.095,0.226,0.1135,0.0515,0.0675,0
2,0.2,0.14,0.055,0.035,0.0145,0.008,0.01,0
1,0.49,0.375,0.115,0.4615,0.204,0.0945,0.143,0
2,0.44,0.32,0.12,0.4565,0.2435,0.092,0.1025,0
1,0.515,0.4,0.14,0.7165,0.3495,0.1595,0.1785,0
1,0.495,0.355,0.12,0.4965,0.214,0.1045,0.1495,0
0,0.56,0.43,0.15,0.8745,0.453,0.161,0.22,0
1,0.44,0.325,0.11,0.4965,0.258,0.1195,0.1075,0
1,0.275,0.195,0.09,0.1125,0.0545,0.0295,0.0355,0
0,0.505,0.39,0.12,0.5725,0.2555,0.1325,0.146,0
0,0.5,0.4,0.14,0.6615,0.2565,0.1755,0.22,0
2,0.285,0.21,0.075,0.1185,0.055,0.0285,0.04,0
1,0.475,0.36,0.135,0.4355,0.196,0.0925,0.125,0
0,0.46,0.35,0.115,0.46,0.2025,0.1115,0.1165,0
2,0.28,0.21,0.065,0.0905,0.035,0.02,0.03,0
0,0.37,0.295,0.1,0.2685,0.1165,0.056,0.0835,0
1,0.495,0.38,0.135,0.5095,0.2065,0.1165,0.165,0
2,0.51,0.415,0.145,0.751,0.3295,0.1835,0.203,0
2,0.365,0.295,0.08,0.2555,0.097,0.043,0.1,0
1,0.42,0.3,0.105,0.316,0.1255,0.07,0.1035,0
1,0.245,0.175,0.055,0.0785,0.04,0.018,0.02,0
1,0.435,0.335,0.11,0.334,0.1355,0.0775,0.0965,0
0,0.46,0.35,0.115,0.44,0.19,0.1025,0.13,0
2,0.355,0.265,0.085,0.201,0.069,0.053,0.0695,0
1,0.445,0.335,0.11,0.411,0.1985,0.0935,0.109,0
1,0.325,0.245,0.075,0.1495,0.0605,0.033,0.045,0
2,0.31,0.22,0.085,0.146,0.061,0.0365,0.045,0
1,0.48,0.35,0.135,0.5465,0.2735,0.0995,0.158,0
1,0.385,0.3,0.1,0.2895,0.1215,0.063,0.09,0
2,0.59,0.465,0.14,1.046,0.4695,0.263,0.263,0
1,0.31,0.225,0.075,0.155,0.065,0.037,0.0365,0
0,0.58,0.435,0.15,0.834,0.428,0.1515,0.23,0
1,0.24,0.185,0.06,0.0655,0.0295,0.0005,0.02,0
2,0.425,0.325,0.1,0.3295,0.1365,0.0725,0.11,0
0,0.275,0.195,0.07,0.08,0.031,0.0215,0.025,0
0,0.39,0.29,0.125,0.3055,0.121,0.082,0.09,0
1,0.355,0.28,0.11,0.2235,0.0815,0.0525,0.08,0
2,0.44,0.325,0.08,0.413,0.144,0.1015,0.13,0
1,0.42,0.32,0.115,0.376,0.169,0.092,0.1,0
2,0.45,0.35,0.13,0.4655,0.2075,0.1045,0.135,0
0,0.485,0.37,0.115,0.4785,0.1995,0.0955,0.129,0
0,0.47,0.36,0.11,0.4965,0.237,0.127,0.13,0
2,0.61,0.48,0.165,1.2435,0.5575,0.2675,0.372,0
1,0.485,0.365,0.125,0.426,0.163,0.0965,0.151,0
1,0.385,0.3,0.125,0.343,0.1705,0.0735,0.081,0
1,0.55,0.425,0.15,0.7665,0.339,0.176,0.21,0
2,0.255,0.18,0.065,0.079,0.034,0.014,0.025,0
0,0.555,0.44,0.145,0.8815,0.43,0.1975,0.2155,0
1,0.365,0.27,0.075,0.2215,0.095,0.0445,0.07,0
1,0.435,0.34,0.115,0.3925,0.1825,0.078,0.1145,0
1,0.49,0.4,0.135,0.624,0.3035,0.1285,0.169,0
2,0.565,0.445,0.15,0.796,0.3635,0.184,0.219,0
2,0.6,0.41,0.145,0.939,0.4475,0.196,0.268,0
2,0.5,0.4,0.13,0.7715,0.37,0.16,0.211,0
1,0.27,0.2,0.07,0.1,0.034,0.0245,0.035,0
1,0.425,0.32,0.1,0.3055,0.126,0.06,0.106,0
1,0.435,0.335,0.105,0.3535,0.156,0.05,0.1135,0
1,0.475,0.365,0.1,0.1315,0.2025,0.0875,0.123,0
1,0.155,0.105,0.05,0.0175,0.005,0.0035,0.005,0
1,0.33,0.23,0.08,0.14,0.0565,0.0365,0.046,0
1,0.33,0.245,0.065,0.1445,0.058,0.032,0.0505,0
2,0.555,0.4,0.13,0.7075,0.332,0.1585,0.18,0
1,0.5,0.395,0.145,0.7865,0.332,0.1815,0.2455,0
1,0.35,0.25,0.1,0.4015,0.1725,0.063,0.1255,0
0,0.575,0.425,0.15,0.8765,0.455,0.18,0.228,0
2,0.335,0.265,0.105,0.222,0.0935,0.056,0.075,0
1,0.41,0.315,0.095,0.2805,0.114,0.0345,0.11,0
1,0.315,0.23,0.0,0.134,0.0575,0.0285,0.3505,0
0,0.455,0.365,0.115,0.4305,0.184,0.108,0.1245,0
0,0.465,0.35,0.125,0.482,0.23,0.106,0.1095,0
1,0.24,0.18,0.055,0.0555,0.0235,0.013,0.018,0
2,0.32,0.24,0.085,0.17,0.0655,0.047,0.049,0
0,0.55,0.44,0.135,0.8435,0.434,0.1995,0.185,0
1,0.315,0.23,0.07,0.1145,0.046,0.0235,0.0385,0
1,0.51,0.405,0.13,0.599,0.3065,0.1155,0.1485,0
0,0.645,0.505,0.165,1.4325,0.684,0.308,0.336,0
1,0.385,0.295,0.085,0.2535,0.103,0.0575,0.085,0
1,0.215,0.155,0.06,0.0525,0.021,0.0165,0.015,0
2,0.51,0.41,0.145,0.796,0.3865,0.1815,0.1955,0
0,0.55,0.425,0.125,0.964,0.5475,0.159,0.215,0
0,0.37,0.275,0.08,0.227,0.093,0.0625,0.07,0
1,0.37,0.28,0.095,0.2865,0.1505,0.069,0.0795,0
0,0.43,0.34,0.11,0.382,0.154,0.0955,0.109,0
2,0.465,0.36,0.11,0.4955,0.2665,0.085,0.121,0
1,0.285,0.225,0.07,0.1005,0.0425,0.0185,0.035,0
1,0.13,0.095,0.035,0.0105,0.005,0.0065,0.0035,0
1,0.33,0.25,0.105,0.1715,0.0655,0.035,0.06,0
1,0.25,0.185,0.065,0.0685,0.0295,0.014,0.0225,0
1,0.28,0.21,0.085,0.1075,0.0415,0.024,0.034,0
1,0.435,0.325,0.12,0.346,0.159,0.084,0.095,0
1,0.3,0.22,0.065,0.1195,0.052,0.0155,0.035,0
1,0.43,0.34,0.105,0.4405,0.2385,0.0745,0.1075,0
2,0.33,0.255,0.095,0.1875,0.0735,0.045,0.06,0
0,0.61,0.485,0.18,1.2795,0.5735,0.2855,0.355,0
1,0.375,0.285,0.1,0.239,0.105,0.0555,0.07,0
1,0.455,0.375,0.12,0.497,0.2355,0.1055,0.1295,0
1,0.45,0.34,0.12,0.4925,0.241,0.1075,0.12,0
2,0.37,0.28,0.095,0.2225,0.0805,0.051,0.075,0
1,0.575,0.44,0.15,0.983,0.486,0.215,0.239,0
1,0.295,0.23,0.08,0.1625,0.065,0.05,0.0385,0
1,0.375,0.275,0.095,0.2295,0.095,0.0545,0.066,0
1,0.41,0.3,0.09,0.304,0.129,0.071,0.0955,0
1,0.405,0.3,0.105,0.304,0.1455,0.061,0.0805,0
2,0.585,0.455,0.15,0.906,0.4095,0.23,0.2335,0
1,0.5,0.38,0.135,0.5285,0.226,0.123,0.209,0
1,0.38,0.28,0.095,0.2885,0.165,0.0435,0.067,0
1,0.46,0.345,0.105,0.449,0.196,0.0945,0.1265,0
1,0.18,0.135,0.08,0.033,0.0145,0.007,0.01,0
2,0.265,0.2,0.065,0.084,0.034,0.0105,0.03,0
1,0.43,0.32,0.11,0.3675,0.1675,0.102,0.105,0
2,0.465,0.36,0.115,0.5795,0.295,0.1395,0.12,0
0,0.61,0.47,0.16,1.0745,0.4925,0.236,0.29,0
1,0.59,0.47,0.145,0.974,0.453,0.236,0.289,0
1,0.41,0.31,0.09,0.339,0.155,0.0695,0.09,0
1,0.325,0.25,0.07,0.1745,0.0875,0.0355,0.04,0
1,0.32,0.225,0.085,0.1415,0.0675,0.0295,0.0405,0
1,0.445,0.345,0.12,0.4035,0.169,0.0825,0.13,0
1,0.32,0.235,0.09,0.183,0.098,0.0335,0.042,0
0,0.45,0.355,0.105,0.5225,0.237,0.1165,0.145,0
2,0.505,0.4,0.15,0.775,0.3445,0.157,0.185,0
2,0.48,0.365,0.13,0.5305,0.2405,0.127,0.139,0
0,0.595,0.465,0.15,1.1005,0.5415,0.166,0.265,0
1,0.36,0.265,0.085,0.1865,0.0675,0.037,0.0615,0
1,0.405,0.31,0.11,0.91,0.416,0.2075,0.0995,0
1,0.375,0.28,0.085,0.3155,0.187,0.046,0.067,0
1,0.275,0.195,0.07,0.0875,0.0345,0.022,0.0255,0
1,0.45,0.335,0.115,0.3935,0.195,0.071,0.11,0
2,0.465,0.355,0.12,0.5315,0.2725,0.097,0.1395,0
2,0.385,0.255,0.1,0.3175,0.137,0.068,0.092,0
1,0.165,0.115,0.015,0.0145,0.0055,0.003,0.005,0
1,0.48,0.35,0.1,0.519,0.2365,0.1275,0.126,0
1,0.45,0.345,0.11,0.47,0.2355,0.0855,0.1135,0
1,0.275,0.175,0.09,0.2315,0.096,0.057,0.0705,0
1,0.355,0.285,0.095,0.2275,0.0955,0.0475,0.0715,0
1,0.48,0.335,0.125,0.524,0.246,0.1095,0.145,0
1,0.2,0.155,0.04,0.0435,0.0155,0.009,0.007,0
1,0.325,0.245,0.07,0.161,0.0755,0.0255,0.045,0
1,0.505,0.4,0.145,0.7045,0.334,0.1425,0.207,0
0,0.34,0.255,0.085,0.204,0.097,0.021,0.05,0
1,0.44,0.34,0.1,0.407,0.209,0.0735,0.103,0
1,0.51,0.395,0.13,0.6025,0.281,0.143,0.162,0
2,0.5,0.39,0.125,0.5215,0.2485,0.117,0.131,0
1,0.55,0.45,0.14,0.753,0.3445,0.1325,0.24,0
1,0.165,0.11,0.02,0.019,0.0065,0.0025,0.005,0
2,0.245,0.18,0.065,0.0635,0.0245,0.0135,0.02,0
1,0.365,0.255,0.08,0.1985,0.0785,0.0345,0.053,0
1,0.335,0.25,0.08,0.167,0.0675,0.0325,0.0575,0
1,0.4,0.295,0.095,0.252,0.1105,0.0575,0.066,0
1,0.495,0.375,0.12,0.589,0.3075,0.1215,0.1405,0
2,0.5,0.39,0.135,0.6595,0.3145,0.1535,0.1565,0
1,0.375,0.28,0.08,0.2345,0.1125,0.0455,0.067,0
1,0.55,0.42,0.13,0.636,0.294,0.144,0.1755,0
1,0.35,0.26,0.09,0.1765,0.072,0.0355,0.0575,0
0,0.47,0.365,0.12,0.582,0.29,0.092,0.146,0
1,0.54,0.41,0.135,0.7025,0.31,0.177,0.2,0
1,0.375,0.28,0.085,0.2145,0.0855,0.0485,0.072,0
2,0.46,0.345,0.12,0.4935,0.2435,0.1175,0.132,0
2,0.285,0.215,0.075,0.106,0.0415,0.023,0.035,0
2,0.47,0.36,0.105,0.544,0.27,0.1395,0.129,0
1,0.33,0.255,0.095,0.172,0.066,0.0255,0.06,0
0,0.46,0.375,0.12,0.4915,0.2205,0.088,0.17,0
1,0.375,0.26,0.08,0.2075,0.09,0.0415,0.07,0
0,0.47,0.355,0.18,0.441,0.1525,0.1165,0.135,0
1,0.395,0.325,0.105,0.306,0.111,0.0735,0.095,0
1,0.495,0.38,0.12,0.512,0.233,0.1205,0.136,0
1,0.4,0.315,0.09,0.33,0.151,0.068,0.08,0
1,0.475,0.35,0.1,0.4545,0.2165,0.111,0.115,0
1,0.505,0.395,0.105,0.551,0.248,0.103,0.171,0
1,0.545,0.375,0.12,0.543,0.2375,0.1155,0.1725,0
1,0.34,0.25,0.075,0.1765,0.0785,0.0405,0.05,0
1,0.385,0.28,0.085,0.2175,0.097,0.038,0.067,0
1,0.43,0.335,0.105,0.378,0.188,0.0785,0.09,0
2,0.57,0.46,0.17,0.9035,0.4075,0.1935,0.214,0
2,0.46,0.345,0.11,0.4595,0.235,0.0885,0.116,0
1,0.525,0.4,0.13,0.6455,0.325,0.1245,0.17,0
2,0.475,0.355,0.12,0.48,0.234,0.1015,0.135,0
1,0.385,0.29,0.085,0.2505,0.112,0.061,0.08,0
2,0.505,0.385,0.13,0.6435,0.3135,0.149,0.1515,0
0,0.505,0.39,0.125,0.5445,0.246,0.15,0.1405,0
2,0.515,0.395,0.135,1.007,0.472,0.2495,0.252,0
1,0.485,0.375,0.13,0.6025,0.2935,0.1285,0.16,0
1,0.35,0.26,0.095,0.221,0.0985,0.043,0.07,0
1,0.435,0.335,0.095,0.298,0.109,0.058,0.115,0
1,0.345,0.255,0.085,0.2005,0.105,0.037,0.05,0
0,0.465,0.35,0.135,0.6265,0.259,0.1445,0.175,0
1,0.43,0.345,0.115,0.4295,0.212,0.108,0.109,0
1,0.48,0.37,0.12,0.536,0.251,0.114,0.15,0
1,0.325,0.25,0.08,0.176,0.0595,0.0355,0.063,0
1,0.475,0.36,0.125,0.4905,0.205,0.1305,0.125,0
1,0.28,0.2,0.065,0.0895,0.036,0.0185,0.03,0
2,0.295,0.215,0.075,0.129,0.05,0.0295,0.04,0
0,0.645,0.49,0.16,1.144,0.5015,0.289,0.319,0
1,0.325,0.27,0.1,0.185,0.08,0.0435,0.065,0
1,0.435,0.3,0.12,0.5965,0.259,0.139,0.1645,0
1,0.275,0.205,0.08,0.096,0.036,0.0185,0.03,0
1,0.275,0.205,0.065,0.101,0.041,0.021,0.034,0
1,0.465,0.345,0.11,0.393,0.1825,0.0735,0.12,0
1,0.395,0.29,0.095,0.304,0.127,0.084,0.077,0
1,0.28,0.12,0.075,0.117,0.0455,0.029,0.0345,0
2,0.59,0.44,0.15,0.8725,0.387,0.215,0.245,0
1,0.405,0.305,0.09,0.2825,0.114,0.0575,0.095,0
1,0.35,0.26,0.075,0.18,0.09,0.0245,0.055,0
1,0.535,0.415,0.15,0.5765,0.3595,0.135,0.225,0
1,0.245,0.195,0.06,0.095,0.0445,0.0245,0.026,0
1,0.375,0.285,0.08,0.226,0.0975,0.04,0.0725,0
1,0.28,0.215,0.08,0.132,0.072,0.022,0.033,0
1,0.5,0.375,0.125,0.5695,0.259,0.124,0.157,0
1,0.5,0.36,0.12,0.439,0.1875,0.1055,0.1305,0
2,0.36,0.27,0.09,0.2225,0.083,0.053,0.075,0
1,0.415,0.31,0.09,0.2815,0.1245,0.0615,0.085,0
2,0.375,0.305,0.09,0.3245,0.1395,0.0565,0.095,0
0,0.585,0.455,0.13,0.8755,0.411,0.2065,0.225,0
1,0.405,0.31,0.095,0.3425,0.1785,0.064,0.0855,0
1,0.405,0.305,0.1,0.268,0.1145,0.053,0.085,0
0,0.29,0.21,0.075,0.275,0.113,0.0675,0.035,0
2,0.575,0.45,0.165,0.9655,0.498,0.19,0.23,0
2,0.55,0.44,0.155,0.9155,0.3645,0.195,0.25,0
1,0.325,0.24,0.075,0.187,0.0825,0.0445,0.05,0
1,0.54,0.42,0.14,0.74,0.3595,0.159,0.1985,0
0,0.6,0.465,0.15,1.1025,0.5455,0.262,0.25,0
1,0.475,0.355,0.1,0.5035,0.2535,0.091,0.14,0
1,0.505,0.4,0.125,0.5605,0.2255,0.1435,0.17,0
0,0.595,0.48,0.16,1.2095,0.5225,0.296,0.32,0
1,0.395,0.29,0.095,0.319,0.138,0.08,0.082,0
1,0.37,0.29,0.095,0.249,0.1045,0.058,0.067,0
2,0.505,0.44,0.14,0.8275,0.3415,0.1855,0.239,0
1,0.255,0.18,0.055,0.083,0.031,0.0215,0.02,0
1,0.425,0.325,0.1,0.398,0.1185,0.0645,0.0945,0
1,0.425,0.31,0.095,0.3075,0.139,0.0745,0.093,0
1,0.415,0.315,0.09,0.3625,0.175,0.0835,0.093,0
1,0.57,0.44,0.15,0.755,0.3425,0.16,0.224,0
0,0.49,0.355,0.16,0.8795,0.3485,0.215,0.2825,0
1,0.435,0.33,0.105,0.335,0.156,0.0555,0.105,0
1,0.295,0.22,0.065,0.1295,0.052,0.028,0.035,0
0,0.53,0.395,0.145,0.775,0.308,0.169,0.255,0
1,0.39,0.285,0.1,0.281,0.1275,0.062,0.077,0
1,0.275,0.2,0.065,0.1035,0.0475,0.0205,0.03,0
1,0.195,0.135,0.04,0.0325,0.0135,0.005,0.0095,0
1,0.375,0.245,0.1,0.394,0.166,0.091,0.1125,0
1,0.445,0.325,0.1,0.378,0.1795,0.1,0.089,0
1,0.485,0.375,0.125,0.562,0.2505,0.1345,0.1525,0
0,0.57,0.435,0.14,0.8585,0.3905,0.196,0.2295,0
1,0.435,0.325,0.1,0.342,0.1335,0.0835,0.105,0
0,0.58,0.46,0.135,0.926,0.4025,0.208,0.275,0
0,0.44,0.34,0.105,0.364,0.148,0.0805,0.1175,0
1,0.52,0.41,0.11,0.5185,0.2165,0.0915,0.184,0
1,0.445,0.345,0.105,0.409,0.1675,0.1015,0.117,0
1,0.495,0.385,0.125,0.585,0.2755,0.1235,0.165,0
1,0.35,0.25,0.07,0.1605,0.0715,0.0335,0.046,0
1,0.465,0.365,0.115,0.467,0.2315,0.0925,0.113,0
1,0.385,0.3,0.095,0.302,0.152,0.0615,0.0735,0
1,0.425,0.325,0.11,0.405,0.1695,0.092,0.1065,0
1,0.425,0.31,0.095,0.3505,0.1645,0.071,0.1,0
1,0.46,0.345,0.105,0.415,0.187,0.087,0.11,0
1,0.3,0.235,0.08,0.131,0.05,0.0265,0.043,0
1,0.42,0.305,0.1,0.3415,0.1645,0.0775,0.086,0
1,0.245,0.205,0.06,0.0765,0.034,0.014,0.0215,0
2,0.31,0.245,0.095,0.15,0.0525,0.034,0.048,0
1,0.54,0.39,0.125,0.6255,0.2525,0.158,0.19,0
1,0.57,0.45,0.135,0.794,0.3815,0.1415,0.245,0
1,0.33,0.23,0.085,0.1695,0.079,0.026,0.0505,0
1,0.36,0.285,0.105,0.2415,0.0915,0.057,0.075,0
1,0.475,0.38,0.12,0.441,0.1785,0.0885,0.1505,0
1,0.27,0.19,0.08,0.081,0.0265,0.0195,0.03,0
1,0.425,0.325,0.11,0.3335,0.173,0.045,0.1,0
1,0.385,0.28,0.125,0.244,0.102,0.038,0.085,0
1,0.28,0.21,0.085,0.1065,0.039,0.0295,0.03,0
2,0.3,0.24,0.09,0.161,0.0725,0.039,0.05,0
1,0.33,0.255,0.085,0.1655,0.063,0.039,0.06,0
0,0.36,0.265,0.09,0.2065,0.078,0.057,0.06,0
2,0.38,0.235,0.1,0.258,0.1055,0.054,0.08,0
2,0.525,0.435,0.155,1.065,0.486,0.233,0.285,0
2,0.495,0.395,0.12,0.553,0.224,0.1375,0.167,0
1,0.415,0.31,0.105,0.3595,0.167,0.083,0.0915,0
2,0.415,0.305,0.1,0.325,0.156,0.0505,0.091,0
1,0.31,0.235,0.07,0.151,0.063,0.0405,0.045,0
1,0.485,0.375,0.13,0.5535,0.266,0.112,0.157,0
1,0.485,0.415,0.14,0.5705,0.25,0.134,0.185,0
2,0.485,0.365,0.155,1.029,0.4235,0.2285,0.313,0
1,0.43,0.325,0.1,0.3645,0.1575,0.0825,0.105,0
1,0.45,0.34,0.125,0.4045,0.171,0.07,0.1345,0
1,0.21,0.17,0.045,0.0475,0.019,0.011,0.013,0
0,0.555,0.445,0.175,1.1465,0.551,0.244,0.2785,0
2,0.435,0.335,0.11,0.4385,0.2075,0.0715,0.1315,0
0,0.565,0.45,0.145,0.8495,0.4215,0.1685,0.225,0
1,0.38,0.275,0.095,0.1375,0.086,0.0585,0.0605,0
0,0.555,0.425,0.14,0.963,0.44,0.224,0.24,0
2,0.155,0.115,0.025,0.024,0.009,0.005,0.0075,0
2,0.535,0.435,0.14,0.874,0.3735,0.229,0.2195,0
1,0.35,0.265,0.095,0.199,0.073,0.049,0.06,0
1,0.3,0.225,0.075,0.1345,0.057,0.028,0.044,0
1,0.32,0.24,0.09,0.1575,0.07,0.0265,0.0425,0
2,0.605,0.475,0.145,0.884,0.3835,0.1905,0.27,0
1,0.19,0.13,0.03,0.0295,0.0155,0.015,0.01,0
1,0.16,0.12,0.02,0.018,0.0075,0.0045,0.005,0
1,0.355,0.275,0.09,0.251,0.097,0.053,0.08,0
1,0.435,0.33,0.11,0.413,0.2055,0.096,0.096,0
1,0.545,0.42,0.125,0.717,0.358,0.112,0.22,0
1,0.265,0.2,0.065,0.0975,0.04,0.0205,0.028,0
1,0.235,0.175,0.065,0.0615,0.0205,0.02,0.019,0
1,0.455,0.345,0.11,0.434,0.207,0.0855,0.1215,0
2,0.475,0.36,0.1,0.4285,0.1965,0.099,0.112,0
1,0.425,0.34,0.1,0.371,0.15,0.0865,0.115,0
2,0.545,0.45,0.15,0.7805,0.3795,0.1625,0.216,0
1,0.285,0.215,0.07,0.1075,0.051,0.0225,0.027,0
1,0.24,0.175,0.055,0.0705,0.025,0.014,0.021,0
1,0.245,0.18,0.065,0.071,0.03,0.013,0.0215,0
1,0.515,0.4,0.125,0.5625,0.25,0.1245,0.17,0
2,0.525,0.385,0.1,0.5115,0.246,0.1005,0.1455,0
1,0.56,0.44,0.13,0.7235,0.349,0.149,0.2,0
1,0.24,0.175,0.065,0.0665,0.031,0.0135,0.017,0
0,0.64,0.51,0.165,1.486,0.7595,0.332,0.321,0
0,0.4,0.32,0.11,0.353,0.1405,0.0985,0.1,0
1,0.35,0.28,0.075,0.196,0.082,0.04,0.064,0
1,0.215,0.15,0.055,0.041,0.015,0.009,0.0125,0
1,0.13,0.1,0.03,0.013,0.0045,0.003,0.004,0
0,0.525,0.41,0.135,0.7905,0.4065,0.198,0.177,0
1,0.425,0.315,0.095,0.3675,0.1865,0.0675,0.0985,0
1,0.375,0.28,0.09,0.215,0.084,0.06,0.055,0
1,0.39,0.3,0.1,0.2665,0.1105,0.059,0.084,0
1,0.47,0.365,0.1,0.411,0.175,0.0855,0.135,0
2,0.62,0.47,0.135,1.0195,0.5315,0.2005,0.2475,0
2,0.445,0.32,0.12,0.414,0.199,0.09,0.117,0
2,0.575,0.455,0.165,0.867,0.3765,0.1805,0.268,0
1,0.185,0.135,0.045,0.032,0.011,0.0065,0.01,0
0,0.58,0.48,0.18,1.2495,0.4945,0.27,0.371,0
1,0.37,0.275,0.08,0.2325,0.093,0.056,0.072,0
1,0.23,0.165,0.06,0.0515,0.019,0.0145,0.036,0
1,0.36,0.27,0.085,0.2185,0.1065,0.038,0.062,0
1,0.29,0.215,0.065,0.0985,0.0425,0.021,0.031,0
1,0.43,0.33,0.095,0.32,0.118,0.065,0.123,0
1,0.185,0.135,0.04,0.027,0.0105,0.0055,0.009,0
0,0.58,0.46,0.18,1.0515,0.4095,0.2595,0.276,0
1,0.31,0.235,0.09,0.127,0.048,0.031,0.04,0
2,0.57,0.45,0.14,0.9275,0.477,0.1605,0.2515,0
1,0.53,0.38,0.125,0.616,0.292,0.113,0.185,0
1,0.44,0.355,0.12,0.495,0.231,0.11,0.125,0
1,0.47,0.385,0.13,0.587,0.264,0.117,0.174,0
1,0.355,0.27,0.075,0.1775,0.079,0.0315,0.054,0
0,0.335,0.22,0.07,0.17,0.076,0.0365,0.05,0
1,0.51,0.38,0.115,0.5155,0.215,0.1135,0.166,0
1,0.4,0.31,0.115,0.314,0.1545,0.0595,0.087,0
1,0.415,0.315,0.105,0.33,0.1405,0.0705,0.095,0
1,0.445,0.335,0.1,0.4895,0.2745,0.086,0.1105,0
1,0.615,0.475,0.13,0.8425,0.353,0.1915,0.251,0
1,0.295,0.215,0.07,0.121,0.047,0.0155,0.0405,0
1,0.285,0.205,0.07,0.106,0.039,0.0285,0.034,0
1,0.17,0.13,0.095,0.03,0.013,0.008,0.01,0
2,0.535,0.415,0.135,0.78,0.3165,0.169,0.2365,0
1,0.52,0.4,0.11,0.597,0.2935,0.1155,0.16,0
1,0.29,0.225,0.07,0.101,0.036,0.0235,0.035,0
2,0.61,0.485,0.16,1.0145,0.5315,0.212,0.2415,0
0,0.595,0.435,0.15,0.9,0.4175,0.17,0.265,0
1,0.375,0.275,0.085,0.22,0.109,0.05,0.0605,0
0,0.64,0.475,0.14,1.0725,0.4895,0.2295,0.31,0
2,0.505,0.365,0.115,0.521,0.25,0.096,0.15,0
1,0.3,0.23,0.08,0.1275,0.0435,0.0265,0.04,0
2,0.48,0.36,0.1,0.439,0.194,0.099,0.115,0
0,0.545,0.44,0.15,0.9475,0.366,0.239,0.275,0
1,0.465,0.37,0.11,0.445,0.1635,0.096,0.166,0
1,0.21,0.15,0.045,0.04,0.0135,0.008,0.0105,0
1,0.425,0.34,0.105,0.389,0.2015,0.0905,0.088,0
1,0.56,0.42,0.14,0.837,0.414,0.214,0.2,0
1,0.44,0.32,0.095,0.3275,0.1495,0.059,0.1,0
1,0.37,0.28,0.09,0.2565,0.1255,0.0645,0.0645,0
1,0.53,0.4,0.125,0.617,0.279,0.127,0.19,0
1,0.415,0.305,0.12,0.336,0.165,0.076,0.0805,0
1,0.27,0.19,0.06,0.099,0.0445,0.017,0.03,0
1,0.4,0.3,0.115,0.318,0.1335,0.0725,0.0935,0
1,0.315,0.23,0.09,0.1285,0.043,0.04,0.04,0
1,0.29,0.205,0.07,0.0975,0.036,0.019,0.035,0
2,0.525,0.415,0.145,0.845,0.3525,0.1635,0.2875,0
2,0.18,0.125,0.05,0.023,0.0085,0.0055,0.01,0
1,0.35,0.26,0.095,0.211,0.086,0.056,0.068,0
1,0.475,0.36,0.145,0.6325,0.2825,0.137,0.19,0
0,0.475,0.38,0.14,0.689,0.3165,0.1315,0.1955,0
0,0.59,0.46,0.145,0.9905,0.453,0.2205,0.275,0
2,0.47,0.35,0.1,0.4775,0.1885,0.0885,0.175,0
2,0.49,0.385,0.125,0.609,0.3065,0.096,0.1775,0
2,0.455,0.375,0.125,0.484,0.2155,0.102,0.165,0
1,0.415,0.335,0.1,0.358,0.169,0.067,0.105,0
2,0.58,0.465,0.15,0.9065,0.371,0.1965,0.29,0
2,0.485,0.39,0.12,0.599,0.251,0.1345,0.169,0
0,0.305,0.225,0.07,0.1485,0.0585,0.0335,0.045,0
1,0.4,0.29,0.11,0.329,0.188,0.0455,0.0825,0
1,0.365,0.27,0.085,0.196,0.0825,0.0375,0.06,0
2,0.38,0.27,0.095,0.219,0.0835,0.0515,0.07,0
0,0.36,0.27,0.09,0.1885,0.0845,0.0385,0.055,0
2,0.525,0.395,0.13,0.7635,0.3375,0.1425,0.225,0
1,0.455,0.34,0.115,0.486,0.261,0.0655,0.1315,0
1,0.53,0.43,0.14,0.677,0.298,0.0965,0.23,0
1,0.28,0.205,0.07,0.1015,0.041,0.03,0.03,0
2,0.47,0.385,0.135,0.5895,0.2765,0.12,0.17,0
2,0.56,0.45,0.14,0.9,0.472,0.182,0.218,0
1,0.475,0.385,0.11,0.5735,0.311,0.1025,0.136,0
1,0.44,0.345,0.115,0.545,0.269,0.111,0.1305,0
1,0.255,0.19,0.07,0.0815,0.028,0.016,0.031,0
1,0.365,0.265,0.135,0.2215,0.105,0.047,0.0605,0
1,0.465,0.355,0.12,0.5805,0.255,0.0915,0.184,0
0,0.55,0.425,0.14,0.952,0.4895,0.1945,0.2185,0
1,0.37,0.275,0.14,0.2215,0.097,0.0455,0.0615,0
1,0.515,0.385,0.125,0.572,0.237,0.1435,0.165,0
2,0.53,0.41,0.14,0.681,0.3095,0.1415,0.1835,0
0,0.575,0.48,0.15,0.897,0.4235,0.1905,0.248,0
1,0.435,0.33,0.095,0.393,0.219,0.075,0.0885,0
2,0.52,0.415,0.175,0.753,0.258,0.171,0.255,0
2,0.59,0.45,0.155,0.874,0.369,0.2135,0.24,0
0,0.48,0.38,0.12,0.608,0.2705,0.1405,0.185,0
2,0.61,0.48,0.15,1.1495,0.564,0.274,0.264,0
1,0.44,0.35,0.11,0.3805,0.1575,0.0895,0.115,0
1,0.55,0.425,0.13,0.664,0.2695,0.163,0.21,0
1,0.44,0.34,0.12,0.4995,0.2965,0.0945,0.1185,0
0,0.38,0.305,0.095,0.2815,0.1255,0.0525,0.09,0
2,0.355,0.26,0.085,0.1905,0.081,0.0485,0.055,0
1,0.37,0.28,0.09,0.218,0.0995,0.0545,0.0615,0
1,0.515,0.395,0.125,0.556,0.2695,0.096,0.17,0
1,0.5,0.385,0.12,0.56,0.2835,0.103,0.135,0
1,0.275,0.205,0.07,0.1055,0.495,0.019,0.0315,0
0,0.62,0.48,0.16,1.1125,0.5635,0.2445,0.281,0
1,0.31,0.215,0.075,0.1275,0.0565,0.0275,0.036,0
1,0.44,0.34,0.105,0.369,0.164,0.08,0.1015,0
1,0.405,0.31,0.09,0.312,0.138,0.06,0.087,0
2,0.575,0.45,0.155,0.948,0.429,0.206,0.259,0
2,0.475,0.36,0.14,0.5135,0.241,0.1045,0.155,0
0,0.52,0.405,0.115,0.776,0.32,0.1845,0.22,0
1,0.44,0.345,0.13,0.4495,0.209,0.0835,0.134,0
2,0.545,0.39,0.135,0.7835,0.4225,0.1815,0.156,0
1,0.345,0.255,0.095,0.1945,0.0925,0.037,0.055,0
1,0.43,0.315,0.115,0.384,0.1885,0.0715,0.11,0
1,0.475,0.355,0.135,0.4775,0.2145,0.09,0.1435,0
1,0.215,0.165,0.055,0.059,0.0265,0.0125,0.0185,0
1,0.55,0.45,0.13,0.804,0.3375,0.1405,0.23,0
1,0.165,0.12,0.03,0.0215,0.007,0.005,0.005,0
1,0.45,0.35,0.13,0.547,0.245,0.1405,0.1405,0
1,0.42,0.31,0.095,0.279,0.1255,0.051,0.088,0
1,0.515,0.385,0.125,0.6115,0.3175,0.1265,0.15,0
1,0.35,0.25,0.075,0.1695,0.0835,0.0355,0.041,0
1,0.335,0.245,0.09,0.1665,0.0595,0.04,0.06,0
1,0.415,0.33,0.09,0.3595,0.17,0.081,0.09,0
1,0.335,0.25,0.08,0.183,0.0735,0.04,0.0575,0
0,0.505,0.39,0.115,0.66,0.3045,0.1555,0.175,0
1,0.52,0.38,0.115,0.6645,0.3285,0.17,0.1425,0
0,0.55,0.43,0.14,0.84,0.375,0.218,0.1945,0
1,0.265,0.21,0.06,0.0965,0.0425,0.022,0.03,0
1,0.51,0.405,0.125,0.6795,0.3465,0.1395,0.182,0
2,0.51,0.405,0.125,0.6925,0.327,0.155,0.1805,0
1,0.49,0.375,0.125,0.5445,0.279,0.115,0.13,0
0,0.37,0.275,0.085,0.2405,0.104,0.0535,0.07,0
2,0.505,0.4,0.135,0.723,0.377,0.149,0.178,0
2,0.515,0.425,0.145,0.9365,0.497,0.181,0.2185,0
0,0.505,0.38,0.13,0.693,0.391,0.1195,0.1515,0
1,0.38,0.3,0.1,0.286,0.1305,0.056,0.09,0
1,0.19,0.14,0.03,0.0315,0.0125,0.005,0.0105,0
1,0.535,0.385,0.18,1.0835,0.4955,0.2295,0.304,0
1,0.435,0.345,0.12,0.4475,0.221,0.112,0.125,0
1,0.285,0.21,0.07,0.109,0.044,0.0265,0.033,0
1,0.55,0.415,0.145,0.7815,0.373,0.16,0.2215,0
1,0.405,0.31,0.065,0.3205,0.1575,0.066,0.088,0
1,0.33,0.26,0.08,0.19,0.0765,0.0385,0.065,0
1,0.375,0.305,0.115,0.2715,0.092,0.074,0.09,0
1,0.505,0.355,0.125,0.601,0.25,0.1205,0.185,0
1,0.36,0.28,0.09,0.2255,0.0885,0.04,0.09,0
1,0.345,0.265,0.1,0.2455,0.111,0.0535,0.065,0
1,0.415,0.31,0.095,0.34,0.181,0.057,0.083,0
1,0.545,0.42,0.165,0.8935,0.4235,0.2195,0.228,0
1,0.405,0.305,0.1,0.271,0.0965,0.061,0.091,0
1,0.52,0.38,0.125,0.5545,0.288,0.1295,0.167,0
1,0.3,0.23,0.085,0.117,0.05,0.0175,0.0415,0
2,0.465,0.375,0.11,0.5,0.21,0.113,0.1505,0
2,0.235,0.16,0.06,0.0545,0.0265,0.0095,0.015,0
1,0.42,0.32,0.1,0.34,0.1745,0.05,0.0945,0
1,0.385,0.28,0.095,0.257,0.119,0.059,0.07,0
0,0.29,0.225,0.075,0.14,0.0515,0.0235,0.04,0
0,0.46,0.36,0.115,0.4755,0.2105,0.105,0.16,0
1,0.235,0.16,0.04,0.048,0.0185,0.018,0.015,0
1,0.14,0.105,0.035,0.014,0.0055,0.0025,0.004,0
2,0.48,0.385,0.145,0.64,0.2925,0.1405,0.1575,0
1,0.335,0.255,0.08,0.168,0.079,0.0355,0.05,0
1,0.46,0.365,0.115,0.511,0.2365,0.118,0.123,0
1,0.51,0.395,0.155,0.5395,0.2465,0.1085,0.167,0
1,0.35,0.235,0.08,0.17,0.0725,0.0465,0.0495,0
0,0.435,0.325,0.115,0.3915,0.154,0.094,0.12,0
1,0.285,0.215,0.06,0.0935,0.031,0.023,0.03,0
2,0.545,0.42,0.145,0.778,0.3745,0.1545,0.205,0
1,0.45,0.365,0.125,0.462,0.2135,0.0985,0.1315,0
2,0.57,0.445,0.14,1.0635,0.5265,0.2195,0.24,0
0,0.535,0.425,0.135,0.771,0.3765,0.1815,0.1795,0
1,0.32,0.205,0.08,0.181,0.088,0.034,0.0495,0
2,0.625,0.48,0.185,1.2065,0.587,0.29,0.286,0
1,0.46,0.34,0.1,0.386,0.1805,0.0875,0.0965,0
1,0.275,0.205,0.075,0.1105,0.045,0.0285,0.035,0
1,0.24,0.175,0.045,0.07,0.0315,0.0235,0.02,0
1,0.185,0.375,0.12,0.4645,0.196,0.1045,0.15,0
0,0.43,0.34,0.12,0.391,0.1555,0.095,0.1405,0
1,0.36,0.25,0.115,0.465,0.21,0.1055,0.128,0
1,0.435,0.34,0.12,0.396,0.1775,0.081,0.125,0
2,0.52,0.4,0.125,0.559,0.254,0.139,0.149,0
2,0.535,0.405,0.14,0.818,0.402,0.1715,0.189,0
2,0.42,0.335,0.115,0.369,0.171,0.071,0.12,0
1,0.2,0.145,0.025,0.0345,0.011,0.0075,0.01,0
1,0.44,0.335,0.115,0.4215,0.173,0.0765,0.113,0
2,0.665,0.525,0.16,1.363,0.629,0.279,0.34,0
2,0.48,0.37,0.1,0.5135,0.243,0.1015,0.135,0
1,0.5,0.38,0.11,0.494,0.218,0.09,0.1325,0
1,0.4,0.315,0.1,0.3225,0.143,0.0735,0.091,0
2,0.555,0.435,0.145,0.9205,0.404,0.2275,0.255,0
1,0.475,0.365,0.105,0.4175,0.1645,0.099,0.127,0
1,0.305,0.23,0.075,0.1455,0.0595,0.0305,0.05,0
2,0.27,0.195,0.08,0.1,0.0385,0.0195,0.03,0
1,0.395,0.29,0.095,0.3,0.158,0.068,0.078,0
1,0.42,0.31,0.1,0.2805,0.1125,0.0615,0.0925,0
1,0.43,0.315,0.095,0.378,0.175,0.08,0.1045,0
1,0.325,0.25,0.08,0.1735,0.0765,0.0345,0.049,0
1,0.425,0.32,0.085,0.262,0.1235,0.067,0.0725,0
1,0.475,0.35,0.115,0.498,0.2375,0.099,0.14,0
1,0.36,0.265,0.075,0.1845,0.083,0.0365,0.055,0
2,0.635,0.51,0.185,1.308,0.544,0.318,0.377,0
2,0.485,0.39,0.135,0.617,0.25,0.1345,0.1635,0
2,0.65,0.485,0.14,1.175,0.475,0.2435,0.215,0
2,0.665,0.515,0.165,1.3855,0.621,0.302,0.3445,0
0,0.55,0.415,0.135,0.8145,0.427,0.1855,0.175,0
1,0.355,0.27,0.075,0.204,0.3045,0.046,0.0595,0
1,0.215,0.17,0.055,0.0605,0.0205,0.014,0.02,0
2,0.48,0.365,0.12,0.6015,0.312,0.117,0.14,0
1,0.41,0.305,0.1,0.2645,0.1,0.0655,0.085,0
0,0.51,0.385,0.135,0.632,0.282,0.145,0.17,0
0,0.475,0.38,0.135,0.486,0.1735,0.07,0.185,0
0,0.515,0.4,0.125,0.615,0.2865,0.123,0.1765,0
0,0.47,0.35,0.115,0.487,0.1955,0.127,0.155,0
1,0.37,0.275,0.085,0.2045,0.096,0.056,0.08,0
1,0.545,0.405,0.135,0.5945,0.27,0.1185,0.185,0
0,0.525,0.44,0.125,0.7115,0.3205,0.159,0.1915,0
2,0.28,0.205,0.1,0.1165,0.0545,0.0285,0.03,0
1,0.455,0.375,0.125,0.533,0.233,0.106,0.185,0
1,0.44,0.34,0.1,0.379,0.1725,0.0815,0.101,0
0,0.53,0.425,0.15,0.8495,0.328,0.232,0.202,0
1,0.58,0.435,0.15,0.8915,0.363,0.1925,0.2515,0
1,0.415,0.325,0.1,0.385,0.167,0.08,0.125,0
0,0.53,0.405,0.15,0.889,0.4055,0.2275,0.215,0
1,0.295,0.22,0.07,0.1365,0.0575,0.0295,0.035,0
1,0.255,0.19,0.05,0.083,0.0295,0.0215,0.027,0
1,0.375,0.275,0.1,0.2325,0.1165,0.042,0.065,0
2,0.335,0.235,0.085,0.1545,0.066,0.0345,0.045,0
1,0.32,0.235,0.08,0.1485,0.064,0.031,0.045,0
1,0.295,0.215,0.075,0.116,0.037,0.0295,0.04,0
1,0.365,0.275,0.135,0.24,0.108,0.0445,0.0735,0
2,0.28,0.21,0.08,0.1085,0.041,0.0265,0.0345,0
1,0.315,0.235,0.075,0.1485,0.0585,0.0375,0.0425,0
1,0.445,0.355,0.095,0.3615,0.1415,0.0785,0.12,0
1,0.385,0.28,0.09,0.228,0.1025,0.042,0.0655,0
2,0.525,0.405,0.13,0.7185,0.3265,0.1975,0.175,0
1,0.37,0.275,0.1,0.2295,0.0885,0.0465,0.07,0
2,0.53,0.405,0.125,0.6515,0.2715,0.1605,0.186,0
0,0.62,0.435,0.155,1.012,0.477,0.236,0.275,0
1,0.245,0.19,0.06,0.086,0.042,0.014,0.025,0
1,0.41,0.335,0.105,0.3305,0.1405,0.064,0.105,0
1,0.505,0.405,0.13,0.6015,0.3015,0.11,0.18,0
1,0.46,0.36,0.105,0.466,0.2225,0.099,0.11,0
1,0.43,0.35,0.105,0.366,0.1705,0.0855,0.11,0
1,0.46,0.355,0.11,0.436,0.1975,0.096,0.125,0
1,0.425,0.315,0.1,0.377,0.1645,0.072,0.105,0
1,0.275,0.2,0.065,0.1165,0.0565,0.013,0.035,0
0,0.515,0.375,0.11,0.6065,0.3005,0.131,0.15,0
2,0.355,0.265,0.09,0.168,0.05,0.041,0.063,0
1,0.36,0.28,0.08,0.1755,0.081,0.0505,0.07,0
1,0.515,0.395,0.125,0.6635,0.32,0.14,0.17,0
2,0.49,0.38,0.11,0.554,0.2935,0.1005,0.15,0
1,0.4,0.315,0.09,0.3245,0.151,0.073,0.088,0
2,0.62,0.45,0.2,0.858,0.4285,0.1525,0.2405,0
0,0.56,0.44,0.155,0.6405,0.336,0.1765,0.245,0
1,0.455,0.35,0.105,0.4445,0.213,0.107,0.1115,0
1,0.555,0.43,0.125,0.7005,0.3395,0.1355,0.2095,0
2,0.35,0.265,0.09,0.197,0.073,0.0365,0.077,0
1,0.22,0.16,0.05,0.049,0.0215,0.01,0.015,0
1,0.375,0.285,0.09,0.257,0.1045,0.062,0.075,0
1,0.395,0.32,0.1,0.3075,0.149,0.0535,0.09,0
1,0.26,0.215,0.08,0.099,0.037,0.0255,0.045,0
1,0.28,0.215,0.07,0.124,0.063,0.0215,0.03,0
1,0.235,0.13,0.075,0.1585,0.0685,0.037,0.0465,0
2,0.275,0.205,0.07,0.094,0.0335,0.02,0.0325,0
2,0.47,0.375,0.115,0.4265,0.1685,0.0755,0.15,0
2,0.31,0.225,0.08,0.1345,0.054,0.024,0.05,0
1,0.31,0.23,0.07,0.1245,0.0505,0.0265,0.038,0
1,0.33,0.225,0.075,0.187,0.0945,0.0395,0.0425,0
1,0.235,0.175,0.055,0.067,0.027,0.0125,0.018,0
1,0.375,0.28,0.08,0.2235,0.115,0.043,0.055,0
1,0.4,0.3,0.09,0.2815,0.1185,0.061,0.08,0
1,0.255,0.195,0.07,0.0735,0.0255,0.02,0.025,0
1,0.47,0.355,0.145,0.4485,0.156,0.102,0.123,0
1,0.5,0.4,0.12,0.616,0.261,0.143,0.1935,0
1,0.28,0.21,0.065,0.111,0.0425,0.0285,0.03,0
1,0.46,0.355,0.11,0.4255,0.2015,0.081,0.13,0
2,0.535,0.43,0.14,0.7165,0.2855,0.1595,0.2155,0
0,0.375,0.27,0.135,0.597,0.272,0.131,0.1675,0
1,0.365,0.275,0.085,0.223,0.098,0.0375,0.075,0
1,0.16,0.12,0.035,0.021,0.0075,0.0045,0.005,0
1,0.32,0.235,0.065,0.1385,0.058,0.0225,0.05,0
0,0.37,0.275,0.1,0.2225,0.093,0.026,0.08,0
0,0.5,0.38,0.14,0.6355,0.277,0.143,0.1785,0
1,0.34,0.25,0.09,0.179,0.0775,0.033,0.055,0
2,0.48,0.355,0.16,0.464,0.221,0.106,0.239,0
2,0.39,0.28,0.125,0.564,0.3035,0.0955,0.143,0
1,0.45,0.33,0.1,0.411,0.1945,0.1,0.098,0
1,0.255,0.19,0.06,0.086,0.04,0.0185,0.025,0
1,0.29,0.21,0.07,0.1115,0.048,0.0205,0.03,0
1,0.46,0.34,0.09,0.384,0.1795,0.068,0.11,0
1,0.38,0.275,0.095,0.2425,0.106,0.0485,0.21,0
2,0.48,0.37,0.135,0.6315,0.3445,0.1015,0.161,0
1,0.335,0.25,0.08,0.1695,0.0695,0.044,0.0495,0
2,0.56,0.415,0.13,0.7615,0.3695,0.17,0.1955,0
1,0.45,0.33,0.105,0.3715,0.1865,0.0785,0.0975,0
1,0.47,0.355,0.12,0.393,0.167,0.0885,0.115,0
1,0.395,0.305,0.105,0.284,0.1135,0.0595,0.0945,0
1,0.485,0.365,0.105,0.5205,0.195,0.123,0.182,0
2,0.475,0.37,0.11,0.4895,0.2185,0.107,0.146,0
2,0.52,0.395,0.125,0.8115,0.4035,0.166,0.2,0
1,0.17,0.105,0.035,0.034,0.012,0.0085,0.005,0
2,0.415,0.3,0.1,0.3355,0.1545,0.0685,0.095,0
1,0.41,0.31,0.09,0.3335,0.1635,0.061,0.091,0
1,0.29,0.21,0.06,0.1045,0.0415,0.022,0.035,0
1,0.37,0.275,0.095,0.257,0.1015,0.055,0.0825,0
1,0.395,0.295,0.09,0.3025,0.143,0.0665,0.0765,0
1,0.38,0.285,0.085,0.237,0.115,0.0405,0.07,0
2,0.48,0.375,0.115,0.6765,0.3205,0.1065,0.17,0
1,0.51,0.39,0.125,0.597,0.293,0.1265,0.1555,0
1,0.285,0.22,0.065,0.096,0.0405,0.0205,0.03,0
2,0.405,0.305,0.085,0.2605,0.1145,0.0595,0.085,0
1,0.205,0.15,0.065,0.04,0.02,0.011,0.013,0
1,0.4,0.315,0.085,0.2675,0.116,0.0585,0.0765,0
1,0.455,0.35,0.135,0.5365,0.2855,0.0855,0.1325,0
2,0.55,0.44,0.16,0.985,0.4645,0.201,0.27,0
1,0.495,0.38,0.13,0.5125,0.2185,0.116,0.16,0
1,0.46,0.335,0.11,0.444,0.225,0.0745,0.11,0
1,0.455,0.325,0.135,0.82,0.4005,0.1715,0.211,0
1,0.375,0.28,0.08,0.226,0.105,0.047,0.065,0
1,0.48,0.355,0.11,0.4495,0.201,0.089,0.14,0
1,0.24,0.17,0.05,0.0545,0.0205,0.016,0.0155,0
0,0.585,0.465,0.165,0.9355,0.4035,0.2275,0.259,1
2,0.625,0.47,0.18,1.136,0.451,0.3245,0.305,1
1,0.425,0.38,0.105,0.3265,0.1285,0.0785,0.1,1
0,0.4,0.335,0.115,0.4335,0.2105,0.1205,0.12,1
0,0.605,0.485,0.16,1.201,0.417,0.2875,0.38,1
0,0.55,0.465,0.18,1.2125,0.3245,0.205,0.525,1
2,0.345,0.255,0.08,0.169,0.06,0.0425,0.054,1
2,0.645,0.5,0.195,1.401,0.6165,0.3515,0.3725,1
2,0.345,0.27,0.095,0.197,0.0665,0.05,0.07,1
0,0.705,0.53,0.17,1.564,0.612,0.394,0.44,1
2,0.65,0.525,0.185,1.622,0.6645,0.3225,0.477,1
2,0.7,0.565,0.18,1.751,0.895,0.3355,0.446,1
2,0.65,0.51,0.175,1.446,0.6485,0.2705,0.45,1
2,0.6,0.475,0.205,1.176,0.5255,0.2875,0.308,1
2,0.565,0.465,0.15,1.1285,0.377,0.3525,0.33,1
2,0.5,0.42,0.125,0.62,0.255,0.15,0.205,1
2,0.58,0.46,0.18,1.145,0.48,0.277,0.325,1
2,0.44,0.355,0.125,0.4775,0.132,0.0815,0.19,1
2,0.45,0.355,0.12,0.3955,0.147,0.0765,0.145,1
0,0.425,0.345,0.11,0.3665,0.125,0.081,0.117,1
2,0.47,0.37,0.18,0.51,0.1915,0.1285,0.1625,1
2,0.575,0.435,0.13,1.0105,0.368,0.222,0.32,1
2,0.48,0.38,0.135,0.528,0.2,0.1395,0.16,1
2,0.67,0.5,0.19,1.519,0.616,0.388,0.415,1
0,0.65,0.52,0.195,1.6275,0.689,0.3905,0.432,1
0,0.615,0.455,0.135,1.059,0.4735,0.263,0.274,1
0,0.58,0.46,0.12,0.9935,0.4625,0.2385,0.28,1
0,0.64,0.5,0.175,1.394,0.4935,0.291,0.4,1
0,0.585,0.445,0.14,0.913,0.4305,0.2205,0.253,1
1,0.525,0.415,0.12,0.596,0.2805,0.12,0.1695,1
2,0.72,0.575,0.23,2.2695,0.8835,0.3985,0.665,1
1,0.47,0.375,0.105,0.468,0.1665,0.108,0.17,1
2,0.6,0.495,0.175,1.29,0.606,0.276,0.3445,1
0,0.655,0.5,0.14,1.1705,0.5405,0.3175,0.285,1
0,0.725,0.53,0.19,1.7315,0.83,0.398,0.405,1
0,0.655,0.515,0.155,1.309,0.524,0.346,0.385,1
0,0.605,0.485,0.16,1.0565,0.37,0.2355,0.355,1
0,0.43,0.35,0.09,0.397,0.1575,0.089,0.12,1
0,0.615,0.5,0.205,1.1055,0.4445,0.227,0.39,1
2,0.665,0.535,0.155,1.383,0.596,0.2565,0.485,1
2,0.61,0.485,0.17,1.0225,0.419,0.2405,0.36,1
0,0.63,0.515,0.16,1.336,0.553,0.3205,0.35,1
0,0.75,0.565,0.215,1.938,0.7735,0.4825,0.575,1
1,0.53,0.415,0.11,0.5745,0.2525,0.1235,0.189,1
1,0.47,0.37,0.14,0.4985,0.2095,0.1225,0.145,1
1,0.435,0.355,0.125,0.4075,0.1535,0.074,0.165,1
2,0.63,0.51,0.19,1.4985,0.4125,0.3075,0.545,1
0,0.38,0.29,0.105,0.257,0.099,0.051,0.085,1
0,0.705,0.535,0.18,1.685,0.693,0.42,0.4045,1
0,0.47,0.365,0.105,0.4205,0.163,0.1035,0.14,1
1,0.52,0.395,0.125,0.5805,0.2445,0.146,0.165,1
0,0.645,0.51,0.19,1.363,0.573,0.362,0.36,1
2,0.56,0.425,0.135,0.849,0.3265,0.221,0.2645,1
1,0.55,0.425,0.145,0.89,0.4325,0.171,0.236,1
2,0.58,0.46,0.155,1.0335,0.469,0.2225,0.295,1
0,0.605,0.475,0.175,1.382,0.609,0.2325,0.3985,1
1,0.605,0.48,0.155,0.9995,0.425,0.1985,0.3,1
0,0.525,0.425,0.16,0.8355,0.3545,0.2135,0.245,1
2,0.715,0.545,0.18,1.7405,0.871,0.347,0.449,1
2,0.575,0.445,0.14,0.737,0.325,0.1405,0.237,1
2,0.55,0.435,0.145,0.843,0.328,0.1915,0.255,1
2,0.59,0.44,0.135,0.966,0.439,0.2145,0.2605,1
0,0.7,0.56,0.175,1.6605,0.8605,0.3275,0.398,1
0,0.595,0.43,0.21,1.5245,0.653,0.396,0.41,1
1,0.535,0.45,0.155,0.8075,0.3655,0.148,0.2595,1
0,0.6,0.505,0.19,1.129,0.4385,0.256,0.36,1
2,0.55,0.45,0.155,0.7895,0.343,0.159,0.25,1
2,0.635,0.525,0.205,1.484,0.55,0.3115,0.43,1
1,0.445,0.33,0.1,0.437,0.163,0.0755,0.17,1
1,0.625,0.465,0.155,0.972,0.404,0.1845,0.35,1
2,0.485,0.41,0.15,0.696,0.2405,0.1625,0.265,1
2,0.54,0.415,0.13,0.8245,0.272,0.226,0.24,1
0,0.52,0.41,0.125,0.6985,0.2945,0.1625,0.215,1
2,0.52,0.4,0.12,0.823,0.298,0.1805,0.265,1
0,0.735,0.6,0.22,2.555,1.1335,0.44,0.6,1
0,0.685,0.525,0.175,1.71,0.5415,0.309,0.58,1
2,0.56,0.43,0.145,0.8995,0.464,0.1775,0.234,1
0,0.605,0.5,0.185,1.1185,0.469,0.2585,0.335,1
2,0.555,0.425,0.15,0.873,0.4625,0.1845,0.1965,1
2,0.43,0.345,0.115,0.3045,0.0925,0.055,0.12,1
0,0.435,0.35,0.12,0.4585,0.192,0.1,0.13,1
0,0.52,0.41,0.115,0.807,0.2855,0.179,0.235,1
1,0.5,0.375,0.12,0.542,0.215,0.116,0.17,1
2,0.57,0.405,0.16,0.9245,0.3445,0.2185,0.295,1
2,0.33,0.25,0.09,0.197,0.085,0.041,0.0605,1
1,0.575,0.45,0.15,0.858,0.449,0.166,0.215,1
2,0.61,0.475,0.165,1.116,0.428,0.2205,0.315,1
0,0.475,0.375,0.14,0.501,0.192,0.1175,0.175,1
2,0.65,0.52,0.155,1.368,0.6185,0.288,0.365,1
1,0.52,0.395,0.135,0.633,0.2985,0.1295,0.175,1
0,0.45,0.345,0.115,0.496,0.1905,0.117,0.14,1
0,0.57,0.45,0.16,0.9715,0.3965,0.255,0.26,1
1,0.565,0.46,0.155,0.8715,0.3755,0.215,0.25,1
2,0.555,0.44,0.135,0.9025,0.3805,0.2105,0.28,1
2,0.57,0.455,0.15,0.952,0.3895,0.2155,0.2745,1
2,0.575,0.45,0.185,0.925,0.342,0.197,0.35,1
0,0.525,0.405,0.16,0.658,0.2655,0.1125,0.225,1
0,0.645,0.51,0.155,1.129,0.5015,0.24,0.342,1
1,0.465,0.34,0.11,0.346,0.1425,0.073,0.113,1
0,0.615,0.52,0.15,1.3435,0.629,0.2605,0.345,1
0,0.595,0.47,0.165,1.0155,0.491,0.1905,0.289,1
0,0.56,0.44,0.155,0.9705,0.4315,0.263,0.255,1
2,0.63,0.455,0.15,1.1315,0.481,0.2745,0.305,1
1,0.41,0.31,0.11,0.315,0.124,0.082,0.095,1
2,0.65,0.51,0.19,1.542,0.7155,0.3735,0.375,1
2,0.49,0.42,0.125,0.609,0.239,0.1435,0.22,1
0,0.485,0.4,0.155,0.731,0.236,0.183,0.255,1
1,0.4,0.31,0.1,0.2875,0.1145,0.0635,0.095,1
1,0.52,0.41,0.145,0.646,0.2965,0.1595,0.165,1
2,0.71,0.56,0.22,2.015,0.9215,0.454,0.566,1
0,0.65,0.475,0.165,1.3875,0.58,0.3485,0.3095,1
2,0.625,0.5,0.14,1.096,0.5445,0.2165,0.295,1
1,0.565,0.42,0.155,0.743,0.31,0.186,0.231,1
2,0.675,0.515,0.145,1.265,0.6025,0.299,0.325,1
2,0.555,0.45,0.145,0.915,0.4,0.246,0.285,1
2,0.52,0.42,0.16,0.745,0.255,0.157,0.2885,1
0,0.64,0.515,0.165,1.3115,0.4945,0.2555,0.41,1
0,0.54,0.415,0.15,0.8115,0.3875,0.1875,0.2035,1
2,0.385,0.3,0.095,0.24,0.0885,0.059,0.085,1
0,0.62,0.505,0.16,1.3725,0.6285,0.275,0.3685,1
2,0.525,0.4,0.13,0.8295,0.2405,0.1825,0.275,1
0,0.74,0.6,0.195,1.974,0.598,0.4085,0.71,1
0,0.59,0.465,0.16,1.1005,0.506,0.2525,0.295,1
0,0.595,0.46,0.14,1.0045,0.4655,0.2095,0.2515,1
2,0.635,0.515,0.17,1.275,0.509,0.286,0.34,1
1,0.515,0.36,0.125,0.4725,0.1815,0.125,0.138,1
0,0.395,0.3,0.105,0.3375,0.1435,0.0755,0.098,1
2,0.59,0.405,0.15,0.853,0.326,0.2615,0.245,1
1,0.62,0.475,0.16,0.907,0.371,0.167,0.3075,1
1,0.385,0.305,0.095,0.252,0.0915,0.055,0.09,1
1,0.51,0.375,0.15,0.8415,0.3845,0.156,0.255,1
2,0.73,0.585,0.225,2.2305,1.2395,0.422,0.563,1
1,0.55,0.435,0.14,0.7535,0.3285,0.1555,0.2325,1
1,0.515,0.39,0.12,0.565,0.235,0.135,0.179,1
0,0.62,0.495,0.17,1.062,0.372,0.213,0.34,1
0,0.62,0.5,0.17,1.148,0.5475,0.22,0.3315,1
1,0.575,0.45,0.125,0.78,0.3275,0.188,0.235,1
2,0.415,0.32,0.1,0.3005,0.1215,0.0575,0.104,1
0,0.465,0.39,0.14,0.5555,0.213,0.1075,0.215,1
1,0.47,0.36,0.13,0.5225,0.198,0.1065,0.165,1
0,0.57,0.465,0.16,0.8935,0.3145,0.2575,0.263,1
2,0.62,0.485,0.165,1.1325,0.5235,0.2505,0.2825,1
0,0.62,0.51,0.175,1.2705,0.5415,0.323,0.3225,1
0,0.62,0.475,0.16,1.1295,0.463,0.2685,0.33,1
2,0.645,0.505,0.15,1.1605,0.519,0.2615,0.335,1
1,0.52,0.4,0.13,0.5825,0.233,0.1365,0.18,1
2,0.645,0.5,0.175,1.3385,0.633,0.299,0.349,1
2,0.6,0.45,0.15,0.8665,0.3695,0.1955,0.255,1
0,0.57,0.465,0.155,0.872,0.3245,0.239,0.285,1
0,0.595,0.475,0.165,1.148,0.444,0.214,0.37,1
0,0.565,0.455,0.15,0.8205,0.365,0.159,0.26,1
0,0.62,0.51,0.205,1.3475,0.4775,0.2565,0.48,1
0,0.645,0.525,0.2,1.449,0.601,0.2565,0.505,1
2,0.68,0.54,0.21,1.7885,0.8345,0.408,0.437,1
1,0.495,0.37,0.125,0.4775,0.185,0.0705,0.169,1
2,0.59,0.475,0.145,1.053,0.4415,0.262,0.325,1
2,0.505,0.385,0.115,0.4825,0.21,0.1035,0.1535,1
2,0.77,0.605,0.175,2.0505,0.8005,0.526,0.355,1
2,0.5,0.38,0.155,0.5955,0.2135,0.161,0.2,1
1,0.445,0.345,0.13,0.4075,0.1365,0.0645,0.18,1
0,0.645,0.51,0.16,1.2415,0.5815,0.276,0.315,1
0,0.65,0.525,0.165,1.238,0.647,0.2485,0.3005,1
2,0.45,0.335,0.14,0.478,0.1865,0.115,0.16,1
0,0.54,0.475,0.155,0.928,0.394,0.194,0.26,1
2,0.69,0.54,0.185,1.6195,0.533,0.353,0.555,1
0,0.675,0.535,0.16,1.41,0.592,0.3175,0.42,1
0,0.635,0.505,0.17,1.2635,0.512,0.322,0.355,1
2,0.55,0.435,0.14,0.7625,0.327,0.1685,0.259,1
2,0.595,0.475,0.165,1.213,0.621,0.2435,0.274,1
2,0.6,0.47,0.16,1.194,0.5625,0.3045,0.2635,1
0,0.655,0.54,0.215,1.5555,0.695,0.296,0.444,1
2,0.515,0.405,0.14,0.8505,0.312,0.146,0.315,1
0,0.63,0.505,0.195,1.306,0.516,0.3305,0.375,1
0,0.61,0.49,0.17,1.1775,0.5655,0.2385,0.295,1
1,0.65,0.52,0.15,1.238,0.5495,0.296,0.3305,1
2,0.56,0.435,0.18,0.889,0.36,0.204,0.25,1
2,0.65,0.505,0.19,1.274,0.59,0.23,0.391,1
0,0.52,0.405,0.14,0.6915,0.276,0.137,0.215,1
0,0.55,0.425,0.135,0.8515,0.362,0.196,0.27,1
2,0.7,0.58,0.205,2.13,0.7415,0.49,0.58,1
0,0.66,0.505,0.185,1.528,0.69,0.3025,0.441,1
1,0.6,0.445,0.175,1.057,0.383,0.216,0.355,1
0,0.58,0.46,0.175,1.165,0.65,0.2205,0.3055,1
0,0.45,0.36,0.125,0.5065,0.222,0.105,0.16,1
2,0.58,0.45,0.175,1.068,0.425,0.203,0.32,1
2,0.595,0.455,0.145,0.942,0.43,0.182,0.277,1
0,0.45,0.38,0.165,0.8165,0.25,0.1915,0.265,1
2,0.355,0.29,0.09,0.3275,0.134,0.086,0.09,1
0,0.665,0.57,0.185,1.522,0.6965,0.3025,0.405,1
0,0.5,0.385,0.105,0.498,0.1795,0.1095,0.17,1
2,0.645,0.5,0.175,1.5105,0.6735,0.3755,0.3775,1
2,0.665,0.54,0.175,1.347,0.4955,0.254,0.415,1
0,0.67,0.52,0.195,1.8065,0.758,0.3735,0.5055,1
0,0.635,0.495,0.18,1.596,0.617,0.317,0.37,1
0,0.625,0.5,0.15,0.953,0.3445,0.2235,0.305,1
2,0.575,0.465,0.12,1.0535,0.516,0.2185,0.235,1
0,0.725,0.56,0.21,2.141,0.65,0.398,1.005,1
0,0.59,0.475,0.16,1.1015,0.4775,0.2555,0.295,1
2,0.67,0.55,0.17,1.247,0.472,0.2455,0.4,1
1,0.5,0.38,0.135,0.594,0.2945,0.104,0.1565,1
0,0.67,0.525,0.19,1.527,0.5755,0.353,0.44,1
1,0.53,0.43,0.135,0.6255,0.245,0.1455,0.2135,1
0,0.645,0.51,0.18,1.6195,0.7815,0.322,0.4675,1
0,0.585,0.415,0.155,0.6985,0.3,0.146,0.195,1
2,0.645,0.515,0.185,1.4605,0.5835,0.3155,0.41,1
2,0.515,0.4,0.14,0.6335,0.288,0.145,0.168,1
0,0.64,0.495,0.17,1.2265,0.49,0.377,0.2875,1
1,0.51,0.4,0.15,0.745,0.2865,0.1675,0.235,1
0,0.65,0.505,0.165,1.357,0.5725,0.281,0.43,1
2,0.62,0.485,0.155,1.049,0.462,0.231,0.25,1
2,0.505,0.4,0.13,0.764,0.3035,0.189,0.2175,1
0,0.525,0.415,0.17,0.8325,0.2755,0.1685,0.31,1
1,0.485,0.355,0.13,0.581,0.245,0.132,0.168,1
2,0.6,0.46,0.18,1.14,0.423,0.2575,0.365,1
0,0.465,0.36,0.12,0.4765,0.192,0.1125,0.16,1
1,0.5,0.395,0.14,0.6215,0.2925,0.1205,0.195,1
2,0.535,0.435,0.15,0.717,0.3475,0.1445,0.194,1
0,0.565,0.455,0.13,1.058,0.439,0.2645,0.3,1
2,0.695,0.57,0.2,2.033,0.751,0.4255,0.685,1
2,0.71,0.565,0.205,2.198,1.012,0.5225,0.5475,1
2,0.425,0.34,0.12,0.388,0.149,0.087,0.125,1
0,0.78,0.63,0.215,2.657,1.488,0.4985,0.586,1
0,0.615,0.485,0.16,1.1575,0.5005,0.2495,0.315,1
0,0.46,0.355,0.13,0.458,0.192,0.1055,0.13,1
1,0.625,0.485,0.16,1.15,0.5255,0.257,0.3315,1
0,0.545,0.445,0.15,0.8,0.3535,0.163,0.207,1
1,0.585,0.46,0.14,0.7635,0.326,0.153,0.265,1
0,0.625,0.5,0.175,1.273,0.564,0.302,0.374,1
0,0.545,0.44,0.175,0.7745,0.2985,0.1875,0.265,1
1,0.58,0.46,0.14,0.9265,0.4135,0.1845,0.27,1
2,0.46,0.355,0.14,0.491,0.207,0.115,0.174,1
1,0.44,0.365,0.115,0.501,0.2435,0.084,0.1465,1
2,0.465,0.34,0.105,0.486,0.231,0.1035,0.1225,1
0,0.605,0.485,0.16,1.222,0.53,0.2575,0.28,1
2,0.58,0.445,0.135,0.814,0.3775,0.1915,0.22,1
2,0.62,0.465,0.19,1.3415,0.5705,0.3175,0.355,1
1,0.595,0.475,0.155,0.984,0.4865,0.184,0.2755,1
0,0.705,0.55,0.2,1.7095,0.633,0.4115,0.49,1
2,0.585,0.465,0.155,0.9145,0.4555,0.1965,0.235,1
2,0.635,0.5,0.18,1.2915,0.594,0.2695,0.37,1
2,0.45,0.355,0.115,0.478,0.18,0.1185,0.155,1
2,0.63,0.49,0.15,1.1955,0.5845,0.257,0.3,1
0,0.59,0.465,0.15,0.997,0.392,0.246,0.34,1
0,0.49,0.385,0.15,0.7865,0.241,0.14,0.24,1
1,0.58,0.425,0.145,0.83,0.379,0.1605,0.2575,1
1,0.42,0.325,0.125,0.3915,0.1575,0.1025,0.115,1
2,0.7,0.565,0.175,1.8565,0.8445,0.3935,0.54,1
1,0.485,0.38,0.14,0.673,0.2175,0.13,0.195,1
2,0.58,0.43,0.125,0.9115,0.446,0.2075,0.121,1
1,0.585,0.475,0.16,1.0505,0.48,0.234,0.285,1
2,0.57,0.435,0.145,0.9055,0.3925,0.2355,0.275,1
2,0.705,0.555,0.215,2.141,1.0465,0.383,0.528,1
2,0.72,0.565,0.2,2.1055,1.017,0.363,0.494,1
0,0.505,0.39,0.16,0.644,0.2475,0.2025,0.1635,1
0,0.57,0.435,0.15,0.8295,0.3875,0.156,0.245,1
0,0.55,0.45,0.145,0.741,0.295,0.1435,0.2665,1
1,0.53,0.42,0.14,0.6765,0.256,0.1855,0.208,1
1,0.575,0.45,0.135,0.8245,0.3375,0.2115,0.239,1
0,0.645,0.52,0.18,1.285,0.5775,0.352,0.317,1
1,0.62,0.485,0.18,1.1785,0.4675,0.2655,0.39,1
2,0.565,0.45,0.16,0.895,0.415,0.195,0.246,1
0,0.545,0.43,0.14,0.832,0.4355,0.17,0.201,1
2,0.565,0.455,0.17,0.9065,0.342,0.156,0.32,1
0,0.53,0.415,0.15,0.7775,0.237,0.1415,0.33,1
0,0.525,0.405,0.115,0.72,0.3105,0.1915,0.2,1
2,0.41,0.325,0.12,0.3745,0.158,0.081,0.125,1
0,0.69,0.545,0.205,1.933,0.7855,0.429,0.498,1
0,0.58,0.45,0.195,0.8265,0.4035,0.173,0.225,1
2,0.605,0.47,0.165,1.2315,0.6025,0.262,0.2925,1
1,0.515,0.415,0.135,0.7125,0.285,0.152,0.245,1
2,0.63,0.48,0.145,1.0115,0.4235,0.237,0.305,1
0,0.41,0.315,0.11,0.321,0.1255,0.0655,0.095,1
0,0.695,0.535,0.175,1.361,0.5465,0.2815,0.465,1
0,0.53,0.4,0.165,0.772,0.2855,0.1975,0.23,1
2,0.575,0.465,0.15,1.08,0.595,0.2065,0.238,1
0,0.53,0.425,0.13,0.717,0.2115,0.166,0.255,1
1,0.36,0.275,0.085,0.1975,0.0745,0.0415,0.07,1
2,0.45,0.35,0.1,0.3675,0.1465,0.1015,0.12,1
2,0.41,0.3,0.1,0.301,0.124,0.069,0.09,1
1,0.5,0.385,0.15,0.6265,0.2605,0.1665,0.16,1
2,0.565,0.455,0.155,0.9355,0.421,0.183,0.26,1
