Age,Workclass,Education,Maritalstatus,Occupation,Relationship,Race,Sex,HoursPerWeek,Country,class
5,15,15,8,1,-2,4,1,-28,-34,0
9,-1,-3,14,26,9,5,0,40,80,0
6,4,37,6,15,7,8,0,41,-38,0
0,-2,15,11,-8,-3,6,1,229,39,0
-1,9,14,7,30,-7,-1,0,147,52,0
0,11,-2,11,8,6,5,0,25,62,0
-1,9,20,11,-18,-2,4,1,-11,69,0
11,7,-11,6,1,-1,8,1,193,52,0
-2,0,-5,-7,-10,0,4,1,-13,63,0
4,-8,19,4,-14,1,-4,0,40,65,0
-1,0,21,13,25,-1,7,1,169,39,0
2,7,29,15,-6,-9,4,0,128,-81,0
7,4,18,2,-8,-6,4,0,-35,82,0
6,12,9,-2,4,5,6,1,-50,30,0
-1,14,18,16,28,-1,-1,1,-126,-4,0
0,0,-6,8,23,8,-1,1,185,-10,0
-2,0,19,9,-3,2,4,1,-60,80,0
4,4,-2,10,-8,5,6,0,-132,39,0
1,-4,15,9,-8,9,4,1,155,44,0
2,-4,17,-3,31,6,4,0,1,-1,0
4,-2,-20,-6,14,-3,-2,1,137,65,0
6,-4,-5,-2,15,8,-5,0,-170,-3,0
-1,13,18,9,-14,10,4,1,-6,-8,0
2,7,-6,0,14,8,0,0,144,67,0
-6,7,-12,-3,-14,6,-3,0,40,-13,0
-2,9,-9,-1,25,-1,-1,0,112,-11,0
0,-3,23,5,-12,-5,6,1,40,39,0
0,13,11,6,-14,-1,9,1,113,63,0
4,10,-21,16,-5,-3,4,0,143,-19,0
5,0,21,6,0,-3,5,0,-29,-32,0
-4,9,11,0,26,-1,4,0,119,39,0
-3,-3,-1,7,26,9,-2,1,40,-14,0
-7,9,0,-2,40,5,4,1,-66,58,0
-4,4,32,-4,-12,-4,-1,1,136,-71,0
0,4,15,7,-6,-3,5,1,169,68,0
7,8,23,7,-19,-1,7,1,-190,-39,0
0,-6,32,12,-9,-5,-4,1,-10,-8,0
6,9,-8,6,23,-4,-2,1,139,-61,0
0,7,16,-1,14,-5,0,1,-144,-17,0
6,0,25,-6,29,0,4,1,-14,86,0
-2,-1,-6,6,19,-4,5,1,120,86,0
7,11,16,-1,28,-5,4,0,60,66,0
-1,-1,-16,6,-8,-3,4,1,1,39,0
-2,13,-2,8,18,7,-4,1,126,44,0
-1,-2,15,-2,1,1,6,1,-31,65,0
2,-3,-1,0,26,10,4,0,40,42,0
0,12,-4,10,-5,7,0,1,173,118,0
0,17,-15,2,14,-2,4,1,218,72,0
-2,4,20,8,-18,0,0,0,35,39,0
7,12,32,-3,11,6,8,1,-179,-55,0
-1,-1,27,-4,-25,11,-1,0,-113,62,0
8,12,-19,-2,32,10,2,1,253,109,0
8,-7,15,-3,-8,-2,0,0,-12,-43,0
-3,-6,-6,4,29,-2,0,1,25,-48,0
-1,11,9,10,16,4,6,0,103,-28,0
0,4,-1,11,25,-5,9,1,159,48,0
-1,8,-2,-5,19,-5,5,0,109,-26,0
2,0,37,9,28,4,-5,1,-122,0,0
-4,-2,33,2,-20,0,5,0,-11,111,0
5,-6,-16,8,-13,-4,4,1,121,55,0
2,10,23,7,18,7,4,1,121,41,0
4,6,41,8,-3,12,-2,1,107,54,0
-2,12,-5,6,-6,-8,0,1,-169,95,0
6,14,-7,7,26,-1,-3,1,-9,113,0
4,-4,35,13,-8,-6,0,0,-8,48,0
-1,12,20,2,27,-1,4,1,-152,45,0
2,-1,4,8,-13,7,0,1,-13,-39,0
-2,7,-4,2,39,-1,7,1,-36,-19,0
0,9,21,4,8,8,5,0,18,-33,0
4,12,-6,-2,7,7,6,1,229,-19,0
8,-9,23,0,-17,0,10,0,-75,74,0
-2,4,-10,14,42,0,5,1,108,-8,0
-2,16,-21,-8,-6,0,4,0,-56,64,0
4,-8,-6,8,23,3,0,0,40,39,0
4,7,21,7,-8,1,-2,1,2,-2,0
-4,12,-22,8,3,10,-2,0,239,39,0
-2,-5,-13,-5,-4,3,7,1,-23,53,0
7,7,15,2,14,-2,9,1,-86,58,0
-2,12,24,6,20,6,-2,0,128,-73,0
7,-10,26,6,25,5,-5,1,-66,-57,0
0,-8,21,-1,-26,-4,7,0,205,51,0
5,-12,-6,7,18,0,6,0,-3,-29,0
7,4,-6,6,-10,-4,4,1,142,-15,0
-2,-5,4,-4,14,0,5,1,-37,-19,0
4,4,29,-2,-7,-2,5,1,119,44,0
8,12,23,-2,-16,-2,0,1,40,-22,0
8,0,-15,7,29,-6,-4,0,122,93,0
6,-6,-10,-1,-8,-8,5,1,215,39,0
8,-1,-12,7,-2,-2,5,1,260,-23,0
7,-2,-1,8,-5,-6,-1,0,-55,-66,0
10,7,11,-2,7,-2,4,0,-37,-14,0
-1,-6,-2,-3,-4,1,-4,1,106,105,0
2,-3,-5,-5,17,0,-2,1,-6,70,0
1,-8,-23,0,23,0,5,0,-11,62,0
1,0,29,4,-2,1,-1,0,-8,44,0
-1,-1,21,0,3,6,3,1,40,69,0
1,9,15,-2,-2,-1,6,0,119,67,0
8,-5,-8,0,-2,12,8,1,-102,-20,0
6,9,37,7,-2,-3,0,0,165,-56,0
2,-10,-20,4,-20,10,1,1,50,-34,0
8,4,15,9,-24,-2,-2,1,-122,-8,0
7,4,35,-3,27,6,-1,1,-32,-27,0
2,7,11,0,0,11,5,1,210,33,0
1,4,-13,12,-5,0,4,1,124,81,0
-2,7,33,6,21,-7,4,0,-82,118,0
-1,2,24,-2,-22,11,4,1,186,-35,0
-3,12,11,-1,-6,12,7,0,130,-10,0
0,-2,0,7,8,8,5,1,-32,-16,0
4,-3,-12,6,-9,0,-4,1,-90,85,0
-3,7,31,13,24,-1,4,0,156,-14,0
-4,0,20,9,15,-6,4,1,-115,-9,0
4,-1,-1,-4,26,-3,2,0,155,39,0
5,13,-4,4,27,9,0,0,183,49,0
-3,0,15,0,16,6,4,1,108,49,0
5,11,20,-2,-3,-4,4,1,-60,-13,0
-3,8,-16,2,39,12,8,0,-16,62,0
0,9,-19,14,-4,-7,-3,0,164,55,0
1,-1,-6,-1,17,13,6,1,-98,-17,0
5,4,-12,-5,30,5,5,1,-57,40,0
2,2,27,-4,-23,-1,4,1,249,64,0
0,7,-10,4,-1,3,4,1,-19,-22,0
-1,11,-12,4,17,11,10,0,-60,-10,0
5,8,-16,10,7,4,8,0,-47,58,0
2,0,40,-2,-2,9,-4,1,-95,78,0
-1,0,-3,9,-13,9,4,1,-49,-88,0
5,-7,-11,4,-11,-4,4,1,-51,-2,0
2,0,-25,8,0,-1,6,1,-13,-24,0
5,15,20,-7,-19,0,5,1,105,-25,0
-3,-12,-16,2,-10,-2,5,1,182,39,0
-1,-5,-13,2,14,0,7,1,140,64,0
-4,9,-6,-9,8,10,5,0,241,-13,0
5,-1,29,-11,-13,-1,5,1,175,39,0
1,-3,-24,-3,-16,-3,8,0,-38,-77,0
-2,7,9,0,37,4,-2,1,135,39,0
6,8,-9,-1,32,-2,-4,0,40,-12,0
0,9,-22,8,20,7,4,1,-7,-49,0
5,7,23,-1,19,6,-1,0,-115,61,0
9,9,24,-3,21,1,9,1,40,-23,0
5,12,-1,0,-11,4,4,1,-38,95,0
-1,0,-4,-1,7,-3,2,1,173,-30,0
6,7,15,7,-2,3,6,0,141,78,0
-1,7,26,-4,23,0,9,1,-13,63,0
-4,-4,-3,8,16,1,5,1,145,39,0
1,1,-11,-5,-16,-3,7,0,-11,79,0
0,4,-8,0,20,8,4,1,122,-28,0
-6,0,-8,-3,30,-4,4,0,116,57,0
0,16,11,-6,-5,-6,4,1,165,96,0
8,11,-22,-1,23,-4,0,1,45,-27,0
0,-3,30,-3,28,-1,4,1,-31,108,0
0,11,-11,4,-9,2,0,0,-162,80,0
-2,-2,-12,0,-3,10,-1,1,125,26,0
4,-9,-12,4,17,0,-1,1,203,-3,0
4,13,20,7,15,6,5,0,-13,39,0
5,19,9,8,24,-5,10,0,-27,51,0
-7,7,32,-5,-25,-1,6,1,194,-11,0
0,20,-9,-2,-17,7,4,1,103,-28,0
4,15,9,11,12,-2,6,0,183,39,0
-3,13,24,-11,-13,-2,-1,1,154,43,0
5,7,15,9,1,0,0,0,145,45,0
1,-4,-9,12,14,11,0,0,218,42,0
-2,11,15,7,5,5,0,1,149,70,0
5,0,-8,-3,-1,2,4,0,-147,-24,0
-2,4,24,-6,3,7,-5,1,40,64,0
1,-9,33,2,28,-2,-6,1,260,61,0
-1,-4,38,11,-11,14,-1,1,40,41,0
5,4,47,4,17,0,-4,0,249,-29,0
-4,8,16,0,15,-2,1,1,-10,44,0
-2,18,12,-5,-9,8,-1,0,158,52,0
-2,-10,-1,0,12,5,-1,0,10,-67,0
4,10,18,-8,21,-5,6,0,55,41,0
-4,-6,20,-5,-12,12,5,0,133,39,0
-5,-4,-24,-2,18,6,0,1,-83,76,0
-2,-2,-5,4,-17,-6,4,0,204,80,0
-3,-6,-18,7,26,-5,5,0,-21,42,0
-1,8,20,2,30,7,0,1,40,77,0
-3,14,-7,0,-24,-4,10,1,-27,41,0
-1,-3,6,-9,-2,0,11,0,-35,-37,0
-1,-13,-13,6,-19,8,7,1,171,39,0
5,-3,-15,8,-7,6,0,1,222,81,0
-3,4,-15,-1,-2,6,6,0,173,52,0
0,10,-8,9,-3,-5,-2,0,40,39,0
-3,0,-4,-5,-9,12,4,0,103,63,0
7,8,25,4,-1,0,4,1,144,49,0
4,-2,20,-5,18,8,4,0,192,50,0
0,-9,17,-2,-26,-3,0,0,167,39,0
-1,8,-10,8,14,-4,5,0,281,66,0
-1,7,-1,13,-8,1,4,1,212,0,0
1,-5,-15,-10,20,-2,-4,1,40,70,0
-1,19,-32,-4,16,6,5,1,-91,-63,0
8,-1,0,-1,-23,11,0,0,-79,75,0
-1,7,-13,6,12,0,4,0,168,43,0
6,13,25,10,-3,8,5,1,150,52,0
-3,8,-27,10,-19,4,2,0,113,-8,0
-4,10,27,-1,25,5,10,0,164,58,0
1,14,15,8,-2,-1,5,1,-70,42,0
-4,0,-10,-4,-11,6,-2,0,283,54,0
-3,-8,-8,4,20,-4,0,0,102,39,0
4,8,-1,-1,27,0,6,1,198,39,0
0,14,-21,15,35,9,5,1,-19,-18,0
6,4,-23,14,-29,9,6,0,-72,-7,0
6,8,11,10,4,10,0,1,30,-18,0
-2,-1,-6,11,-10,5,2,0,-40,57,0
4,4,11,-4,21,-3,4,0,-27,41,0
-1,4,24,7,18,-4,-1,0,147,45,0
9,-1,18,-7,43,5,4,0,167,50,0
4,-1,-7,-3,-1,-3,5,1,192,59,0
6,10,-14,6,-11,0,-2,1,-156,-25,0
3,8,17,8,34,0,-1,0,144,-12,0
6,7,15,8,19,-6,4,1,-5,-31,0
5,7,20,0,24,9,5,1,-22,-40,0
9,4,11,-3,7,5,4,0,-66,-9,0
2,4,-13,11,25,5,9,1,207,-64,0
4,9,18,-1,-1,6,4,0,-94,53,0
11,4,-9,0,18,1,4,0,-19,-16,0
5,-7,38,11,24,-1,4,1,-57,-59,0
0,-7,12,-2,-27,1,4,0,0,39,0
-3,12,-32,3,-9,6,0,1,132,100,0
-1,4,39,-1,-29,9,8,1,45,46,0
-3,8,-12,0,16,5,-4,0,170,40,0
-7,9,-14,-5,18,0,-1,0,40,51,0
-3,-1,-9,0,17,-2,-1,1,-65,39,0
4,11,11,6,1,-5,4,0,177,62,0
8,18,-11,13,25,7,4,0,180,39,0
-3,0,8,0,-12,9,6,1,-67,51,0
-2,17,-15,-11,-8,0,5,1,114,-84,0
-1,-4,-19,9,-5,-4,4,0,154,-19,0
-3,10,16,-3,16,0,8,1,186,84,0
5,12,31,7,23,7,-3,0,-112,39,0
5,4,-14,6,33,5,7,1,147,39,0
-1,13,-17,7,32,12,6,0,160,64,0
4,10,33,-4,-6,-2,-1,0,117,113,0
6,-9,37,0,-13,5,6,1,-71,49,0
-1,4,34,4,-15,5,-3,0,105,39,0
-5,18,25,10,-2,10,5,0,-14,92,0
0,13,17,7,8,-4,4,1,18,39,0
4,11,9,8,25,3,4,0,-18,-42,0
0,-3,19,17,33,9,4,0,-6,-25,0
6,-2,-2,-5,-2,7,5,0,142,-11,0
5,4,-6,-5,4,-4,-1,1,-128,85,0
-1,-2,18,6,46,-6,-2,0,-77,66,0
5,12,25,9,-13,5,7,0,250,39,0
6,10,-25,-4,8,-7,-4,1,-45,-46,0
2,-1,-10,-5,0,3,4,1,-2,-32,0
6,11,-7,4,-25,3,6,1,234,39,0
6,7,-17,12,30,-1,6,0,204,39,0
2,-4,-4,8,-24,8,5,0,119,49,0
6,4,16,-2,24,-2,4,1,257,51,0
-1,-10,0,4,-12,-5,-6,0,98,78,0
4,4,19,-6,-9,-2,-4,1,201,-57,0
1,4,-11,-2,23,-5,-5,1,-47,45,0
-1,-10,-26,2,-11,-3,4,0,25,-20,0
5,-3,11,2,23,-4,-2,1,-23,75,0
2,8,17,0,-10,-5,5,1,-7,43,0
-2,-3,0,12,-1,5,8,0,176,-1,0
-3,-5,-16,0,27,8,-2,1,55,-5,0
-4,4,-11,8,-12,10,-1,0,-117,80,0
0,-1,26,-3,11,-1,5,0,-93,50,0
-2,8,20,-1,-20,-7,-2,1,-83,-1,0
-2,11,15,0,-14,8,4,0,120,-16,0
0,-11,28,-5,-12,4,-5,1,101,50,0
-4,4,-4,-9,16,9,5,1,154,-33,0
-2,-5,23,10,20,-5,7,0,-65,-2,0
0,18,-23,0,11,-2,-6,0,-25,47,0
-3,-3,0,10,19,-3,0,1,107,79,0
-5,-4,23,8,18,-2,4,1,-117,82,0
0,-10,-1,12,-3,5,-1,0,169,61,0
-1,9,24,-3,-17,-4,4,1,116,-23,0
0,15,-10,-3,18,7,-3,0,-111,75,0
8,18,18,4,-9,3,7,1,188,-31,0
5,9,19,-5,14,-6,7,1,168,-26,0
6,8,-7,9,0,5,-1,1,146,-51,0
5,2,-19,4,10,5,4,1,124,72,0
0,-1,0,8,23,-3,4,0,165,-79,0
6,0,-11,9,14,6,7,1,211,-16,0
11,-6,24,-2,3,7,4,1,-37,-9,0
7,7,20,-2,18,-5,-2,1,25,-19,0
0,14,-4,11,19,9,8,1,108,-48,0
-2,2,-5,-1,-4,5,-1,0,40,-32,0
-1,8,21,7,31,-4,5,1,-23,39,0
6,10,20,-10,14,5,2,0,218,114,0
-5,-3,25,9,-7,-1,-3,1,131,49,0
-2,-1,-2,11,4,8,-4,0,-111,44,0
0,0,21,11,-3,0,9,0,3,102,0
4,-2,24,-1,18,-5,-3,1,18,46,0
6,-7,-9,4,-4,5,5,1,-112,44,0
6,-9,-3,0,-25,-3,-5,1,104,-46,0
6,-8,18,11,-8,-5,0,1,-76,49,0
4,-6,17,7,15,3,7,0,-85,39,0
-6,4,-3,6,-29,-1,-2,1,-120,-15,0
7,9,36,2,22,8,-6,1,180,56,0
0,10,11,4,-4,3,-4,1,234,39,0
1,7,-2,-1,0,12,7,1,35,112,0
2,5,25,0,-6,4,-1,1,40,46,0
7,-2,11,-7,16,-6,-6,0,144,90,0
1,14,40,15,22,8,4,0,156,-5,0
4,4,-9,8,25,2,-3,1,140,39,0
10,-2,19,9,10,-2,6,1,48,67,0
-4,-1,-18,11,-21,-4,4,0,-51,43,0
-6,0,-11,-3,36,4,-2,1,127,-50,0
2,-9,-11,11,-5,0,6,1,184,-29,0
6,0,-14,-1,25,4,5,1,144,-4,0
6,-1,36,-2,1,9,-3,0,164,-7,0
-2,10,-19,0,0,-2,4,1,135,39,0
-2,-5,1,7,-2,3,8,0,154,76,0
1,-6,18,10,36,6,4,0,-175,65,0
0,-2,18,-6,18,0,4,0,138,42,0
5,-1,39,7,25,0,8,1,-2,0,0
6,-9,34,0,-9,8,-1,0,-44,39,0
5,-5,-11,-9,-4,4,7,0,104,-36,0
0,12,31,15,-6,-4,4,1,-8,-41,0
9,4,11,0,12,0,7,1,127,85,0
4,0,-21,7,-13,-1,5,1,-7,-6,0
-2,8,-3,0,21,9,-2,0,-25,80,0
3,7,-9,-5,-20,13,-4,1,99,61,0
4,0,15,-4,-1,7,-1,0,224,39,0
0,12,0,-5,20,-3,-1,1,-70,41,0
1,4,16,6,-16,-8,0,0,30,51,0
4,-3,20,2,-20,9,0,1,122,-5,0
7,10,11,-8,-4,-3,0,0,188,71,0
4,-11,38,10,17,-4,6,0,40,-41,0
2,8,20,-7,-5,-9,4,0,208,-15,0
-1,-6,-3,-4,15,10,7,0,-60,-26,0
6,-1,-13,6,-23,8,-3,1,-13,77,0
-3,-5,9,-5,22,8,-2,1,-18,49,0
2,-2,43,-2,-21,6,0,1,-85,78,0
-2,10,24,0,-3,3,4,1,-36,-16,0
5,7,19,10,-2,3,9,0,-13,-47,0
5,18,26,5,-4,-1,4,1,-48,39,0
-1,10,35,-3,20,6,-2,1,30,39,0
6,12,19,-3,3,0,4,1,148,-24,0
5,9,-9,-2,0,1,0,1,-90,39,0
9,-2,-16,8,21,10,4,0,30,-11,0
-1,0,26,7,0,9,-3,0,128,75,0
2,-3,26,6,-15,4,9,1,40,52,0
1,-7,-7,-2,0,7,0,0,136,-16,0
-1,4,30,10,37,0,-1,1,-75,90,0
4,-7,9,-2,21,9,6,1,-45,81,0
0,-5,-4,-6,18,-5,7,1,-130,-39,0
-3,8,18,4,-2,5,-1,1,108,79,0
10,14,24,10,29,-6,5,1,40,-52,0
10,9,17,7,-12,11,5,0,-27,106,0
-4,-3,17,11,-18,-4,4,0,40,-5,0
-4,2,9,8,-9,13,4,1,105,-51,0
-2,4,11,5,-19,-8,4,0,148,-4,0
6,7,-6,-5,-3,9,0,1,48,64,0
-3,-7,15,0,-7,6,-2,0,-48,-38,0
0,10,-4,7,24,-4,-1,0,194,102,0
6,-2,1,4,36,5,-2,1,102,-6,0
-4,-4,-14,-9,-14,11,0,0,-84,39,0
-3,6,-7,5,19,1,4,1,131,52,0
5,7,21,2,19,9,4,1,119,-30,0
9,10,-6,6,0,-3,-1,0,40,99,0
5,18,-8,2,-12,11,-2,0,44,39,0
4,4,21,13,25,1,-1,0,-26,41,0
6,9,17,-5,21,-3,-2,0,40,-44,0
4,0,-7,-2,-7,-6,-3,0,141,-2,0
-2,-8,-9,4,-23,5,0,1,104,39,0
4,9,15,5,6,-2,9,1,40,-19,0
2,-3,25,-7,36,14,0,0,146,64,0
7,9,-8,11,32,8,4,1,-41,-3,0
4,8,9,0,-5,12,4,1,3,45,0
-2,8,-11,9,16,0,4,0,191,50,0
-1,-13,-27,16,20,6,6,1,-63,39,0
0,14,0,8,27,0,0,0,143,100,0
-1,-9,28,-3,9,7,10,0,-35,27,0
5,8,11,9,12,9,2,0,-8,-48,0
7,4,26,2,-12,10,6,0,-176,52,0
-1,9,18,10,-14,4,-3,0,104,62,0
4,20,42,0,22,-1,5,1,-18,94,0
-1,10,40,-3,4,14,-1,1,109,39,0
-2,8,-8,10,-10,1,2,1,-31,48,0
7,12,-26,7,10,0,0,0,40,72,0
4,-6,15,7,25,6,6,0,40,48,0
5,13,20,2,36,5,4,1,-168,-9,0
8,9,22,-4,41,0,-3,1,147,39,0
2,0,-1,0,14,11,9,0,125,-21,0
5,13,17,-7,28,-4,2,0,127,-38,0
-1,4,15,-3,15,5,-1,1,35,51,0
-1,4,27,8,-6,9,9,1,124,26,0
-6,8,11,8,-4,1,-2,0,-63,39,0
5,0,11,-2,1,14,8,0,247,46,0
5,-8,-5,6,-8,2,4,0,-42,102,0
5,17,24,4,14,11,0,0,-3,53,0
0,17,20,-5,-9,0,4,0,118,-19,0
-2,0,17,-8,14,11,-3,1,-46,66,0
8,12,-5,4,16,-2,-3,0,107,-24,0
-1,-10,-5,-3,-14,-4,4,1,-48,-3,0
-3,0,29,-8,-17,7,7,0,117,39,0
0,-6,23,-1,-3,10,-3,0,-21,121,0
-4,0,16,-2,33,-5,4,1,177,-19,0
7,-1,16,11,33,6,-7,1,40,-60,0
-1,-11,25,9,-3,6,-1,1,24,0,0
7,-5,33,6,18,1,4,1,-91,87,0
-1,-3,-11,2,25,-6,0,0,147,-48,0
7,-3,27,4,0,5,-3,0,-56,-4,0
5,4,16,13,33,-1,4,0,-44,39,0
0,9,19,6,0,-2,-1,0,175,43,0
0,4,23,0,19,11,6,0,40,101,0
0,-1,8,-1,17,1,-4,1,148,-32,0
-1,-5,19,9,5,-1,-3,0,-13,-64,0
4,8,19,7,-5,-3,-3,1,55,56,0
0,8,-1,5,-10,-2,7,1,-197,53,0
0,0,-14,-2,38,-5,4,0,40,-46,0
-3,4,16,0,7,-9,4,1,-39,88,0
7,18,-22,6,6,-7,7,1,152,-41,0
-1,9,-8,0,1,7,9,1,171,72,0
8,9,0,-3,-11,-6,5,0,-22,40,0
7,-2,15,8,35,8,4,0,-62,-31,0
-2,8,11,8,-16,11,8,1,143,-11,0
7,11,15,8,34,-1,2,1,45,-5,0
6,-1,11,6,6,8,-1,1,-23,40,0
8,10,18,12,3,7,6,0,40,39,0
4,-8,15,14,-14,9,7,0,-96,130,0
-5,7,9,6,-19,6,-2,1,-86,48,0
0,17,37,13,7,-4,-1,0,124,-39,0
1,-3,15,9,32,5,-1,0,132,80,0
-2,7,36,-3,38,-7,6,0,145,-73,0
4,11,11,7,20,6,-1,0,-37,-40,0
6,12,-4,0,30,8,5,0,285,42,0
-4,9,39,12,17,6,9,1,143,-24,0
-1,10,28,-10,14,-2,7,1,136,66,0
-1,9,20,6,28,9,-2,1,145,42,0
5,-10,15,11,19,-8,9,1,138,81,0
-1,-1,-5,6,10,8,-1,1,149,-16,0
4,0,15,-1,-5,6,4,0,-108,-6,0
5,8,9,-2,-20,0,-7,1,-80,0,0
4,-2,-6,6,1,-5,6,0,40,84,0
6,4,-22,4,25,0,-6,1,110,-16,0
7,12,27,8,32,3,8,0,189,-87,0
4,9,-7,0,0,7,5,0,-122,41,0
-3,-3,22,4,0,-2,-1,1,101,109,0
10,-3,-10,-2,14,0,0,0,119,39,0
6,11,11,-3,-16,5,-3,0,-75,67,0
-2,8,-11,2,24,12,5,1,-24,-8,0
8,-8,24,6,-16,-8,5,1,3,47,0
5,10,21,-2,20,-3,-2,0,-10,23,0
5,13,16,7,1,3,5,0,234,-35,0
-4,4,21,-3,33,-5,4,0,-61,-52,0
0,13,40,-8,3,-3,4,1,-65,39,0
0,7,-21,-5,43,-1,4,0,40,106,0
9,7,-13,-1,23,1,4,0,101,-68,0
4,0,18,16,-7,-2,4,0,233,-14,0
0,-1,-20,-1,-4,-6,-3,0,-37,110,0
4,8,19,-3,31,5,6,0,155,-71,0
-2,9,-12,4,-22,6,-2,1,106,-8,0
-7,11,11,4,5,-5,0,0,151,70,0
9,9,-2,-1,14,8,4,0,100,-45,0
2,8,20,0,-4,1,7,0,-105,-29,0
-2,-7,22,-4,38,9,5,0,0,62,0
2,10,-5,-3,10,-1,-4,1,40,54,0
6,10,21,4,14,2,6,0,-79,83,0
0,11,26,-2,24,10,6,1,-12,-18,0
0,8,20,0,-7,-3,4,0,-158,83,0
4,-12,-4,10,14,-2,-2,1,15,43,0
-1,4,22,9,7,9,4,0,2,52,0
11,7,27,4,-9,-3,-1,1,40,-83,0
-2,0,19,7,22,5,5,0,0,-14,0
-1,19,36,0,10,4,-3,1,118,104,0
4,8,-9,-6,-31,-7,4,1,18,78,0
4,13,-4,-1,3,10,4,1,-9,42,0
9,9,-5,8,3,-3,5,0,-18,-3,0
10,13,17,0,-12,10,5,1,-94,70,0
-5,-5,-3,7,16,0,9,0,-12,41,0
4,6,36,-2,-5,-4,1,1,126,24,0
-4,11,17,9,23,0,4,1,128,39,0
0,15,29,8,16,0,4,0,160,-31,0
4,10,16,0,19,8,5,0,-2,-26,0
4,4,-22,-1,1,8,4,1,-125,39,0
6,8,-6,0,-2,11,4,0,80,39,0
-1,-2,11,-10,0,-1,-3,0,12,-37,0
6,15,-15,0,13,13,0,0,154,85,0
4,13,27,-2,29,-5,-1,0,-40,-34,0
0,7,5,13,12,-3,-3,1,133,-43,0
4,0,33,-1,23,-5,-6,1,-31,110,0
-4,-8,17,2,28,11,-1,1,140,39,0
-1,0,0,-5,33,-2,-2,1,121,-15,0
-6,0,11,-1,6,4,0,1,147,-4,0
0,8,-12,9,33,6,8,0,-22,64,0
7,11,27,10,-20,10,4,0,-59,-68,0
5,-1,-1,-7,36,9,5,0,104,44,0
-2,8,-26,5,-13,-2,-5,1,167,-6,0
9,-2,7,0,14,7,0,1,118,53,0
2,12,-13,6,18,0,-3,0,166,44,0
0,7,16,7,-5,9,-4,0,-3,-71,0
-2,6,19,0,18,6,11,1,30,43,0
2,9,11,0,26,-2,5,0,136,-7,0
2,8,35,4,-12,7,4,1,-38,39,0
2,4,-9,2,38,7,-6,1,-59,67,0
6,-3,18,9,1,-1,-1,1,-33,-7,0
-2,-2,-2,6,0,9,-4,0,135,-15,0
2,12,15,0,13,6,-4,1,40,39,0
9,4,29,11,-8,1,5,0,106,-6,0
11,-11,-23,-2,12,5,-4,1,99,78,0
0,4,-9,-1,-21,-2,-4,0,16,-29,0
0,8,24,7,-14,-3,7,1,184,78,0
0,-1,-3,-3,-7,-2,-1,0,105,-39,0
-2,-3,-2,6,18,-5,2,0,124,52,0
-2,-7,-5,7,16,-2,8,1,121,-35,0
6,-3,11,6,-18,0,-2,1,149,-26,0
-5,-3,-7,0,-16,8,-4,1,-5,-3,0
4,0,-24,7,-10,-4,-2,1,-15,49,0
7,-3,31,-1,-13,-1,3,0,-143,75,0
-4,6,25,-1,20,0,-1,0,128,47,0
2,8,26,-2,-8,5,4,1,195,65,0
6,0,-5,0,33,0,8,0,-109,89,0
7,8,15,0,-15,6,-2,0,-73,72,0
-2,10,11,-6,26,-4,0,1,103,42,0
6,0,-5,2,8,9,8,0,136,59,0
1,9,34,-1,-6,-2,-2,0,-11,-39,0
-2,0,-18,6,-18,0,2,0,-104,112,0
1,-10,-26,15,37,6,0,1,159,-53,0
0,4,0,9,-3,7,5,0,190,-25,0
6,-1,-2,2,17,0,4,1,198,-42,0
-6,0,33,-2,-6,6,9,1,104,42,0
9,0,-4,9,19,-3,6,0,-87,9,0
2,2,-3,4,-12,5,-2,0,99,42,0
-3,4,15,-9,-3,5,-2,0,-81,-2,0
2,4,1,8,8,0,4,0,-91,-3,0
-3,-3,15,-1,-20,-1,4,0,-39,0,0
-3,9,-16,7,-6,-1,4,0,30,-11,0
1,-3,-2,12,27,8,4,1,150,39,0
0,-2,-6,10,17,0,0,1,104,-34,0
1,-3,16,-4,1,-4,-4,0,187,-33,0
-2,7,11,5,1,4,5,0,40,-24,0
7,0,11,-1,43,10,0,0,-46,-34,0
8,20,-5,-1,21,0,0,0,-101,54,0
4,13,-18,2,14,-6,-4,1,-14,47,0
1,9,-16,0,16,4,-1,0,-9,-19,0
4,-7,22,-2,17,12,4,0,1,45,0
-5,-1,-9,9,-27,-4,6,0,-47,-27,0
6,8,0,-2,-11,8,9,0,112,-50,0
-1,9,28,6,-5,2,4,0,234,55,0
6,9,15,9,24,-1,-6,1,40,-13,0
5,-9,-14,4,0,1,6,1,-88,122,0
-2,-3,11,8,-8,0,7,1,40,107,0
2,13,23,-2,44,-3,4,0,-24,90,0
5,2,-1,6,-8,8,-1,0,174,-50,0
8,7,-5,6,26,-5,0,1,-23,39,0
4,-12,15,-1,0,-7,-3,0,-33,39,0
0,0,-9,-3,-9,8,9,0,127,-10,0
2,12,0,-5,-24,0,-6,1,132,101,0
9,-4,-12,-4,17,-6,-1,0,-51,42,0
6,-5,19,-6,26,11,6,0,-17,-69,0
6,-4,-2,4,23,8,-5,1,-111,-24,0
7,4,-14,7,-3,0,10,0,-49,-13,0
0,-6,-27,8,-1,7,-3,1,-10,66,0
0,7,32,10,20,-3,5,1,-10,-16,0
-1,4,23,8,-4,5,4,0,146,58,0
-2,-4,-6,12,24,0,-2,0,208,-23,0
2,-12,29,9,20,10,-1,0,108,-21,0
0,-2,-10,4,18,-3,-2,1,-7,65,0
0,10,11,6,-4,9,5,0,-108,-20,0
-5,12,15,-7,34,5,-4,1,174,-3,0
8,8,-12,-3,-21,9,4,0,-21,60,0
0,9,11,7,16,6,5,0,-102,-31,0
2,18,-7,-3,-5,-6,10,1,-36,-22,0
9,10,-19,-1,18,7,4,1,170,106,0
-2,15,-7,6,-5,0,4,1,164,-15,0
1,16,15,0,26,7,4,0,-76,39,0
-2,-2,34,13,31,-1,6,1,50,-8,0
4,0,21,2,0,0,4,1,-13,-18,0
0,-2,22,2,-2,6,-5,0,120,-37,0
-1,4,18,-1,10,1,-1,0,162,105,0
6,8,-7,6,-1,0,5,0,122,66,0
-2,-6,-1,-1,19,-2,-2,0,113,-19,0
4,12,28,-5,-4,0,4,1,-45,39,0
0,9,22,8,18,5,4,0,129,-14,0
4,10,21,11,21,7,-2,0,-5,-8,0
5,7,21,-6,-23,5,4,0,173,-24,0
-1,0,-6,0,-9,-4,0,1,122,69,0
1,14,19,-3,13,-6,2,0,-10,117,0
4,10,15,-3,35,13,4,1,157,-52,0
-1,9,43,4,17,0,-1,1,130,-30,0
-4,15,-9,6,14,0,-2,1,139,60,0
4,0,19,0,14,8,-3,0,32,-64,0
7,-8,-14,12,-11,-1,6,1,159,53,0
-1,15,-3,-3,6,11,-2,0,-1,-2,0
-3,-8,45,6,-9,-5,4,0,1,-31,0
4,11,21,8,-27,-3,-1,0,117,-5,0
-1,-7,17,-2,-13,5,6,1,100,-29,0
0,-2,20,4,0,-5,-3,1,-59,42,0
9,11,23,14,-6,12,8,0,98,40,0
7,-2,-8,8,17,9,-6,1,40,-7,0
-2,15,11,4,36,0,4,1,40,-20,0
6,11,28,-1,26,6,10,1,-116,95,0
-1,9,-12,7,-13,0,-1,1,1,47,0
0,4,29,0,32,-1,-2,0,-13,-29,0
6,-8,20,15,6,5,4,1,-57,67,0
-3,-10,-17,0,14,8,6,0,123,79,0
-1,-7,2,17,-9,7,0,1,-26,54,0
10,-4,-1,-4,23,9,6,0,-83,-14,0
-2,-2,19,0,15,-1,9,1,-122,43,0
4,-4,19,0,-9,5,-4,0,-43,-37,0
2,13,15,10,15,6,-4,1,220,115,0
0,17,27,9,19,-6,5,1,124,-7,0
-3,2,-7,9,-4,0,4,0,35,66,0
5,14,20,-8,18,0,7,0,-21,47,0
6,-5,25,-1,4,8,6,0,196,-36,0
-2,12,7,-7,17,1,-4,0,135,52,0
5,-10,0,-6,-5,6,7,1,179,73,0
-5,4,-25,-8,19,8,2,1,-42,23,0
10,10,-20,-5,-3,0,4,1,40,48,0
0,18,4,-2,35,11,-3,0,125,26,0
-3,-11,-6,6,-8,-1,-4,1,170,-13,0
1,-4,24,-7,23,6,4,0,170,39,0
-3,-5,-4,4,16,9,-2,1,-149,-89,0
-1,4,-19,12,-19,-5,9,1,40,42,0
6,-4,22,8,29,8,4,0,-44,-21,0
-4,16,-4,8,-4,5,4,1,-40,53,0
4,9,11,4,25,0,-2,0,40,85,0
4,9,-1,4,-1,9,0,1,262,-25,0
-1,8,30,7,12,10,4,0,176,-5,0
8,4,24,4,32,14,1,0,144,-37,0
5,10,18,0,21,10,8,0,-3,54,0
-3,11,0,-2,32,8,1,1,156,-22,0
-3,4,36,8,18,3,-1,0,111,68,0
-1,8,23,-1,3,0,-4,0,50,-69,0
7,-5,17,-10,-10,14,-4,0,117,86,0
5,-5,-23,12,39,0,-1,1,0,66,0
6,-1,-18,-1,-4,6,4,0,241,39,0
0,-4,17,6,-6,-5,-4,0,3,-14,0
7,4,-3,6,0,-5,6,0,40,40,0
-2,-3,25,6,20,0,4,1,-4,112,0
4,-10,0,4,22,5,-3,1,-99,68,0
0,-1,-6,6,-29,-2,6,0,179,-19,0
5,-10,-8,-4,-16,-3,-2,1,154,67,0
-1,17,-3,-4,16,0,0,1,-53,-29,0
-2,-5,-10,8,1,6,-1,0,101,39,0
0,10,29,-1,0,5,4,1,-44,-63,0
-4,4,-3,8,4,3,4,1,-26,24,0
6,-1,34,6,14,-4,2,0,-90,-36,0
-2,13,21,0,25,0,10,1,40,61,0
7,7,-13,12,-9,5,-3,0,196,75,0
6,1,29,8,-2,6,0,1,258,94,0
4,4,-4,9,16,0,-3,1,-6,-90,0
-3,11,19,2,14,7,4,0,151,-14,0
-2,-4,-12,8,-4,-1,0,0,-21,-41,0
4,-1,23,6,21,-5,-1,0,45,-23,0
9,8,-11,-4,-12,9,0,0,40,42,0
-2,-1,19,8,-19,-2,4,1,41,-21,0
-1,7,9,7,33,-3,8,0,169,-11,0
8,-2,15,12,-1,6,-1,0,116,100,0
-6,-2,-19,11,20,-8,4,1,203,39,0
0,9,25,-5,23,6,0,0,-2,-14,0
0,13,-8,4,-2,1,-1,0,201,-12,0
0,-4,33,-1,-17,-3,4,0,-72,-26,0
-1,8,-4,9,22,-8,-3,0,-64,-17,0
-1,-12,16,-2,19,9,-1,0,-64,-10,0
4,-7,23,-5,-11,-5,-1,1,9,-26,0
5,9,15,8,34,8,4,1,-80,-37,0
-3,14,-1,-3,-2,-2,0,0,144,57,0
5,0,15,4,22,9,6,0,-94,-7,0
8,4,-18,4,1,4,-2,1,120,-21,0
7,-1,17,-3,14,-5,-1,1,119,39,0
-5,0,27,-5,-4,6,0,0,-74,-44,0
5,0,34,0,6,5,4,0,-88,-24,0
-2,10,30,0,5,-2,0,1,-8,84,0
2,-5,20,7,26,13,7,1,110,-37,0
-3,4,-2,10,12,7,4,1,102,-3,0
-4,7,26,0,15,8,7,1,-5,-27,0
0,-2,19,-1,14,8,5,1,-15,-4,0
0,0,-10,-3,23,8,0,0,99,-5,0
-3,0,-7,-3,0,5,5,1,130,-8,0
7,-6,16,2,12,7,0,0,-25,-46,0
8,10,0,-5,-18,8,-2,0,216,44,0
-3,-5,0,-5,3,-2,7,1,180,-18,0
5,-9,-8,9,-13,9,-5,1,-54,39,0
-5,10,-15,9,7,-6,-3,0,153,-18,0
2,-4,30,-9,-1,-4,-5,1,0,-10,0
0,-1,-22,9,0,4,-3,1,171,-9,0
2,-2,15,6,32,1,-1,0,174,-22,0
1,8,-4,0,-11,0,4,0,18,71,0
8,0,37,-11,0,0,7,1,40,56,0
6,9,27,-4,40,0,2,1,242,51,0
0,-7,-12,0,-16,1,4,0,218,39,0
-1,-6,7,4,38,-5,7,1,272,-25,0
8,-1,9,4,-19,-2,5,0,-73,-39,0
8,-2,15,0,10,1,7,1,-22,39,0
4,-9,-10,-3,28,-3,8,0,-36,68,0
-1,7,-2,9,14,-3,9,1,40,26,0
6,4,18,-2,-9,-6,-2,0,40,-34,0
0,4,23,11,-6,-1,-2,1,143,-44,0
-3,15,34,-1,19,0,-1,0,122,-13,0
-3,7,26,12,29,-2,4,1,-98,0,0
0,11,-7,-2,-15,0,-1,1,105,-28,0
-1,13,-10,16,19,-1,6,0,40,42,0
5,9,-6,-4,3,9,-5,1,-25,60,0
-3,14,-25,-1,-4,11,5,1,-26,46,0
-5,12,11,-2,-3,3,-2,0,98,39,0
-3,-2,27,8,4,1,-6,1,40,55,0
-2,13,31,6,31,4,6,0,191,9,0
-3,8,4,2,40,7,4,0,123,50,0
-7,0,20,-3,14,-1,10,1,-66,99,0
-2,4,-19,4,8,8,2,0,40,-34,0
0,4,11,-7,16,7,4,0,18,-11,0
-4,-7,-6,-2,-7,7,0,0,-35,-40,0
-5,12,-12,-3,16,1,8,1,-36,-2,0
2,4,-14,14,-6,5,6,1,-138,26,0
4,-1,-11,17,17,-2,-3,0,3,-3,0
5,8,30,-4,25,5,-3,1,104,45,0
6,0,15,13,16,0,-3,1,258,-36,0
6,-4,11,0,-2,-3,0,0,-34,-17,0
6,-5,-2,11,13,5,-1,0,109,-40,0
-1,-1,-11,0,30,-4,5,0,196,-15,0
2,14,-9,8,11,-3,4,1,133,-6,0
8,12,20,6,21,-6,4,1,138,-27,0
-1,-6,42,-6,-3,3,6,1,-136,44,0
-1,10,-6,-3,27,5,6,0,-11,42,0
-5,2,31,-9,15,6,5,0,250,50,0
5,11,15,7,28,3,4,0,213,39,0
0,9,-23,-5,27,-3,5,0,60,-41,0
-2,-1,20,6,-8,1,7,0,4,-6,0
2,19,-4,9,17,10,4,1,-68,85,0
6,0,-21,-7,30,-3,4,0,-12,-18,0
5,-2,-2,-3,-10,-2,5,1,239,80,0
-2,7,21,-8,42,7,6,0,-145,72,0
-4,4,1,4,20,9,0,0,30,96,0
-2,-2,-13,0,18,12,-1,1,-24,85,0
1,-2,17,0,15,11,-3,1,268,-38,0
-1,4,24,-5,14,0,5,1,-45,51,0
-1,-3,-4,-1,-5,1,6,1,130,75,0
6,7,-14,4,23,11,-2,0,25,-70,0
2,8,31,10,-11,7,-2,1,-15,-4,0
0,12,19,9,1,-7,-3,0,123,56,0
-5,11,9,2,-27,-5,6,1,-39,-23,0
5,8,0,-5,8,8,-4,1,98,-3,0
6,-6,-12,-2,-4,-2,-1,1,142,41,0
2,4,16,0,41,8,4,1,-46,51,0
-1,7,15,0,-8,5,6,1,0,49,0
-3,10,19,6,-12,5,4,0,160,39,0
4,8,15,2,-16,7,0,0,-32,62,0
0,-7,-1,-6,-7,11,-2,1,116,57,0
0,0,29,12,14,8,8,1,120,99,0
0,-2,17,9,-10,3,4,0,145,-10,0
6,16,27,0,27,5,-1,0,147,58,0
2,9,23,7,20,-1,0,0,3,-27,0
-1,-7,15,10,32,6,-3,0,-116,108,0
2,11,27,7,23,9,5,1,-66,-81,0
1,4,-5,0,32,-3,4,1,-32,-17,0
2,9,19,8,40,1,4,0,0,85,0
7,4,15,7,24,6,-1,0,40,66,0
2,14,32,0,34,7,-2,0,-64,39,0
-5,4,11,8,-11,0,-1,1,236,-59,0
-3,0,19,10,0,0,6,1,123,81,0
0,-2,-5,7,4,-2,-2,0,101,-2,0
2,9,20,10,-7,0,4,1,100,-26,0
5,-5,8,-9,27,-3,-6,1,3,-11,0
4,-1,-4,-4,23,10,4,0,-64,39,0
8,4,26,13,8,5,2,0,-35,-70,0
8,14,11,4,12,-6,6,0,-8,80,0
6,5,17,-3,33,0,0,1,118,43,0
4,-6,15,2,29,-2,0,0,-97,39,0
0,10,17,5,12,6,7,1,-15,46,0
9,13,-13,12,33,-1,4,1,124,51,0
4,9,-13,16,35,15,4,0,147,48,0
-3,10,46,-6,13,9,5,1,-72,99,0
7,-3,-2,-2,-10,1,6,0,-45,-18,0
5,-7,16,4,-12,-3,4,0,30,39,0
5,10,17,-5,-6,-2,5,1,-112,47,0
1,14,22,8,24,9,5,0,-108,-5,0
-6,8,-30,0,-6,7,-3,0,40,-17,0
2,2,18,0,26,-3,9,1,-16,33,0
4,0,4,10,-1,0,4,1,-29,49,0
-6,12,23,11,-27,-1,7,1,180,86,0
0,12,15,14,-26,9,-6,0,37,47,0
4,7,18,4,-2,-3,-1,0,121,-37,0
6,7,16,11,-6,6,0,1,113,-43,0
6,-3,-7,-2,30,8,-5,0,40,71,0
4,4,-12,-9,-2,5,4,1,40,56,0
1,-2,15,-1,17,8,-3,1,-24,79,0
6,4,-22,7,-10,-5,-2,0,40,74,0
4,7,-3,-2,3,-7,0,0,40,87,0
4,4,0,-8,-5,-1,-6,0,148,64,0
1,-6,-14,13,24,-2,-4,1,-42,26,0
4,-3,-19,11,-19,-9,5,1,-52,44,0
6,-1,-8,-2,-18,7,7,0,133,60,0
7,10,32,12,-11,5,4,1,250,134,0
-2,-4,11,6,23,7,-4,1,-74,39,0
-1,4,-6,8,22,12,6,1,118,-40,0
4,-2,-28,-5,-7,5,4,0,-93,109,0
-5,-6,-6,6,15,-7,8,1,-26,39,0
0,8,21,-4,29,6,0,0,-4,-31,0
-3,8,-6,11,34,11,-4,1,216,-3,0
-2,8,20,-2,21,8,-2,1,-8,113,0
-4,7,15,0,24,8,-5,0,137,-72,0
-2,4,29,-2,-2,6,8,0,-87,-25,0
2,0,26,-1,14,13,4,1,40,79,0
-1,0,-2,2,-14,6,6,0,101,39,0
4,-12,-22,-3,-24,5,7,1,-44,47,0
-1,-9,21,7,34,-2,4,0,24,46,0
1,8,11,13,-6,9,5,0,-118,61,0
4,10,1,14,26,-2,7,0,-47,41,0
2,-5,-16,-6,-14,4,-2,1,134,-28,0
-4,9,-15,2,-6,5,-4,1,109,39,0
7,13,-19,11,16,-3,6,1,133,39,0
1,-1,19,11,21,-3,0,0,-48,69,0
8,-2,19,-7,30,5,-2,1,40,58,0
5,-1,16,11,24,-3,-2,0,-3,-69,0
7,-2,26,-3,6,7,5,1,18,39,0
6,8,-8,8,-1,6,5,1,-98,63,0
0,-4,-2,-4,33,3,0,0,-91,48,0
-1,9,26,6,40,1,0,1,231,39,0
6,4,35,0,-12,-5,0,0,40,-36,0
-4,16,9,0,10,9,11,1,139,68,0
7,-2,31,0,-16,6,6,0,-108,-33,0
-1,14,0,6,30,-1,-2,0,122,108,0
-4,7,-14,-4,29,5,-4,0,127,60,0
5,7,42,8,-23,12,8,1,169,64,0
6,6,-10,0,17,10,-2,0,35,-28,0
3,-9,27,-2,25,3,4,1,-1,-25,0
-1,0,-4,-3,18,4,2,0,-63,-19,0
0,10,-6,-6,-4,-2,-3,1,-101,-38,0
6,-2,-1,15,-5,-6,6,0,-104,64,0
-3,7,-10,-3,-5,6,0,0,-11,39,0
7,-2,1,4,-11,6,4,1,2,79,0
0,-2,29,7,0,0,-4,0,118,-20,0
-1,-5,8,9,23,-4,5,0,171,-58,0
2,-1,-8,-1,6,5,4,0,220,-24,0
-3,11,-12,-1,-16,0,-1,0,173,57,0
6,13,-12,-2,21,10,0,0,35,-64,0
4,0,11,-6,-22,6,-1,0,181,53,0
6,13,-2,8,5,-2,4,0,15,39,0
-1,14,-14,-2,20,6,4,0,142,57,0
-2,9,24,4,44,3,-2,1,103,-5,0
-6,7,5,6,17,-5,5,1,188,-14,0
-4,-1,15,8,-11,4,7,1,-74,39,0
7,-4,-7,-2,-15,4,-3,0,-26,-7,0
-1,9,20,9,-8,-1,-2,1,40,54,0
-5,4,15,13,21,0,6,1,158,-44,0
-1,16,-4,0,19,1,-1,1,15,39,0
0,-6,27,10,-1,8,-1,1,120,-18,0
-1,-1,44,11,43,13,9,0,-6,-75,0
0,-5,-8,4,-4,8,-2,1,172,60,0
4,11,-11,10,29,8,-2,1,18,39,0
-3,5,17,9,-19,1,-1,1,-88,54,0
-1,10,-4,0,-19,1,-5,0,40,39,0
5,12,-10,6,18,-1,-1,1,35,-22,0
-1,8,41,14,15,-2,-1,0,233,-47,0
4,8,1,-5,34,-3,-1,0,-48,-26,0
-2,0,24,6,-3,5,-2,1,151,49,0
9,13,-5,8,25,8,-2,1,-62,48,0
-3,8,26,8,-3,9,-3,1,-42,39,0
1,-1,15,0,1,0,-3,0,122,93,0
5,7,29,4,14,5,7,0,-19,30,0
4,-8,-8,-2,26,0,-2,1,158,-22,0
5,11,-7,4,-10,9,7,0,-93,104,0
-3,7,20,2,24,5,5,1,1,69,0
-2,4,27,12,-23,1,9,0,40,64,0
-3,-4,-1,7,1,0,5,1,-3,79,0
-5,-9,24,0,15,7,4,1,-41,104,0
-3,-1,11,-8,-13,5,6,1,-61,-19,0
-1,-7,2,10,20,-2,-2,0,-13,42,0
-1,13,-5,10,32,0,4,1,218,-52,0
-3,10,20,2,7,-5,-2,1,143,98,0
9,0,11,10,-4,-4,5,0,-53,117,0
9,7,-7,-1,24,8,7,1,-17,-9,0
10,8,-8,2,-15,-2,9,1,-1,92,0
6,0,24,-3,-7,3,7,0,180,45,0
6,-4,17,11,25,9,-3,1,40,-68,0
0,8,15,11,17,5,4,1,173,-13,0
-2,-10,18,-2,27,6,4,1,-72,-60,0
8,12,-32,6,31,0,-4,1,194,39,0
6,-3,21,8,15,0,10,0,-7,86,0
1,17,-18,-3,-16,-7,4,1,182,-11,0
-1,-9,-1,-4,-14,5,4,1,256,56,0
5,17,-1,4,18,-2,4,1,144,-8,0
-5,-3,-22,7,28,5,7,1,1,39,0
5,-10,-15,4,-10,9,-3,0,-11,-31,0
0,-11,19,7,-3,-4,0,0,113,-3,0
-4,11,34,-9,-22,0,4,0,56,39,0
0,13,17,2,-21,-4,8,1,-110,-11,0
-4,0,11,-9,36,3,4,1,168,103,0
0,-7,-3,-5,-3,-4,-2,0,-76,51,0
6,0,26,4,21,10,5,0,160,67,0
5,-4,11,-3,0,7,7,0,-3,-85,0
-1,9,-6,-8,12,8,6,1,-6,48,0
7,4,-28,4,20,-5,5,0,-93,55,0
-1,-12,2,-1,18,-3,6,0,-52,-21,0
0,8,42,0,-3,-2,4,1,268,-21,0
5,8,0,7,-13,6,0,1,50,-29,0
5,0,-11,-3,-6,-2,5,1,-33,-40,0
4,4,-5,12,-3,7,-1,0,154,-56,0
5,4,23,9,17,-4,6,0,189,96,0
0,-4,-16,0,16,0,4,1,-1,39,0
6,-2,21,-1,34,11,4,1,-41,-48,0
9,6,35,-6,5,6,0,1,172,47,0
4,0,28,-3,-8,-2,6,1,179,54,0
1,-6,18,12,-8,6,4,1,117,-34,0
6,4,-29,2,-3,5,4,0,125,-1,0
7,-2,17,9,0,7,4,0,-15,57,0
-1,15,-6,12,23,0,4,1,200,-13,0
6,8,11,-2,23,4,2,1,131,-6,0
-1,-2,-1,6,-1,11,7,0,-60,-47,0
1,-3,15,4,0,4,1,0,30,-34,0
4,11,17,-4,24,0,-2,0,-53,42,0
-4,7,19,2,11,0,7,1,40,-34,0
-5,-7,36,-7,-17,11,4,0,-3,43,0
7,-3,-22,-1,-11,6,8,1,195,50,0
-1,-5,-16,10,-5,0,9,0,115,-2,0
2,-1,-16,-3,0,-6,-4,1,-52,-4,0
6,-1,23,7,20,-4,-7,0,207,50,0
6,-6,30,-4,19,-1,-2,1,172,39,0
4,9,35,10,-9,3,0,1,-7,68,0
4,7,-7,2,44,-4,0,1,-21,-31,0
9,-8,28,2,21,-6,9,1,139,-8,0
5,-5,-11,8,-3,-3,-3,0,-7,60,0
10,4,22,4,21,12,5,0,40,90,0
-2,7,39,8,8,-6,-3,0,-47,-40,0
5,-6,-1,0,0,9,6,1,35,61,0
0,16,0,2,-10,10,6,0,40,93,0
4,7,9,-8,23,-3,4,0,3,-9,0
-3,-5,-21,0,-17,-3,-2,0,-1,59,0
6,-4,-11,4,-23,1,-3,1,143,-25,0
5,8,-11,4,21,3,-3,1,-2,39,0
4,7,28,0,45,6,5,1,136,39,0
0,-3,34,-1,40,0,4,0,170,57,0
1,0,11,6,-5,-4,-7,0,0,0,0
8,-5,25,-1,15,-2,5,0,102,39,0
2,7,22,-1,-12,0,4,1,157,-14,0
6,-12,-8,-8,-21,0,4,0,177,66,0
4,13,25,-2,-2,-3,-6,0,-33,-25,0
0,6,-7,7,4,0,7,1,-40,-14,0
5,10,0,4,-16,-3,6,1,148,39,0
2,7,-9,11,0,0,-1,1,232,-12,0
4,7,-5,-3,0,9,-1,0,162,51,0
5,11,19,9,21,1,-2,0,-4,-3,0
-4,0,17,0,14,-3,5,0,-86,-8,0
4,8,25,4,21,6,4,0,-139,-54,0
7,0,-6,7,-14,6,4,0,-12,-75,0
0,-1,30,7,28,-6,0,0,108,65,0
-3,4,-8,6,29,-2,-1,0,-67,47,0
-1,-6,-18,-2,5,-2,-4,1,137,-60,0
6,13,8,7,-6,-2,4,1,2,-1,0
0,8,24,4,42,-5,-2,0,-102,42,0
-5,16,42,-1,-12,-5,7,0,214,60,0
6,12,17,11,14,8,6,0,166,68,0
-1,4,-10,-4,0,0,7,0,-59,53,0
-2,17,-17,-2,34,8,-2,1,-6,-1,0
9,7,22,0,3,6,-1,1,-86,84,0
5,-4,29,0,37,-3,5,0,154,56,0
9,4,24,8,19,10,4,0,192,-32,0
-1,9,-3,0,-5,9,4,0,40,97,0
2,9,36,6,36,-3,-2,0,-45,-45,0
0,14,-3,12,-5,8,4,0,-13,-16,0
0,4,-4,7,-5,7,5,0,-47,0,0
7,-10,-10,9,-8,6,4,0,120,39,0
4,15,33,-3,26,-4,8,1,-9,-6,0
0,9,37,-6,-17,1,0,0,-2,-34,0
-1,-2,-9,5,4,4,4,0,211,47,0
4,-12,11,4,29,7,-2,1,226,57,0
4,10,18,-6,5,-2,5,1,213,46,0
6,-3,-20,-1,-2,12,-3,0,-73,-38,0
5,7,12,-1,26,7,9,0,208,84,0
-2,8,35,-5,11,1,5,0,-106,73,0
-1,0,-9,-2,-3,8,8,1,-36,-17,0
-2,-2,27,-1,-18,6,6,0,121,39,0
0,9,-13,0,18,1,5,1,-43,41,0
5,4,-22,6,14,9,0,1,-49,71,0
2,-1,25,-3,-7,6,8,1,109,-66,0
-1,-2,-20,7,-4,-1,5,0,104,-33,0
4,-4,25,4,19,-1,0,0,-105,-13,0
-1,12,0,10,-2,7,4,0,121,39,0
-2,-8,20,13,-8,-6,0,0,-7,-30,0
-1,4,-3,2,16,5,5,1,50,-41,0
4,8,-7,9,21,-4,-1,0,-144,75,0
5,8,15,8,3,7,6,1,193,-51,0
-2,-2,5,9,33,-4,4,1,155,39,0
2,10,-9,-4,26,-2,-1,1,260,-17,0
4,7,-19,-1,24,6,0,0,-112,24,0
-2,8,-12,10,32,9,4,0,-47,76,0
2,7,-1,0,-19,0,5,0,-24,47,0
5,-3,-5,0,26,7,-3,1,-46,58,0
2,-7,33,6,20,-3,7,1,-17,51,0
5,8,-15,0,3,-3,4,0,-24,-44,0
-4,-1,-2,-2,-6,-2,-4,1,135,-21,0
7,14,11,2,-12,0,6,0,99,-2,0
1,-2,-29,0,19,-6,-1,0,-76,39,0
4,-1,-15,4,0,-3,5,0,175,-19,0
-2,-6,18,-1,-16,-2,4,1,40,39,0
0,-4,-2,7,-2,-1,-4,0,199,45,0
6,-11,-5,-7,-1,12,-1,0,137,76,0
0,-11,16,-6,26,0,4,0,-151,39,0
-2,-1,-11,0,15,5,4,1,118,59,0
2,11,-12,12,-6,5,7,1,124,-49,0
0,4,-2,9,4,-1,8,0,-37,-33,0
1,8,25,0,17,-7,-6,0,-48,-16,0
-3,11,-4,-11,-7,8,4,0,194,39,0
0,4,21,-7,16,12,4,1,-8,39,0
0,13,15,-4,-8,-4,4,0,-50,115,0
8,1,-6,-8,-6,-3,9,0,165,61,0
5,15,23,10,23,-5,7,1,-60,39,0
1,0,25,7,-12,-4,4,1,18,-80,0
4,-4,-8,7,9,10,6,0,119,96,0
-3,14,15,4,-3,0,4,1,159,104,0
-3,-1,24,2,18,-1,4,0,132,-34,0
-3,4,1,-3,-6,7,-2,1,120,0,0
-3,10,11,0,31,9,4,1,190,-41,0
-6,7,17,14,0,0,4,0,-27,-26,0
6,-4,15,12,32,-2,4,0,142,54,0
-4,-2,18,-1,17,5,4,1,1,84,0
0,-1,15,2,21,0,-2,0,112,39,1
8,9,-3,8,17,-2,-4,1,179,-53,1
6,0,-28,-2,-6,0,4,1,188,41,1
7,8,-11,2,-1,6,0,0,-5,-45,1
-3,2,24,-1,10,5,5,0,40,-1,1
-2,15,18,2,-2,0,-1,0,42,72,1
-2,-1,28,-3,-6,1,6,0,218,-50,1
5,-5,-2,-1,15,1,10,1,172,-9,1
6,19,-7,-4,15,1,7,1,183,58,1
5,0,8,10,23,5,4,0,-37,-2,1
-1,4,28,0,33,-3,4,0,-54,88,1
4,-4,44,7,23,0,5,0,196,65,1
4,4,-18,-2,36,0,5,1,40,76,1
-1,10,9,-3,10,0,5,1,103,39,1
5,13,20,-4,-6,-4,-1,0,-31,-37,1
8,-2,-23,8,-15,-3,9,0,70,50,1
-5,4,40,7,-2,-4,0,1,-48,86,1
4,-8,-7,4,-19,1,5,0,171,-49,1
7,10,-15,7,4,0,4,1,-116,107,1
6,-5,-1,0,27,-5,6,0,-2,46,1
-1,7,-3,6,-9,-5,6,1,-72,47,1
0,4,-9,2,14,0,4,1,-110,-7,1
-3,-1,24,10,-6,6,5,1,167,-23,1
4,-4,-3,-1,0,-6,5,1,40,-15,1
2,9,17,12,-12,-5,7,1,55,-12,1
7,5,-32,2,29,-5,4,1,-14,-28,1
4,4,4,8,25,6,5,0,119,-48,1
6,8,-8,4,-10,5,6,1,-54,54,1
-1,-1,-5,2,-32,14,4,1,-58,-13,1
4,8,-2,2,22,-4,-2,0,-10,73,1
4,7,16,-4,12,-2,-2,1,120,64,1
-3,4,17,2,20,9,-1,0,153,-62,1
-1,0,25,10,14,7,-3,1,-48,-22,1
6,11,36,0,4,4,5,1,40,-1,1
6,4,-5,-2,-4,0,-1,1,3,42,1
-1,-4,-5,-5,-16,7,-1,1,103,-14,1
5,-2,38,-5,20,15,0,1,50,39,1
6,-2,-23,-7,41,9,-4,1,-23,-13,1
-1,8,-10,11,16,-2,-2,1,3,39,1
9,11,33,10,21,11,-1,1,40,0,1
5,-1,18,7,-8,0,-4,0,-24,69,1
7,9,0,-7,-7,6,6,1,-28,64,1
-1,-7,23,-7,16,-1,-2,0,40,46,1
-3,9,18,7,23,10,5,0,-13,-14,1
4,-2,9,-2,16,5,4,1,50,-49,1
4,4,-6,-3,-2,-7,0,1,-41,111,1
-2,-3,-4,13,-13,8,-1,1,-42,63,1
5,6,-13,12,29,0,-2,1,75,40,1
-1,7,24,-3,-14,0,4,1,-39,92,1
8,0,16,-1,-9,0,4,1,40,-57,1
2,9,-8,-1,18,-3,4,0,-148,110,1
0,19,22,2,29,6,5,1,-123,43,1
2,7,22,-6,16,6,4,0,36,39,1
-4,7,9,12,0,13,5,0,141,-2,1
5,8,-4,2,-6,5,9,1,56,89,1
-1,7,-3,8,-26,0,4,0,0,101,1
-4,-2,-1,2,-19,-3,-7,0,152,106,1
-3,7,23,-2,-7,0,-4,1,60,47,1
1,-6,-3,-2,14,-3,6,1,118,50,1
2,7,20,8,-8,5,4,0,169,55,1
0,-1,15,8,-20,-3,7,0,-4,63,1
6,7,15,6,4,-1,4,1,65,-60,1
-2,13,25,2,-12,0,0,0,127,-13,1
-3,-12,12,-9,4,-6,-3,0,-51,63,1
-5,4,-24,8,-6,0,4,0,40,61,1
4,-2,19,0,-2,1,4,1,40,101,1
-2,5,-27,13,22,6,-5,0,100,-18,1
0,8,21,7,30,0,7,1,-13,-30,1
-2,-5,27,0,17,0,8,1,-108,39,1
-6,-1,-27,14,4,9,5,1,40,74,1
4,16,-8,-7,14,-4,4,0,40,69,1
4,-1,15,-1,21,11,7,1,65,-44,1
6,9,20,10,-18,0,4,0,45,-44,1
7,-7,-14,-1,17,-4,4,1,35,109,1
0,4,12,-1,-2,7,4,0,112,61,1
10,-5,-19,0,15,5,-1,0,-109,-32,1
6,13,-16,9,3,8,4,0,-123,39,1
0,7,39,7,-22,-3,5,1,98,60,1
9,-3,26,2,-14,6,5,1,0,-4,1
7,-4,17,0,-19,7,8,1,127,39,1
-1,16,33,9,-6,-4,-1,0,-29,82,1
2,-2,31,6,0,6,10,1,169,56,1
0,10,-8,-2,24,9,-4,1,144,-14,1
-2,8,17,0,15,9,4,0,159,93,1
-1,-7,20,15,24,-1,6,0,-106,39,1
-3,10,28,7,-6,0,-4,0,102,116,1
5,-3,-4,15,-10,0,8,1,133,-67,1
5,0,25,-3,14,7,-2,1,-154,90,1
-2,5,27,8,-5,-2,4,1,45,39,1
5,-3,26,2,-3,10,-4,1,212,-18,1
-2,-5,9,9,12,-4,4,1,135,0,1
6,-9,22,-2,-9,-4,-4,1,55,90,1
7,16,19,2,4,0,-3,0,165,-29,1
2,4,17,0,30,-6,-4,1,135,60,1
-2,-2,-30,2,-8,10,-2,0,222,-7,1
5,8,17,8,-10,6,10,1,151,-27,1
-1,0,20,-2,27,6,4,0,-39,85,1
4,10,20,-5,-28,6,6,1,-23,-15,1
9,-14,39,11,-2,0,6,1,135,41,1
-2,4,31,-1,3,7,0,1,-22,126,1
2,-8,-7,7,28,1,-1,0,194,0,1
5,13,-9,8,24,13,9,1,188,39,1
7,-8,38,0,-1,7,0,1,-37,39,1
-1,15,11,-3,25,-3,4,1,-63,57,1
5,13,-23,6,29,10,6,1,224,93,1
9,4,9,9,15,5,7,1,50,20,1
10,-5,-9,7,20,6,4,0,116,-27,1
1,-6,-23,6,21,-9,4,1,2,64,1
-1,11,-1,6,15,-2,4,0,-8,-26,1
8,-8,-2,-5,25,9,4,1,149,-63,1
2,19,32,7,-1,-4,5,1,-60,65,1
5,-4,-15,0,26,8,4,0,-25,70,1
2,12,12,8,-13,0,-3,1,-79,51,1
0,10,0,-6,-10,8,4,1,179,39,1
-4,10,-8,14,3,-2,4,1,156,68,1
-2,-4,-15,-4,-1,6,7,0,154,-9,1
-1,10,27,8,-6,6,6,0,40,62,1
8,-3,-5,8,-12,-3,4,0,-5,-19,1
7,0,21,11,3,5,-1,1,40,86,1
0,-9,-4,6,20,12,5,1,148,90,1
-4,-1,18,-5,29,-4,5,1,225,42,1
7,-4,42,2,14,-2,-3,0,45,-43,1
8,9,18,0,23,5,-1,1,2,79,1
5,10,-7,-1,16,5,8,0,-56,-62,1
-4,8,35,-6,21,6,0,0,186,41,1
-2,15,-11,13,16,0,-1,1,99,52,1
-2,11,18,7,-20,-6,-2,1,137,79,1
10,4,11,-5,-15,6,0,0,-14,48,1
2,4,15,2,-5,-3,5,1,50,-28,1
-1,-7,27,6,17,0,-2,1,114,47,1
5,12,22,6,4,0,-2,1,-29,74,1
6,4,8,0,19,0,5,1,-46,-3,1
0,7,15,-5,0,-6,5,1,122,-15,1
-1,-3,20,-3,10,6,0,1,-74,39,1
-1,16,-7,4,-12,-7,-3,1,-18,-47,1
4,-9,29,10,-16,7,0,0,102,45,1
0,7,-7,0,-27,-2,-2,0,-49,80,1
10,14,33,-1,-7,0,-2,1,142,51,1
-4,-6,11,-3,15,-6,4,1,141,39,1
-2,-1,-21,2,-18,-2,8,1,166,-80,1
9,-2,20,2,-10,-4,-2,0,37,-40,1
0,10,-9,-1,-15,6,8,1,0,-17,1
-4,0,23,13,19,6,6,0,177,-35,1
-1,-4,18,9,10,-3,8,1,216,54,1
9,-4,29,-8,35,6,4,1,104,39,1
-2,-1,18,-5,11,8,-1,0,-17,-10,1
2,4,-6,0,20,1,-4,0,-73,102,1
2,-2,-7,2,27,-9,4,1,99,-27,1
-1,11,0,7,-2,-6,9,1,50,71,1
-4,8,-10,2,10,5,-1,1,-178,66,1
5,14,-7,8,18,9,5,0,149,-7,1
9,4,24,2,4,0,-4,0,193,-35,1
7,0,34,7,-12,-2,-3,1,40,39,1
0,4,-11,-5,10,0,-2,0,-26,0,1
-2,-1,-15,7,29,0,-1,0,110,39,1
-4,-3,36,7,-16,6,10,1,-38,40,1
5,-2,-7,-2,13,0,0,1,-51,39,1
2,-4,9,-2,15,6,-1,1,-123,39,1
4,8,21,6,14,0,4,1,-145,-35,1
2,7,15,2,21,6,5,1,-50,72,1
-1,-3,-29,7,22,0,-5,1,-2,101,1
-2,9,42,-11,-8,-4,6,1,60,78,1
0,-1,-5,-1,-8,0,-3,0,-55,-27,1
8,-1,34,2,-4,11,0,0,-77,-18,1
2,-1,-15,2,-9,0,4,0,2,-18,1
-2,-8,26,-3,19,10,4,0,-108,64,1
9,14,-23,12,25,-4,10,1,126,66,1
-5,10,-10,2,23,-7,7,0,-10,-81,1
2,-2,41,6,0,0,5,0,123,67,1
6,9,36,10,23,13,-3,1,214,-52,1
-4,9,-10,13,21,1,5,1,40,-3,1
-4,-2,27,-4,27,8,4,0,52,-2,1
-2,7,37,8,22,-5,-1,0,131,-18,1
2,8,-10,11,4,8,6,0,243,104,1
2,7,-4,14,19,8,0,1,124,99,1
5,11,36,0,0,11,4,1,-16,53,1
2,8,-18,6,21,5,-3,1,116,59,1
-2,15,-6,2,-25,5,9,1,-11,58,1
6,4,30,-1,-4,6,-1,0,-95,-11,1
6,4,47,10,-21,-6,-4,0,-72,46,1
11,8,24,-1,39,6,0,0,248,-27,1
5,10,0,9,32,5,9,0,199,-2,1
2,0,21,4,-2,-2,4,0,-27,-60,1
-2,-3,41,14,15,6,5,1,55,58,1
-1,9,-13,-6,-6,13,8,1,-64,64,1
-4,4,-18,2,3,14,0,1,190,63,1
-4,-8,-17,7,14,8,4,0,156,-62,1
4,4,-3,0,19,9,-2,0,-64,39,1
-2,-1,-4,-7,-7,-8,8,1,44,39,1
5,14,31,0,-23,-2,4,1,120,66,1
-1,0,-7,0,22,-5,4,1,122,-2,1
-4,8,17,7,-11,8,4,1,-27,46,1
4,8,27,13,-6,8,4,1,40,76,1
7,-5,17,9,-6,-2,-6,0,42,50,1
5,4,43,8,15,-2,4,1,132,42,1
-1,-9,38,-1,-2,-4,0,1,50,49,1
6,-11,-1,6,-11,-4,0,1,40,-21,1
0,14,22,-2,25,5,8,0,-11,-6,1
-5,13,20,9,28,9,-3,0,167,63,1
6,8,17,-2,-6,2,4,0,40,39,1
6,-2,-28,2,24,2,0,1,-126,49,1
4,13,-4,12,-2,0,4,1,40,-6,1
-1,8,-10,-3,10,-9,11,1,-23,-37,1
-1,10,-5,0,-17,0,5,1,144,-24,1
4,-3,10,-2,26,-4,0,1,-22,44,1
-1,-5,23,-1,17,0,2,0,188,53,1
4,4,-10,-1,-9,-1,-1,1,-81,0,1
-2,12,-10,-3,-8,-1,4,0,50,-19,1
-1,9,24,9,24,0,0,1,133,39,1
0,13,23,-3,-1,14,0,1,168,39,1
-2,7,-15,4,-13,1,0,0,-178,-31,1
-1,4,25,8,12,-2,6,1,40,54,1
-2,7,-6,11,4,6,5,1,-81,77,1
4,13,-7,6,-1,15,-3,0,218,-66,1
-3,7,-9,0,0,5,-2,1,-78,-1,1
-2,8,-8,0,-18,5,10,1,-35,80,1
-3,-6,-6,-3,24,6,-3,0,109,-14,1
1,10,36,10,29,-1,-1,1,-99,-15,1
0,11,-6,10,28,-1,-4,0,107,62,1
8,-3,-4,2,42,-1,-1,0,-37,60,1
-2,-2,20,-6,16,12,-5,0,118,-44,1
6,0,23,8,33,-6,-3,1,70,54,1
1,-2,11,-4,-12,-6,-3,0,0,-48,1
-1,12,-10,-7,-5,0,4,0,113,116,1
4,13,-30,9,-13,5,6,1,-43,45,1
-5,9,26,-4,17,-1,8,0,-23,-9,1
5,10,-24,9,27,-6,5,0,116,-29,1
6,-5,15,2,-9,-3,0,1,-33,-2,1
-2,-1,44,11,0,0,-6,0,279,70,1
10,7,-17,-5,-4,0,11,0,249,-10,1
0,12,-6,-5,-7,-2,-1,1,60,-8,1
-3,-7,-8,12,-8,-9,4,1,142,39,1
5,9,12,-1,10,7,-6,1,-17,-58,1
-1,9,-19,9,25,-7,-2,0,-125,-2,1
7,4,-16,0,18,-1,-5,0,44,39,1
0,-3,19,-3,12,9,-2,1,263,79,1
4,-4,-6,7,-5,9,11,0,-22,39,1
2,0,15,-2,-6,10,4,0,-111,59,1
6,7,-26,0,-6,-4,-2,1,172,-6,1
-5,-2,21,-6,4,7,-4,1,275,63,1
-1,9,25,2,17,7,4,0,2,65,1
9,-5,0,-5,14,5,6,1,-54,39,1
-1,-12,11,12,-2,0,6,1,118,-56,1
4,-1,21,-7,-27,-4,6,1,56,60,1
6,-5,-10,-6,4,5,4,0,230,50,1
6,16,-1,4,3,5,-4,0,-35,64,1
2,9,36,9,-8,-2,4,0,145,39,1
6,0,11,0,12,-2,4,1,-45,-28,1
6,-1,11,-1,-2,10,4,1,104,0,1
-2,8,-10,2,32,-2,7,1,168,85,1
-4,7,22,7,23,7,-1,1,-141,-6,1
-4,16,34,-3,33,9,-2,1,-44,47,1
-3,-4,26,-3,-10,0,-7,1,-55,-20,1
-1,-6,21,11,24,0,-2,1,-108,39,1
6,-1,15,12,-1,7,4,0,102,-55,1
4,12,-9,-4,34,7,0,1,-67,105,1
10,10,-6,-4,3,7,-1,1,-67,-40,1
-3,11,17,8,-8,-3,-4,0,128,-48,1
10,-1,12,10,14,-4,9,0,-60,59,1
0,-2,22,-6,33,5,6,1,159,-18,1
-1,11,17,-3,21,5,6,0,-5,73,1
-1,4,35,0,28,-4,7,1,50,54,1
6,-8,-12,12,18,-9,4,0,40,-2,1
0,16,21,-4,31,5,4,0,189,39,1
5,-5,17,6,14,-3,-3,1,-77,-71,1
-2,10,-1,6,17,-2,-3,1,-104,50,1
-4,9,30,2,22,-3,-4,0,-20,39,1
2,-2,-9,2,0,-2,9,1,168,-30,1
2,-4,26,13,-11,-8,4,1,116,-39,1
-1,7,24,7,-29,-1,6,0,146,-60,1
5,6,-7,-2,-6,5,4,0,122,-3,1
6,12,-26,-4,10,-3,4,1,40,41,1
4,0,17,-3,-3,-5,-4,1,-78,-67,1
4,2,-13,7,11,6,7,0,167,-24,1
6,13,-6,8,-10,8,4,1,-70,-85,1
5,8,11,-2,-17,7,7,1,-66,39,1
2,7,31,2,10,-6,0,1,-1,100,1
2,-7,-3,12,10,6,0,1,-11,48,1
10,11,-11,11,5,7,4,1,173,-4,1
9,-3,10,-8,-17,-2,5,1,133,49,1
4,9,-12,-5,23,0,4,1,-17,-29,1
5,10,23,2,-12,0,4,1,-145,-57,1
8,11,17,6,-17,-3,4,0,162,53,1
-3,-8,-2,15,-15,-1,-4,0,60,-23,1
8,-3,18,-2,10,9,8,1,194,83,1
-1,10,-6,9,-3,0,4,0,1,-31,1
-1,-3,12,10,-2,-2,0,0,-35,73,1
7,-1,23,-4,-13,-6,4,1,-12,-9,1
5,4,32,-2,-5,-3,-1,1,-110,-13,1
0,-5,-4,2,-10,5,-4,0,1,52,1
1,-6,21,-2,1,-5,0,0,40,78,1
5,10,-9,6,-3,-3,-2,0,-15,-18,1
4,16,45,7,-6,1,10,0,100,42,1
-3,4,23,-8,45,0,6,1,-70,53,1
-2,10,25,2,16,-2,5,0,-79,-18,1
-3,-3,0,0,-18,5,-1,0,127,-34,1
7,-6,21,-7,14,-5,7,0,0,39,1
2,0,24,-2,18,6,-2,0,-24,62,1
6,20,24,-4,-12,7,7,1,-31,-8,1
5,6,19,11,5,7,5,0,76,-3,1
7,-6,-19,7,15,-3,-1,0,-81,91,1
7,-6,-11,-3,-13,8,4,1,99,-44,1
-4,-2,-9,0,12,0,6,0,-146,-33,1
5,15,34,8,-26,0,4,0,52,39,1
-1,4,20,0,-2,0,7,1,60,-18,1
-4,-2,-12,8,11,0,-1,0,-6,55,1
4,14,-5,7,15,9,7,0,-39,-31,1
-4,19,-21,2,13,7,5,1,-48,101,1
0,-7,15,7,23,1,4,0,-2,39,1
4,-8,-22,8,14,9,8,1,-112,39,1
5,-2,20,8,-5,7,6,1,252,93,1
4,-1,-17,2,-28,7,-2,0,-82,50,1
-5,7,44,2,29,0,4,0,-16,102,1
5,13,21,-4,8,4,5,0,105,35,1
7,-7,9,8,10,1,-2,0,-28,46,1
2,0,-12,-4,-25,12,8,1,40,72,1
-5,-5,28,-9,-11,0,5,1,-33,78,1
-5,-1,33,2,-9,10,4,0,134,39,1
0,10,22,10,-2,8,4,1,113,113,1
4,-5,15,-5,30,0,5,1,135,104,1
2,-3,-9,8,30,7,-5,0,129,39,1
2,8,9,-4,23,-1,-3,0,107,46,1
2,-11,15,9,-8,-2,0,1,227,67,1
5,13,25,11,35,-1,4,1,106,103,1
-2,-3,-5,2,30,9,5,1,123,-27,1
5,7,-3,2,-9,11,8,0,102,39,1
6,7,16,8,23,9,0,0,-155,59,1
2,13,-13,2,12,-5,-4,1,192,-5,1
2,4,-7,-4,-8,6,-3,1,-77,-43,1
-3,-5,16,13,19,7,-2,0,-45,47,1
-7,4,15,2,31,-3,-4,0,50,58,1
7,0,-11,11,10,5,9,1,-47,80,1
-2,4,-7,9,29,8,8,1,-28,68,1
0,-8,-13,-2,11,14,4,1,111,81,1
-7,7,18,-4,17,5,-5,0,-69,85,1
0,17,28,-9,20,-8,-2,1,198,39,1
7,-2,24,-2,18,-2,4,1,38,78,1
8,-3,43,4,24,-5,8,1,50,-17,1
5,-4,25,-7,34,0,9,0,-21,-23,1
2,-3,-2,2,26,0,4,1,125,-2,1
-3,13,-27,2,19,8,4,0,220,113,1
8,0,9,2,-2,6,-2,1,-15,-18,1
-3,4,44,2,-7,6,-2,0,165,-21,1
8,-5,31,4,0,7,5,0,-48,90,1
4,-2,0,12,40,9,-2,1,183,46,1
-6,-3,-5,9,-3,-7,7,0,-111,39,1
-3,18,11,-1,24,0,4,0,203,83,1
-1,2,17,-3,18,-2,-4,0,-61,-20,1
2,-5,12,13,17,-6,-1,1,-43,-7,1
7,-1,-1,-4,25,5,4,1,-4,99,1
6,9,28,-2,-1,0,6,1,40,39,1
2,6,28,0,19,6,7,0,-47,-46,1
-1,-2,-20,-1,-3,6,-2,1,180,-35,1
11,-1,19,-1,31,0,-1,0,-95,49,1
7,-3,-7,0,39,-2,4,0,99,99,1
7,-7,-10,-4,-7,0,4,0,221,-20,1
4,7,-9,10,25,-3,0,1,-21,62,1
6,12,17,-3,3,-2,0,0,158,-15,1
-5,-2,-12,0,1,8,4,1,235,56,1
5,7,-5,9,16,-4,4,1,109,90,1
4,-7,-16,7,20,0,6,0,239,-8,1
2,10,23,-5,1,8,5,1,-4,39,1
-1,19,-23,7,23,-2,7,1,60,79,1
-1,8,32,9,5,8,5,1,160,39,1
6,4,33,-3,10,9,0,1,157,-52,1
-1,10,15,2,-7,-1,4,1,160,55,1
-1,9,37,6,36,-2,5,0,153,132,1
7,7,23,6,-7,0,0,0,9,-22,1
4,10,-1,8,12,7,0,1,40,42,1
4,0,37,0,32,6,5,1,-10,44,1
4,9,11,2,4,-2,8,0,-4,51,1
-3,9,26,-5,16,5,-4,0,158,62,1
-1,-4,-15,2,0,13,-4,1,110,39,1
-3,5,-3,-7,-2,3,-3,0,131,-78,1
2,-1,19,7,-3,-4,4,1,121,73,1
-2,13,-5,2,-6,-1,-2,1,257,55,1
2,11,15,6,37,8,-1,0,196,53,1
-2,9,-8,10,12,8,4,0,-20,39,1
-2,17,-5,13,-7,-3,0,0,40,-50,1
-2,-3,-12,2,10,6,2,0,157,-11,1
-5,2,0,7,18,0,0,0,55,89,1
-1,5,-13,-10,-22,0,8,0,-37,41,1
-2,0,38,8,-7,-4,4,1,1,-20,1
-4,4,20,-2,-9,-2,-1,1,45,-27,1
2,7,-5,10,-13,-3,9,1,251,-4,1
-6,11,-9,10,26,7,6,0,228,66,1
-2,-4,32,-3,10,5,9,1,-14,105,1
-2,4,0,-3,16,-8,-7,1,-56,111,1
-2,11,2,0,14,-2,6,1,184,-11,1
-1,19,31,8,-23,8,-6,1,-123,39,1
4,-3,5,2,14,-3,-2,1,224,-16,1
-4,7,16,2,10,0,4,0,117,-22,1
-4,4,34,2,35,-1,0,0,128,66,1
2,-9,-25,-5,-7,9,-2,0,109,-53,1
-4,10,11,-3,-11,-2,4,0,115,19,1
8,7,9,7,41,-4,-4,0,-23,101,1
11,7,-33,-3,35,10,5,0,176,62,1
6,10,22,2,27,5,-4,0,136,44,1
2,-2,17,-1,34,-1,8,1,107,-40,1
2,-2,-15,-1,-10,6,4,0,-140,-19,1
4,-5,15,-2,26,0,5,0,-84,-11,1
-1,11,-10,-11,31,-5,-5,1,-36,-17,1
-1,-12,-6,-3,10,4,-5,1,63,-22,1
2,7,-7,0,-10,9,5,1,143,62,1
1,14,12,0,-2,-4,-3,1,118,104,1
5,14,-12,2,30,9,-2,1,-39,-18,1
6,0,23,-3,20,-2,6,0,176,65,1
4,-4,15,2,17,8,10,0,214,118,1
-2,-2,-10,7,32,-4,5,1,3,71,1
-1,-1,-8,11,0,8,5,0,245,-29,1
5,4,26,-2,-9,-2,0,1,-171,40,1
2,4,-23,2,-8,5,5,1,111,108,1
4,14,25,-1,-14,5,-1,0,-5,121,1
2,-11,-18,2,-12,8,4,1,98,111,1
5,4,-1,10,16,5,4,1,-35,53,1
2,10,-2,-2,10,6,4,1,-123,-35,1
-4,9,15,7,-2,-3,4,0,-23,-8,1
11,-4,20,10,4,-5,9,1,-93,90,1
6,14,-1,-2,28,-9,4,1,237,56,1
-1,-2,21,-4,-18,-7,6,1,-45,43,1
6,7,-2,8,36,8,-6,1,158,77,1
4,-4,24,-4,-13,7,0,0,-28,65,1
5,16,-5,9,0,7,-2,0,201,47,1
11,15,10,6,23,8,4,1,-37,39,1
-4,-1,-9,2,12,-3,4,1,55,-27,1
7,-2,35,7,-1,12,5,1,251,126,1
5,8,-20,-2,15,0,7,1,45,75,1
4,-6,26,2,4,-1,6,0,40,-82,1
4,-6,-3,6,25,7,4,0,134,92,1
1,10,-23,10,-15,-3,5,0,-59,68,1
2,10,-3,0,-16,-4,5,1,101,39,1
2,0,-12,0,4,-1,7,1,175,90,1
5,-1,24,-2,40,-7,6,1,168,39,1
0,15,-3,7,26,0,9,1,115,-21,1
0,9,16,0,3,10,4,1,119,54,1
-3,17,-9,9,24,4,-4,0,-81,-32,1
6,4,-17,-4,-2,0,6,1,-20,39,1
-1,10,-18,9,-7,-6,-2,0,-146,51,1
7,-11,-17,6,5,-3,6,0,0,39,1
4,-5,17,-1,16,0,6,0,40,82,1
0,-5,-5,13,14,-7,4,0,0,60,1
2,19,18,2,27,8,6,1,50,108,1
5,-1,-5,-3,11,7,0,0,-2,-14,1
6,15,-25,8,0,0,4,1,-56,-9,1
4,11,-1,0,0,-1,4,1,-40,-18,1
4,-7,30,2,26,-5,4,0,193,61,1
4,7,11,2,1,-1,8,0,123,-4,1
-1,-4,19,-1,16,-1,10,1,-93,-24,1
5,9,28,7,-12,9,9,0,-38,39,1
5,0,-2,-2,-9,8,-5,0,-8,82,1
9,-8,-11,8,15,9,8,1,-23,64,1
5,4,18,-1,-8,-4,-2,1,150,48,1
9,9,36,-4,27,8,4,1,128,97,1
4,7,22,-4,-2,7,6,0,241,-31,1
-4,14,24,-1,15,0,5,1,123,91,1
2,8,23,-11,31,-2,7,0,207,59,1
-2,14,-7,0,21,-1,6,1,40,-2,1
5,-2,20,2,20,11,8,0,-14,-17,1
5,11,-5,2,23,0,-1,1,101,61,1
-5,8,-6,11,-14,1,4,0,121,-15,1
5,8,9,0,-2,8,5,1,251,81,1
6,8,30,0,-9,-2,4,1,125,-62,1
2,-3,-10,0,22,-1,9,1,-48,39,1
0,-1,39,12,-9,-2,8,1,-5,42,1
0,14,15,2,-10,-1,-2,1,-8,69,1
5,8,23,0,-11,0,-1,1,177,-45,1
-6,4,40,-11,-5,-4,4,0,-37,-2,1
0,-4,12,10,-25,-3,4,0,-39,-31,1
6,-1,-9,9,14,5,-4,0,-36,80,1
-2,-1,20,-2,-16,0,-1,1,125,-4,1
-1,-3,29,13,-6,5,0,0,137,107,1
4,-1,-12,-3,19,-9,-4,1,-114,-87,1
6,11,27,-1,4,0,4,0,-62,41,1
-2,11,9,8,4,-6,4,1,50,80,1
-2,1,22,-3,-5,10,6,0,40,39,1
6,8,-21,12,22,-2,4,1,-76,48,1
-1,-2,21,2,22,11,-2,1,169,71,1
5,9,-9,-4,-18,1,-1,0,-28,-64,1
7,7,-6,8,-2,-4,10,0,35,47,1
2,17,-8,9,-8,6,-2,1,-32,-49,1
7,-11,14,-4,19,8,5,1,40,-1,1
2,-10,17,7,4,-4,-2,1,40,43,1
0,-5,17,9,-12,0,7,1,129,79,1
-2,-1,-11,11,8,0,0,1,116,55,1
7,0,21,-7,-3,10,4,1,-67,58,1
-2,10,-11,7,-7,-2,6,1,-184,39,1
-3,12,27,10,31,5,4,0,109,73,1
4,15,-2,13,-5,-2,4,0,-7,67,1
5,-2,12,8,36,10,4,0,163,95,1
5,-2,24,8,-10,6,4,0,55,116,1
-3,7,-2,-1,4,-6,-1,1,216,-7,1
-5,0,-27,11,21,-5,-1,1,146,-18,1
1,10,20,10,-6,-7,4,1,160,50,1
0,14,21,2,19,-5,5,1,-1,-52,1
10,7,-20,7,-8,5,10,1,50,-18,1
2,11,8,6,-12,0,7,1,131,43,1
5,-8,20,-2,24,-2,-7,0,179,68,1
2,-8,-8,-6,26,1,-3,0,-36,-24,1
-3,-7,19,7,13,7,4,0,-15,-18,1
4,18,10,11,14,-2,6,1,40,62,1
5,-5,20,2,-2,7,-1,1,104,67,1
-2,-1,15,-4,14,7,4,0,148,59,1
4,8,16,3,22,8,-1,1,133,-18,1
2,11,23,-5,-8,-2,7,1,165,82,1
9,-4,-16,9,45,13,0,0,254,-3,1
5,4,-16,2,10,9,5,0,-43,-28,1
-3,-8,-8,-2,-14,0,0,1,124,-43,1
-4,-12,-2,0,-1,9,0,0,3,46,1
-2,-9,12,-2,15,-1,6,1,35,86,1
0,12,18,6,20,-7,4,1,131,76,1
5,-5,-12,-3,15,-1,10,1,-39,39,1
7,-4,-14,2,24,-1,5,1,253,72,1
0,-2,-4,-5,-18,-8,0,1,134,-55,1
6,-4,15,9,23,-1,4,1,-34,-40,1
-2,11,-18,2,-31,6,4,1,207,60,1
4,5,-15,9,26,-4,4,0,35,39,1
10,-1,24,8,-16,0,-2,1,-37,63,1
5,2,-6,0,14,-2,0,0,43,-37,1
7,4,15,11,24,5,4,0,-85,-34,1
-5,11,-2,-2,15,-4,7,0,-27,79,1
-3,4,-2,15,-17,0,4,1,-33,-45,1
0,0,7,7,7,1,-1,0,44,43,1
-4,10,19,-2,-15,6,6,0,-29,39,1
7,9,0,6,17,-2,-1,0,45,-12,1
5,-3,-14,-6,13,11,0,0,-20,-34,1
4,8,34,0,35,0,-3,1,114,72,1
2,-1,-10,6,-29,-2,5,0,-58,55,1
4,-4,18,9,6,8,8,1,224,-85,1
5,-7,-4,2,12,11,-2,0,70,-85,1
2,-8,22,8,-4,7,0,1,141,-18,1
2,6,15,0,-17,-7,0,0,60,62,1
5,11,-14,7,25,-3,6,1,108,-6,1
-1,-1,-8,15,-13,-4,5,0,-109,-26,1
-2,9,-22,-5,27,5,-3,0,188,-3,1
4,-2,-4,0,17,-2,4,1,40,91,1
-4,-2,22,6,-15,12,-1,1,-19,-65,1
4,11,16,13,34,9,11,0,-43,76,1
0,-10,-28,-3,-19,9,6,0,-9,40,1
-1,-5,-5,8,40,7,4,1,99,-53,1
-1,-1,0,-1,10,9,-1,1,-64,83,1
4,7,19,-2,-14,-3,6,1,-109,-10,1
9,17,-17,10,22,0,6,1,-31,-24,1
0,11,19,-4,24,-4,4,1,50,39,1
-1,8,-7,-1,19,0,7,1,-12,39,1
2,-7,0,8,17,11,5,1,212,54,1
-4,12,27,-3,-21,5,4,0,98,73,1
-4,4,18,12,-4,-2,4,0,0,53,1
-4,-2,-25,9,10,7,-2,1,-15,39,1
2,15,30,2,3,0,-2,0,161,65,1
-4,0,-9,0,40,11,-2,1,45,-31,1
-6,-1,25,6,-9,5,-5,0,40,39,1
6,-2,17,6,27,-7,4,1,-29,80,1
0,-9,-2,-6,36,0,0,1,-32,-12,1
4,-1,27,0,13,1,-1,0,-180,-6,1
4,4,21,2,27,-2,-2,1,65,39,1
-1,-1,-5,-2,6,0,0,1,-70,73,1
-1,0,-2,-3,-30,0,4,0,144,-1,1
-5,-7,-14,-4,14,6,8,1,-39,-26,1
-2,17,11,-1,-16,10,-2,0,-40,78,1
-4,-8,15,6,33,5,4,1,45,52,1
9,10,21,13,4,0,-3,1,-31,68,1
5,-3,-9,2,29,14,6,1,-21,86,1
-3,-1,-16,2,14,-1,4,0,-116,69,1
-3,12,9,7,-8,9,7,1,103,82,1
-2,-9,15,12,-8,6,4,1,121,-83,1
-3,-9,8,8,5,13,1,0,112,39,1
0,-7,22,7,14,7,4,1,-43,-65,1
2,10,-2,-8,19,-2,4,0,103,-28,1
4,7,9,7,19,-2,4,1,125,89,1
-1,9,18,10,15,13,0,1,2,53,1
5,0,-12,7,4,12,-3,1,-33,56,1
7,9,30,7,1,8,10,1,160,70,1
4,4,28,-3,-21,1,0,1,138,-16,1
-3,-1,27,6,10,1,-4,0,140,39,1
2,8,29,7,27,6,5,0,-5,-7,1
6,10,-2,-3,4,0,8,1,-113,59,1
10,-1,39,7,22,0,0,0,-59,-6,1
2,4,28,9,14,7,6,1,42,70,1
2,16,9,0,3,9,-2,0,-6,39,1
-2,4,11,0,-6,-4,5,0,-19,-22,1
8,9,27,-5,35,-2,-2,0,147,-17,1
0,9,0,0,7,-8,8,1,40,53,1
1,-1,-7,2,8,10,8,0,15,-39,1
1,-1,-5,8,36,-1,8,1,-49,39,1
7,-1,11,2,-6,-2,5,1,111,39,1
0,-2,37,0,10,6,8,1,139,82,1
7,11,-5,2,-13,0,-1,0,163,-42,1
4,10,-5,-6,4,-6,4,1,-13,-35,1
0,8,-9,-5,-20,8,-2,0,110,46,1
6,-2,9,-4,4,0,-1,1,-36,-7,1
-2,4,-3,6,-3,11,-2,0,40,70,1
-4,8,15,-6,19,7,5,1,-115,-68,1
-4,8,15,-8,25,12,4,0,-12,56,1
4,-2,15,-1,10,13,4,1,-139,39,1
-4,8,35,-7,28,-2,4,1,-49,-35,1
0,-1,-28,-1,16,6,0,1,-31,-25,1
6,7,18,0,-7,7,-3,1,129,92,1
-2,0,15,6,-6,0,-2,0,40,114,1
-4,8,28,6,0,5,5,1,38,-15,1
4,2,-16,-1,-28,-9,5,1,184,39,1
0,9,-16,-4,-10,-2,4,0,-17,64,1
10,0,15,-4,26,0,7,0,60,82,1
8,4,-14,-3,24,-9,-1,0,108,-32,1
4,-1,14,2,10,5,-1,1,-73,-39,1
4,2,11,7,32,-6,9,1,40,-8,1
-3,-7,26,15,-1,-4,4,1,-56,-71,1
-3,4,15,-4,-7,1,7,0,-44,39,1
-3,-4,9,0,10,-1,0,0,163,-22,1
5,17,19,0,19,-4,4,1,-105,-3,1
0,4,9,-1,27,-9,4,1,40,-38,1
2,9,-10,6,14,7,-1,1,198,-27,1
7,11,8,13,-10,8,0,0,178,-8,1
-6,-5,39,-2,39,5,-2,0,191,55,1
0,-4,32,2,20,-5,4,1,219,-12,1
-1,-3,28,-4,-5,1,6,1,-164,-15,1
6,9,15,2,-7,6,9,1,60,39,1
4,13,17,9,0,0,-1,1,138,-12,1
4,0,35,-2,-12,-3,5,0,-32,39,1
-1,-1,23,-5,20,-4,-4,0,35,-45,1
-1,7,-29,-6,-14,-7,-2,1,-116,0,1
4,8,-18,-5,23,11,-4,0,-25,52,1
8,-4,31,0,18,6,5,1,118,-4,1
6,-6,24,2,-19,5,5,1,-8,60,1
-1,-5,-14,6,-2,-2,-1,1,-59,-6,1
-4,-1,-9,9,3,12,6,1,-7,39,1
4,10,21,-4,4,8,6,1,-77,64,1
4,-4,-4,2,12,-2,10,1,174,52,1
6,10,23,-5,-15,-8,6,0,-9,-10,1
-1,-1,9,-2,4,0,6,0,98,45,1
2,8,38,-5,44,9,5,0,179,-49,1
-4,4,-18,7,16,-1,0,1,40,-9,1
-2,-1,9,-1,30,0,-5,1,-88,76,1
4,-3,16,7,-25,-5,-3,1,225,41,1
7,-6,-6,-5,27,6,11,1,-38,42,1
2,-1,23,2,33,0,7,1,131,-17,1
4,11,32,-1,-4,-1,-2,0,-51,88,1
-5,4,-14,0,15,-6,10,0,135,62,1
4,8,4,11,4,12,7,0,140,-22,1
6,0,-3,7,26,0,7,1,118,-61,1
6,-5,10,-9,4,7,9,1,-7,39,1
0,4,9,0,-11,15,6,0,40,39,1
-5,0,22,-4,10,-8,6,1,167,-51,1
-1,10,9,7,-8,1,-1,1,55,55,1
0,-9,9,-3,-10,0,6,1,50,39,1
8,8,-21,-3,0,8,4,0,-48,58,1
0,-9,11,0,-1,-3,0,1,-78,-30,1
-2,8,-7,0,33,0,6,1,-69,39,1
0,12,22,11,33,-5,-5,0,50,85,1
6,-2,-4,9,4,11,4,1,-18,76,1
2,4,22,-1,-17,9,-2,1,131,62,1
-2,15,-4,-2,4,14,-5,1,136,-12,1
-1,13,-16,0,4,-3,4,1,40,-8,1
4,4,19,-2,-14,8,5,0,122,-47,1
1,12,-3,7,30,9,4,0,-60,57,1
-3,9,-18,2,25,-7,8,1,48,-7,1
-2,11,11,-2,26,12,-3,0,134,-3,1
-2,8,15,2,-1,0,4,0,134,-18,1
4,-3,34,10,-17,5,4,1,55,59,1
7,-9,-1,7,14,0,-1,1,129,-26,1
1,7,15,6,32,9,4,0,40,39,1
7,-4,9,6,27,5,0,0,45,-6,1
4,-5,-7,0,16,9,5,1,-38,-33,1
6,-1,23,7,-15,-1,0,0,154,86,1
2,8,26,11,28,0,-1,1,-50,-32,1
2,8,16,-2,21,0,4,0,228,56,1
0,13,33,-1,0,6,4,0,-145,73,1
7,4,17,9,-6,0,-6,1,122,39,1
-4,0,27,-2,28,-2,-2,1,45,-19,1
8,2,27,2,-10,11,-6,0,146,-7,1
5,4,25,-2,40,13,-5,1,48,-57,1
-1,8,24,14,32,10,4,1,-112,40,1
5,2,9,-4,4,-5,5,1,108,39,1
-1,-5,-3,-1,33,-1,-2,1,153,90,1
-3,-1,8,11,39,7,4,0,-19,-30,1
-3,-5,-22,-5,17,5,6,0,138,86,1
4,4,-4,9,17,9,5,1,50,61,1
5,-2,38,-2,41,0,6,1,109,55,1
9,0,29,-2,10,-7,-5,1,-48,39,1
8,16,-11,9,30,6,7,1,142,90,1
0,-2,24,11,12,0,4,1,-32,-24,1
10,5,18,0,-23,0,-2,1,-34,-33,1
0,17,20,-2,-5,8,4,1,167,-35,1
0,4,26,-4,0,10,-3,0,40,54,1
2,-8,-1,-6,26,9,0,1,-94,-46,1
5,-3,-21,15,-24,0,4,1,-24,39,1
0,6,-22,0,-22,7,-1,0,-6,79,1
2,4,11,9,7,0,-2,1,210,39,1
-2,0,-13,6,-7,-3,5,0,1,-85,1
4,13,25,-2,-16,5,0,1,-32,44,1
0,-6,-1,7,6,0,6,1,102,0,1
6,-1,39,15,4,6,4,0,144,-8,1
2,10,18,10,12,-4,-1,0,-77,39,1
5,-7,30,-1,20,5,-1,0,-111,49,1
7,-2,18,6,-8,-1,6,0,-63,39,1
-1,14,26,0,36,-2,4,0,203,-69,1
-5,-4,9,-9,-19,8,1,1,-82,39,1
-3,-5,9,-2,14,8,6,0,-55,51,1
5,-3,0,-6,-11,5,9,0,98,-56,1
6,13,18,12,32,8,4,0,-41,-33,1
-2,8,-18,6,-4,0,-2,1,-59,-61,1
4,-3,19,2,-9,5,6,1,-19,39,1
9,9,27,7,-12,10,6,1,201,64,1
8,17,15,7,-2,6,8,1,-17,-52,1
-1,14,26,-4,21,-4,6,0,-159,-57,1
2,7,-2,11,22,-2,8,0,-20,-4,1
5,-3,36,0,4,7,-2,0,-89,-80,1
5,10,-7,12,1,-1,9,0,-26,66,1
10,4,15,-1,-6,-7,4,1,-35,59,1
5,-2,25,2,-11,6,7,1,-45,92,1
2,16,-28,2,25,7,4,1,-103,97,1
-3,-3,-21,-10,16,-3,5,1,131,60,1
4,-7,-4,2,-15,0,6,0,109,74,1
0,-2,36,12,5,10,4,1,170,-45,1
4,15,-12,-1,6,0,4,0,-33,-20,1
0,11,-16,13,-5,-1,0,0,122,121,1
4,-3,43,14,-3,-2,5,1,165,-40,1
2,9,9,10,-23,-2,7,1,-141,67,1
-2,-1,-1,-2,-9,10,4,0,-51,39,1
6,4,20,13,-10,8,0,1,-23,49,1
-1,7,9,2,40,0,5,1,-7,-41,1
5,-5,28,13,5,0,-6,0,-60,40,1
5,-2,25,-9,14,8,0,1,128,-43,1
-4,10,-10,15,-10,-6,0,0,-38,43,1
0,-3,25,11,-10,0,0,0,-38,69,1
6,-7,-10,15,30,5,4,1,-89,47,1
-1,-1,15,-3,19,11,6,0,237,47,1
6,11,-2,8,23,12,-4,1,-52,0,1
5,-7,29,-2,23,8,7,1,16,0,1
2,13,-13,0,14,-2,6,1,165,66,1
-1,0,32,14,21,-7,-3,1,-52,52,1
4,-5,9,-1,4,-2,-1,1,-25,39,1
-2,-5,31,2,25,5,-3,0,40,86,1
-2,13,24,2,19,-2,-3,0,152,54,1
-1,-9,-15,6,28,-5,5,1,40,83,1
1,12,42,2,14,9,4,0,-14,58,1
-6,4,28,6,-9,6,0,0,122,39,1
2,-3,24,7,-22,7,4,1,-148,39,1
2,14,12,-3,4,0,4,1,141,39,1
7,-12,31,13,-11,0,-4,0,-69,42,1
9,7,19,2,-6,6,4,1,-36,-17,1
8,0,32,13,24,11,-1,0,99,-49,1
-5,14,-10,10,24,-1,5,0,-57,45,1
-2,-5,0,-1,-3,0,4,0,128,67,1
5,-2,15,10,31,9,4,0,40,41,1
-2,10,-24,-5,28,-2,9,0,50,39,1
-4,7,15,-8,19,1,4,1,109,39,1
9,-4,24,2,10,7,-1,0,45,54,1
-4,9,24,11,14,-5,6,1,100,68,1
6,-2,20,6,3,-6,4,1,-37,-34,1
-1,-2,-24,7,-7,6,2,1,101,39,1
-2,4,9,17,4,7,6,1,50,39,1
6,15,26,8,10,-3,-4,1,-10,51,1
7,-4,-11,-2,-7,9,4,0,184,-6,1
0,-2,-8,6,-10,0,4,0,114,88,1
4,-1,28,-1,22,7,6,1,202,-15,1
5,-3,25,0,16,1,-6,1,113,62,1
4,-3,19,-2,33,9,4,0,159,48,1
-2,7,-8,-8,26,0,4,1,-73,40,1
9,-3,31,-3,-11,-7,6,0,119,41,1
9,10,-3,8,22,0,-2,1,150,-27,1
4,4,32,9,-6,-1,4,0,186,-4,1
0,-3,21,2,18,-8,7,1,139,79,1
7,12,20,8,4,-1,-6,1,-87,39,1
6,13,15,10,-2,9,0,1,-100,72,1
-4,4,-20,-5,3,-8,4,1,-7,52,1
-1,10,10,12,-23,7,6,1,-1,44,1
1,9,-4,7,-15,8,4,0,-27,62,1
4,0,21,2,17,-2,4,0,40,67,1
0,7,-9,2,-8,12,5,0,75,51,1
6,-11,25,-7,-29,0,4,1,-85,39,1
4,-3,23,0,-2,0,4,0,60,-45,1
4,8,-8,2,-1,-1,-3,0,175,-22,1
-5,10,22,2,-29,6,7,1,167,55,1
9,7,21,0,-17,-1,-3,0,139,-27,1
-2,4,-13,14,-8,-4,-3,1,-194,58,1
2,-1,-4,2,4,5,-3,1,142,87,1
6,4,17,-6,14,7,-2,0,139,39,1
-2,9,9,11,23,-1,-5,1,141,-24,1
7,-3,-6,-3,35,-5,-4,1,-6,97,1
0,-1,32,12,-1,0,4,0,-23,-38,1
-1,10,23,-1,19,-2,4,1,40,65,1
-2,11,-9,-6,-8,-6,4,0,120,-37,1
8,14,21,-4,-11,-3,-1,0,-36,78,1
2,0,33,2,-5,10,-2,0,266,0,1
8,14,-27,-2,-10,-8,0,0,-2,39,1
2,15,15,10,-14,-8,10,1,-73,-82,1
8,19,39,7,-4,7,-1,1,168,-37,1
1,4,-26,10,-7,9,-1,1,-114,30,1
6,-2,15,10,-5,0,4,0,115,-46,1
-2,12,-9,-5,26,-2,5,0,-59,43,1
0,4,21,7,24,8,4,1,-41,39,1
5,9,-8,14,0,6,0,1,121,124,1
-2,10,25,-7,-26,0,0,0,-135,-8,1
0,-10,-4,12,16,-7,-1,0,-42,124,1
5,-2,-13,6,-8,-5,7,1,152,-14,1
-1,16,20,6,-2,7,0,1,109,47,1
4,8,20,8,24,0,-1,1,-90,93,1
-6,10,45,12,40,11,-1,0,119,61,1
9,-4,30,11,20,12,7,0,-67,76,1
-4,-4,12,2,23,7,8,1,122,-54,1
5,4,23,9,-15,-6,4,0,-25,42,1
5,7,25,-3,25,-6,5,0,2,39,1
0,-1,-5,-5,4,-5,-1,1,123,-15,1
-4,8,15,14,36,6,4,1,109,59,1
-1,10,15,2,-2,5,6,0,184,65,1
-3,11,-10,6,-2,8,-4,1,127,-52,1
6,-8,12,-1,10,-4,8,1,40,19,1
-4,-1,21,-1,-5,6,-1,1,252,-14,1
0,-6,-11,2,10,6,-3,0,192,91,1
4,-4,17,0,17,11,4,1,50,59,1
6,9,17,-4,20,0,5,1,-23,96,1
-3,-4,9,-8,-4,6,5,1,1,42,1
-3,10,11,-5,16,9,-1,0,119,53,1
6,17,17,6,-3,-2,6,1,-11,-13,1
7,11,-8,0,22,8,-4,1,40,-50,1
4,-1,-9,6,-4,-1,4,1,50,-24,1
-1,-5,-14,-1,35,0,7,1,211,-19,1
6,8,33,-4,20,0,-5,1,-40,47,1
-2,8,-17,-4,-10,6,-5,1,40,39,1
-5,-2,15,-6,4,13,7,0,40,-3,1
6,-5,23,6,-2,8,0,1,171,-8,1
-4,12,-3,7,21,0,5,1,171,114,1
0,15,-19,-2,-7,-2,7,1,-4,-25,1
-3,-7,15,10,14,0,4,1,123,104,1
-2,7,-8,-1,34,7,6,0,160,-8,1
2,17,-10,-3,38,-2,5,1,42,66,1
7,-5,19,11,-6,-3,-1,1,-1,83,1
0,9,15,-7,-11,8,4,0,220,-19,1
-1,-1,25,9,18,-4,-1,0,119,39,1
-1,9,-2,-4,-15,0,4,0,125,58,1
6,-1,21,-3,26,9,5,1,40,73,1
0,-1,18,-2,-3,0,7,0,116,57,1
5,0,9,12,0,13,-1,0,51,55,1
-1,10,12,0,-2,-7,6,1,101,-3,1
6,2,14,12,-11,5,5,1,60,-7,1
-2,-7,-20,-1,-12,0,4,1,40,71,1
6,0,22,10,18,9,4,0,-39,-30,1
-1,14,-7,6,-10,14,-1,1,129,55,1
-1,8,-17,2,-1,8,-1,0,137,56,1
4,-3,22,0,20,-2,4,1,-136,-28,1
-3,7,25,2,0,5,4,1,-166,63,1
4,0,-14,10,29,7,-2,0,60,-75,1
4,8,27,-2,16,5,4,0,-124,39,1
-1,0,-6,7,28,0,-6,1,56,-32,1
-2,10,11,0,25,0,7,1,119,-36,1
-1,4,-15,2,44,12,4,0,131,-24,1
6,16,15,-5,28,6,9,0,-136,-16,1
5,-9,9,-1,24,-5,6,0,-132,104,1
6,12,-21,6,17,6,5,1,50,-38,1
-4,15,20,2,4,9,0,0,-109,70,1
6,-2,20,2,-1,8,0,1,40,42,1
6,-2,-12,9,-3,-4,8,0,-5,-46,1
-4,-4,-26,0,17,0,4,1,162,-30,1
2,16,30,10,0,10,-2,1,45,-26,1
-2,-7,25,13,4,6,-2,0,-7,74,1
-1,10,-12,2,14,0,4,1,-134,42,1
-2,0,-14,6,37,7,4,1,155,-23,1
7,-13,-28,9,-16,5,4,0,-57,39,1
4,11,21,2,24,0,4,1,175,-36,1
4,-5,27,12,21,9,10,1,121,49,1
5,8,-1,-3,-10,5,4,1,-21,56,1
4,-6,-29,2,0,0,7,1,40,-6,1
2,-1,22,0,14,4,-2,0,-41,63,1
8,-5,32,-4,-3,10,-4,1,227,45,1
-2,10,31,9,22,7,-1,0,-55,-92,1
9,5,-13,6,-9,0,4,1,60,-34,1
2,-1,26,-1,23,-1,5,0,264,90,1
6,6,22,-8,-7,0,-1,1,-1,41,1
-4,-1,26,-6,14,12,0,1,-54,39,1
4,7,1,10,-18,-5,-1,1,-47,-13,1
-1,4,-11,11,21,5,-2,0,148,67,1
2,17,0,2,15,-3,4,1,-37,47,1
-2,5,21,8,18,11,5,1,-124,-11,1
-1,0,0,8,0,5,7,1,60,39,1
4,-4,34,10,43,8,-3,1,-96,39,1
6,-8,-15,0,-2,8,8,1,142,-75,1
-3,-1,-4,-3,-15,8,4,0,0,39,1
2,7,-16,7,-14,-6,4,0,-19,71,1
1,9,33,-5,22,-1,4,0,128,-16,1
-3,12,0,2,14,9,0,1,138,-27,1
0,-3,9,8,14,-1,-1,1,-51,89,1
-7,0,28,16,-9,0,5,0,50,53,1
4,9,11,-1,19,-3,6,0,106,70,1
-1,-3,24,9,-4,7,4,1,0,-44,1
5,-2,-2,4,12,-3,-3,0,111,-39,1
4,-9,25,0,-10,-5,-1,1,-53,39,1
4,8,9,8,24,-2,-2,1,118,61,1
5,-3,-6,-2,21,-1,-2,0,177,-35,1
5,-6,-16,6,23,-2,-2,1,-10,21,1
2,8,-1,-9,22,5,-1,1,126,41,1
2,4,19,8,13,7,-3,1,40,80,1
-2,4,-15,6,-9,-4,4,1,-26,-35,1
0,9,-12,2,32,6,-3,0,-35,54,1
-2,13,-4,0,31,0,4,0,40,-11,1
9,12,12,4,-12,5,4,1,-34,89,1
7,11,12,-9,40,0,0,0,150,101,1
-6,20,-4,-6,44,7,5,1,-23,-34,1
4,9,-4,2,-20,-7,-1,0,118,-13,1
2,-2,17,-4,-2,10,6,1,129,-23,1
9,-4,26,0,-12,6,4,1,-36,51,1
6,7,-15,-3,17,-3,0,1,-32,39,1
6,-6,21,-6,16,8,7,1,-65,53,1
5,-2,11,-2,11,-3,4,1,-46,-8,1
2,10,34,9,7,0,-2,0,161,-43,1
-1,-6,-1,8,-7,8,8,1,110,-32,1
5,8,15,6,18,-2,10,1,55,43,1
5,-5,27,-7,15,-3,4,0,40,116,1
6,-2,43,-3,35,6,4,0,199,-81,1
6,4,42,2,17,5,0,1,-5,96,1
4,0,17,2,0,-4,6,0,-62,-30,1
6,16,-10,-3,30,-7,4,1,217,-9,1
8,0,26,-2,35,0,9,1,40,0,1
4,-7,29,-2,23,-1,4,1,-92,61,1
5,9,23,2,-8,7,7,1,70,-53,1
4,10,24,10,-18,-3,0,1,40,69,1
0,12,-25,-1,15,-1,-3,1,48,-2,1
-5,-11,19,13,-3,0,-3,0,-52,-11,1
-2,-6,-9,16,1,-8,5,1,-43,39,1
5,10,17,2,18,-3,4,0,-46,-53,1
4,7,11,7,-16,-6,5,1,-17,-11,1
2,8,-9,12,28,7,-5,1,40,-54,1
4,9,-1,-2,38,0,4,1,225,-11,1
4,-2,33,-1,-14,-7,2,1,164,55,1
-6,-2,-14,6,-21,-6,-3,0,-103,97,1
-2,4,27,13,33,0,4,1,-119,-38,1
7,4,-9,7,22,8,-3,1,-79,91,1
4,0,-27,12,15,10,8,0,110,60,1
0,5,21,11,23,0,4,1,116,75,1
-2,9,23,7,25,-3,6,1,-119,57,1
-2,-1,-9,8,15,-3,4,1,129,-10,1
6,8,29,8,6,-3,5,1,-24,-48,1
7,-5,9,10,-3,0,-1,1,257,39,1
-1,0,-3,-2,20,7,4,1,-25,59,1
0,-2,-16,9,27,-8,4,0,-72,54,1
2,-3,-12,15,-7,-1,-4,1,143,39,1
-2,0,15,10,7,1,4,1,-41,50,1
9,9,15,7,27,0,7,1,40,-25,1
7,4,35,7,-17,-5,9,1,50,85,1
4,7,17,6,-6,0,4,0,40,46,1
0,4,39,11,19,7,4,0,-26,-34,1
6,0,44,-4,4,-6,-1,1,40,64,1
9,15,-6,-2,-9,-6,0,0,-30,-40,1
6,7,15,6,19,5,7,0,99,-12,1
7,0,-12,-1,-10,-1,6,1,122,47,1
2,4,15,-4,41,0,4,0,-81,-49,1
-2,0,26,10,14,0,-2,0,45,-45,1
5,9,-3,10,-9,8,-4,0,118,57,1
4,-4,30,9,18,6,-2,1,-123,49,1
8,4,11,9,3,-4,-2,0,50,81,1
6,4,-13,2,18,0,-1,1,40,-5,1
4,12,31,7,28,-1,7,0,40,46,1
4,4,-10,0,-6,-8,4,1,-66,-26,1
6,-2,-23,7,23,9,4,1,-174,39,1
-1,-9,-4,10,-7,0,-3,1,50,-27,1
-2,7,15,-3,35,7,5,0,-107,39,1
-4,-10,25,-7,31,-1,-1,1,-1,49,1
10,7,34,2,0,0,-1,0,40,-18,1
2,7,-21,14,-15,-6,7,0,-40,-22,1
-1,8,15,2,26,5,-1,1,-5,79,1
8,1,31,7,14,0,5,0,0,-47,1
6,9,-19,-2,28,7,-5,0,194,59,1
-2,13,20,11,-5,-8,9,1,223,-48,1
-3,4,37,0,4,11,6,1,-4,-1,1
-5,10,19,13,25,10,5,1,-82,41,1
6,0,16,12,31,-2,-1,1,105,57,1
6,10,-22,7,-8,5,5,1,116,68,1
-1,8,29,-2,17,-4,-4,0,214,-10,1
6,-3,21,-1,21,-1,0,1,226,-64,1
0,-8,-10,7,3,-7,10,1,215,68,1
6,0,0,-2,4,10,-2,0,106,-10,1
2,0,15,-5,17,-5,5,1,122,94,1
-1,-3,33,-6,27,1,5,0,-54,50,1
8,11,-10,9,-2,-1,11,1,-64,88,1
0,9,36,6,14,10,4,0,-47,39,1
2,0,10,14,24,0,5,0,-35,-61,1
-1,8,21,2,-5,-2,0,1,-61,73,1
-2,7,35,15,0,-2,0,1,-60,102,1
8,-4,23,-4,16,-3,4,1,-11,39,1
-3,12,18,9,21,-4,4,1,-61,69,1
-1,9,38,-2,11,6,-3,1,133,92,1
6,4,-9,8,37,7,5,0,-17,73,1
-3,7,43,0,22,6,-3,0,40,-68,1
-6,-6,-13,-2,10,10,-3,0,-43,42,1
-1,15,20,-4,23,-7,5,0,184,93,1
2,-2,43,-2,-6,-1,0,0,-90,58,1
5,-10,-27,-2,-27,9,8,1,126,65,1
-3,4,26,2,-18,7,4,0,-24,-13,1
0,10,43,9,22,0,6,0,-9,39,1
-3,9,-23,8,21,-2,6,1,164,39,1
-1,12,-12,-2,-4,0,4,0,-62,-6,1
4,0,-4,-3,-12,0,5,0,106,39,1
7,-8,-5,6,34,9,-2,0,-129,62,1
2,8,-6,10,24,-2,-1,1,107,-4,1
6,10,-5,-1,18,-1,7,1,202,51,1
-1,12,-4,-2,36,10,9,0,40,46,1
0,-5,-2,0,22,-9,5,1,123,54,1
4,-5,27,-5,30,11,4,1,148,90,1
5,4,11,6,-2,0,4,1,40,51,1
-1,0,41,14,-3,0,4,1,181,58,1
4,7,26,-4,-8,9,-3,1,-80,39,1
