Area,Perimeter,MajorAxisLength,MinorAxisLength,AspectRation,Eccentricity,ConvexArea,EquivDiameter,Extent,Solidity,roundness,Compactness,ShapeFactor1,ShapeFactor2,ShapeFactor3,ShapeFactor4,class
,,373.5001394359256,,,,,,,,,,,,,,0
,1085.1419999999998,,,,,,306.24218910219184,,,0.7860617076665206,,,,,0.9984317998875804,0
,,391.006650369572,,,,,,,0.984535939365335,,,,,,0.99255065120485,0
58260.0,952.149,,,,,59309.0,,,,,,,,0.7266004095739531,,0
,1048.285,,,,0.790223146932604,,,,,,,0.0054573404927724,0.0012555556031149,,0.9965640152741914,0
,,,,,,,,,,,,,,,0.997529983935036,0
,,407.7603520208111,,,,87003.0,,,,,,0.0047634998658988,,,,0
,,,,,0.7851961752080776,,,,,,,,,0.6171469078347603,,0
,,,,,,,,,,,,0.0068246909265056,0.0018277047354628,,,0
,,,,,,,,0.6925759087381967,0.9751823367483043,0.6758368588463984,0.7955951512848566,,0.0013370690339501,,,0
,,,,,,,,,,,,,,,,0
,,,,,0.7637634814883754,,,,0.987415928913908,0.7879688159252416,0.8023517193155708,,,,,0
,1020.991,,,1.638576100137204,,,,0.7998309621073391,,,0.7804794426314584,,,,,0
,,,255.56147985444755,,,,,,,0.7322229198492628,,,,0.623949350328147,,0
62504.0,,347.19417043014727,,,,,,,,,0.8125246409330023,0.005554751222804,,,,0
,,,223.4911531185705,,,,,0.6733258031167438,,,,0.0057280026920104,0.0010754080509703,0.5516900529858036,,0
,,,,,,,278.4011207703882,,,,,,,,,0
,,,233.390643224424,,,,,0.7940520689881304,0.985994055616628,,,,,0.586164414589687,,0
63048.0,967.121,,224.36813984513557,,,,,,,,,,,,,0
,,,,1.6867909266004384,0.8053190169564792,,,0.7557766721945827,,,,0.005121535335655,,,,0
,,,,,,,,0.7282118561710399,0.9854677924195796,,,,0.0014435814854872,,,0
,,,,,,,,0.8030460251046025,,,,,0.0013140527549723,,,0
,,379.3123889921056,,,,,,,,,,,,,0.9910070793476758,0
,,,,,,57887.0,269.7085865704118,,,,,,,,,0
,,,,,0.7859298156593806,61940.0,,,,,,,,,,0
87745.0,,415.3573846298596,,1.5358749069792943,,,,0.7136524822695035,,,0.8047191053078842,,,,,0
,,,,1.7301320585078748,,,,,,,,,,,,0
,,,,1.5109079921296047,,77508.0,,,,,0.8112030765765323,0.0050375217914381,,,,0
,,,,,,78905.0,,,,,,,0.0013487261493969,,,0
,,,,1.559668524518767,,,,,,,0.7977633783065565,0.0050111370491936,,,,0
67437.0,,,,,,,,,0.9822877368796702,,0.7698050660881869,,,,,0
,,393.2619082161088,219.29543151341628,,,,,,,,,,,,,0
63975.0,,,,,0.703530294387827,,285.4040992600352,,0.9777027233548308,,0.8414390320268785,,,0.7080196446183304,,0
,,319.23006244412204,,,0.6737985090302108,,,,,,,,,,,0
,,,,,0.7769283779762467,,,,,,,,,,0.9963292507604508,0
,,,,,,,306.3793599380597,,,0.7929490991394839,,,,,,0
,,,235.15909216706223,,0.7772006802895493,,295.7042424014779,,,,,,,,,0
,893.756,,,,,55557.0,,,,,,0.0055629854235441,,,,0
82319.0,,,268.9452484477423,,0.7265654703219431,,323.74651516742824,,0.9832069274410272,0.7607084635517526,,,,,,0
,,,,,,,,,,0.7492523443438296,,,,,,0
,,,,1.603558978382576,,,,,,,,,,,,0
,,,,,,,,,,,,,,,,0
,,,,,,,,,,,,,,,,0
,,,,,0.7986806068138298,,,,,,,,,,0.9985447811949176,0
,,,231.06450686077343,1.7350591492080152,,,,,,,,0.0055542398510137,,,,0
,,341.5122061900434,215.64613342319828,,,,270.2061716796055,0.6752908756889161,,,,,0.0014396659000622,,,0
,,,251.0130272751992,,,,,,,,,,,,0.9970863684600478,0
,,,,,,65556.0,,,,0.7493657133436359,,0.0054677087496965,,,,0
,,,,,,,,,0.989827845426594,0.8951414620301901,,0.0051744051625199,,,,0
,,316.2129383742451,204.46541377305024,1.546535096274184,0.7628235299964321,,,,,0.8282453458076628,,,,0.6457457934141362,,0
,,427.36438182498006,,,,,,,,,,,,0.5604224186967672,0.9973266465268936,0
,1252.315,,,,,,350.19588762483505,0.748730984196575,,,,0.0045160400513587,,0.6481605342786949,,0
,,382.49855130732976,,1.6813723970748344,,,,,,,,,0.0012170687739921,0.592727440155463,,0
60380.0,,,,,,,,,,,,,,,,0
77685.0,,386.3624876999661,,,,,,,,0.82259458555427,,,,,,0
,,,,,,76068.0,,,,0.7528919707908518,,0.0055998504613814,,0.5445889618100499,,0
,,,,1.8842958730962127,,,302.1802780291455,,,,0.7270866582618525,0.0057950585287182,,,,0
59829.0,,359.84037372992714,,1.6891486373878246,0.8059275230747307,,,0.6744791666666666,,,,,,,,0
,,,,,0.7225320930019752,,,,,,,,,,,0
,,,,1.6839770531372535,,72680.0,,,,0.7757750209745765,,,0.0011883120169693,,,0
,,378.710539414536,,,0.7597724068884034,,,,,,,0.0051863236522991,0.0013443910154218,,,0
,,,,,,,,,,0.8337367518738886,,,,,0.99705513873206,0
64783.0,,,232.7027317626104,1.5268060012397933,,,,,,,,,,,,0
,,,,1.6405019356272172,,,,,,0.7694711886947523,,,0.0014354948019701,,0.9972128248053124,0
,1104.57,,,,,,,,,,,,,,,0
,,,,,0.8155928246531318,,,,,,,,,,,0
,,,,,,,321.0451905664624,0.7799273554093243,0.9843383309621956,,,,,,0.9960545828276672,0
,952.704,360.6232376107519,222.5298568028776,,0.7869080991321159,,,,,,,,,,,0
,,,228.64441465430565,,,,284.6849429475105,0.7166677925645702,0.9829820091112657,,,,,0.642594101841297,,0
,,407.53075877773546,,,,,,,,0.7639992373299577,,,,,,0
,,,,1.5029197641680168,,,,0.7194356502266885,,0.8016544141281532,,,,,,0
72422.0,1021.2559999999996,349.4805571626464,,,,73542.0,,,,0.8725918170231319,,,,,0.9951433834747336,0
74557.0,1057.513,366.10889319085504,,,,,,,0.984978994372077,,,,0.0015193491568712,,,0
,,372.15283561830825,,,,,,0.7655180840664711,,,,0.0049501574304111,,0.6911459621695498,0.9940598626186784,0
,,,,,,,287.3004928747793,,,0.7981455532097407,,,0.0014347436846924,,,0
,1208.656,,,,,,,0.6862884877900803,,0.7784383521796989,0.7936937910472864,,,0.6299498339470134,,0
,,407.1782582266549,,,,,,,,0.7811635436357464,,,,,,0
,,,,,,,,,,,,,,,,0
57812.0,,,,,,,,,,,,,,0.877981368963497,,0
,,399.2833714998792,,,,,,,,,0.7925789329744585,,0.0012356449718759,,,0
50166.0,,,,,0.7566610426343727,,,,,,0.8073939941556477,,,,0.9970598370742048,0
,,,,,0.7351692777583754,,286.594980819388,,,,,,,,,0
,,404.7830227528043,,,,,319.7994577720657,,,,,,,0.6241814642758332,,0
,,,,,,,,0.7757634215314466,0.9833004529161689,0.7902270501072008,0.7764505698576529,,,,,0
,,,,,,,,,,0.837875524675811,,,0.0015062595357348,,0.9985095413692424,0
58910.0,,,,,,,273.87322172923086,,,0.7500893146372865,,,,,,0
,,,,,0.7704649094685995,,,0.7181376518218624,,,,,0.0012497577281694,,,0
,,318.88585743066244,,,,52718.0,,,,,0.8043699562084002,,0.0015935522383044,,,0
,984.768,,,1.4181900184390006,,62463.0,279.3758352682103,0.7880825351931606,,,,,,,,0
,,,,,,,,,,0.8414509284239198,,,0.0015539402711434,,0.9993508102462856,0
,,363.17925777358585,244.66590624032565,,,,,,,,0.8192098230882257,0.005223947207698,,,,0
,,,,1.7394893176075898,0.8182367699836341,,,0.6753775540420491,,,,,,,,0
53249.0,,,,,,,,,0.9825445151766768,,0.8002231024888002,,0.0015456542411972,0.640357013756801,,0
,,,,,0.7887618411995089,,,,,,0.7813643394480064,0.005530325341222,,,,0
,,,242.91510708780615,,0.7565788428133997,,,,0.9796516880481464,,,,,,,0
,,,,,,,308.73905693490286,,,,,,,,,0
,,,,1.4423605028896196,,,336.4519404071986,,,,,,,,,0
84566.0,,,255.55795596274075,,,,328.13530035653554,0.7870851249976731,,,,,,,,0
,,,,,,,,,,0.8425639007299235,,,,,,0
,,417.82955124874735,,,,,,,,,,,0.0011112569743274,,,0
,,,,,,,,,,,0.835559615791794,,,,,0
,,,,,0.7310138143453582,,,,,,,,,,,0
59936.0,,,,1.1374500557887155,,,,0.834159104826588,,,0.9350614179819424,,,,,0
,,,,1.5448398131262908,,,266.2496664649084,0.7993567931544414,,,,,,0.6388834388150877,,0
65459.0,1000.764,,241.19683757544013,,,,,,,,,,,,0.99251633179637,0
,,,,,,,,,,0.8116937675338007,0.8100471471015701,,,,,0
71525.0,,,,,0.7294908361216074,72758.0,301.7755100023567,,,0.8274874689346864,,,,,,0
,,370.86451163101486,245.3433683060088,,,72273.0,,,,,,0.0052250628593509,,,0.993217300382628,0
,,,,1.5972947223125689,0.7797760613821408,,,0.7177119006849315,0.9849604182883664,0.8586019240648124,0.789567895663649,,,,,0
,,,228.71986515003027,,0.6786710609849137,56424.0,,,,,,,0.0018411576300837,,,0
,,,,,,,,,,,0.8150283142583034,,0.0015033223070773,,,0
,1011.417,376.0807406723031,,,0.7480886858641237,,,0.7760011828320379,,,,0.0051182767722624,,0.6614625462883336,0.9967808611154614,0
,,,,1.6602563771031231,,,,,,0.8127358323241289,0.7740803383823095,,,,,0
,,,,1.5342057791417902,,91653.0,339.0023618026809,,,,,,0.0012141300604557,0.650008001753034,0.9972460327779118,0
,,,,,,,,,0.9834164059600192,0.7948336956437625,,,,,0.9953989916337374,0
,,323.1062346274964,,,,,,0.7089139201780003,,,,,,,,0
,,,215.90977954060597,,,,,0.728763196991809,,,,,,,,0
,,,240.20261810593595,,,,,0.7346987663193196,,,,,,,0.9963807066986332,0
,,,,,,,,0.7644888888888889,,0.7710324242287775,,,0.0012156482832599,,,0
,,,,,0.7439963639732731,,,,,0.9045325908282456,,,,,,0
,,,219.5431950304497,1.703515551015524,0.8095714505913301,,,0.6758230192809632,0.968171880889559,,,,0.001227528193021,,,0
66642.0,,346.97972147115223,,,,,,,0.9839216902157064,,,,,,,0
,,335.90117000405775,219.5139403214524,,,,,,0.9899658667947376,,,,,,0.99662716677235,0
,1125.6159999999998,,,,,,,,,,0.7957179691634018,,0.0012308615218599,,,0
,,,,,0.7757632399584864,,,,,,,,,,,0
,,,235.11844369986505,,,,,,,,,,,0.601803931285834,,0
53368.0,,,,,,,,0.7063837672565552,0.9771137720165514,,0.8120212859968164,,,,,0
,,373.1035189600218,,,,,296.3537030589327,0.8235982424300315,,,,0.0054090219919397,,,,0
,,,,,,,,0.7992596624931955,,,,,,,,0
,1028.773,354.63211806943593,,1.538669682416347,,,,0.7769284899662712,,,,0.0055380117132462,,,,0
,,379.3587848852446,,,,,,,,0.7862888346842112,,,,,,0
,,,,,,,,0.7482484620642516,,,,,0.0016665442598586,,,0
,1141.441,382.8720740508526,262.094354009954,,0.7289676861368197,,,,,,,,0.0013982387053238,,0.9957289974494474,0
,,,239.5172087124866,1.7750727834326512,,,,,,,,,,,0.997628792636694,0
57761.0,,330.2813373139707,,,,,,,,,,,,,,0
,,,,,0.742300483362994,64683.0,,,,,0.8178248334596739,,,,,0
,,,,,,,,0.6797339216133749,,0.7485575862318369,,,,,0.9977613658906732,0
,,369.354890970952,,,,,,0.7187961738859943,,0.8152408080775007,,,,,0.9958123179111134,0
,,,,,,,,,,0.7900225050940385,,,,0.6673715931786428,,0
67658.0,1068.8239999999998,,,,,,,,,,,,,,,0
,,,,,,,,,,0.8474594222702058,,0.0059552779343622,,,,0
,1198.799,409.7641323439649,,,,,,,,0.7911785635087074,,,,,,0
61484.0,,,,,,,,,,,0.7247213710287914,,,,0.997116776445827,0
,,,227.2789609719352,,,72048.0,,,,,,,,0.5703237853873394,,0
,,,,,0.7800084434323611,,,,0.9825813455950442,,,,,,0.9953868932469094,0
,927.16,,242.82189757593147,,,,274.9844055983476,,,,,,0.0019610289044694,,,0
,1109.573,,,,,,,,0.9831125705185972,,,0.0048484429844283,,,,0
,,,,,,,,,,,,,,,,0
,,,,,,,,0.698392431538499,,,,0.0059274872499716,,,,0
,,,283.3158307181504,,,,,,0.9821496352985832,0.7286379938570722,,,,,,0
71200.0,,,,1.3675058096144466,,,,,,,0.8518921140874849,0.0049639850454936,,,0.9924265541601848,0
,,,,,,,,,,,,0.0048821022821322,,,0.995985974442289,0
,,,246.48268208414248,,,73141.0,,,,,,,,,,0
,,,,,,,,,,,,,,,,0
,,,,,,65115.0,285.3840232362867,,,,,,,,,0
,,364.2761237806208,,,,,304.52443087745985,,,,,,0.001506752920243,,,0
,,374.2601199884561,,1.4222655861469795,,,,,,0.8464083053819337,0.8337876276519939,0.0048935685144934,0.0014589057023513,0.6952018080255401,,0
81010.0,,,,,,,,,,,,,,,,0
65901.0,,347.05897627609147,,,,,,,,0.7447709072369357,0.8346372823696496,,,,0.995528915409112,0
56322.0,,,,1.4858222081642865,0.7396169718975079,,,,,,,0.0058030007832347,,0.6713156813140695,0.9974557479853832,0
,,,,,,,,0.7015194681861349,,0.786153975173258,0.775191084254122,,,,0.9975088251506068,0
,,,,,,,307.44346485574266,,,,0.8330986389350243,,,,0.9937792235068956,0
,,,,1.519876212406419,,,268.0464652059512,,,,,,,0.6560138718072982,,0
,857.6899999999999,,200.3199142104972,1.4990416425162048,,,,,,,,,,,,0
,,,,,,73565.0,,,,,,,,,,0
81515.0,1194.963,,,1.6558446458133826,0.7970438851096483,,,,,0.7173621862261145,,,,,,0
67136.0,1025.963,403.174102299717,,,,,292.36998832872683,,,,,,,,,0
,,340.0239168500328,,,,,263.4759314587398,,,,,0.0062364534839153,,,,0
,,,,,,,,,0.98774194422246,,0.782515583881864,,,,0.9980418267509954,0
67960.0,,,,,,,,0.7173089304750747,,,,0.0051857748146852,,0.6966737388019489,,0
,989.6169999999998,,,1.5574066863427638,0.7666267167469053,,,,,0.8278463427060366,0.7999683224203591,,,,,0
,1036.381,,,,,75705.0,308.51215361332584,,,0.8745918285103242,,,,,,0
70114.0,,,,,0.7605532516242643,,,,,,,0.0052966829466055,,,,0
83982.0,,,260.2859528335848,,,,,,0.9814420941918895,,,,,,0.9969874254921396,0
,,,,,,,,,,0.8298410800582247,,0.0053700018061726,,,,0
,,,231.55131557633624,1.667585448696396,0.8002478277810874,71333.0,,0.7776862814920324,,,,,,,,0
,,,230.7242449535832,,,,,0.739097648533254,0.9832565631446576,,,,,,,0
,,,,,0.7341413810521672,,289.04352476208004,,,,0.8213830181695541,,,,,0
,,,,1.6431500095343583,0.7934870301531324,,,0.6856285434019984,,,,,,,,0
,1189.561,,259.22319342841564,,,,333.10892075134325,,,,,,,,,0
,,,,,0.703971031205695,,,,,,,,,,,0
,,,,,0.8385061299006317,,312.18603580517987,,,,,,,,,0
,1136.3049999999998,,,,,,,,,,,0.005428398660025,0.0013217101572611,,,0
,,,,,,,,,,0.7358167654327173,,,,,0.9973553144530726,0
,,,,,,,,,,0.7351196998043622,,,,0.5851048155545571,,0
,,,202.81318007378545,1.6142072398571754,,,,,0.9835525069162844,,,,,,0.9953505039889696,0
72779.0,,,258.66493598151504,,,,,,0.9802413598038952,,,,0.0015432470985965,,,0
,1133.189,356.88907064086584,,,,,307.95863476957965,,,,,,,0.7445918437435767,,0
,,,,1.5729831858061385,0.7719076279909391,,,,,,,,,0.6315504161708849,,0
,,,257.9500275507906,,,90157.0,,0.75980417198808,,,,,,,,0
,,,,,,,,0.6806733560264879,,,,0.0048550279425494,,,,0
80033.0,,395.7101113135771,,,,81267.0,,,,0.8308810178223118,,,,,,0
,,,,,,,,,0.9838817138171382,0.8090767427991504,0.8503523800226092,,,0.7230991702101162,,0
,,,,,0.6943462814955232,,,,0.9833404104741684,0.8363262528393077,0.8471947522490737,,,,,0
,,,218.00966359164744,,,61892.0,,,0.9854746978607898,,,,,,,0
,,329.2330423901832,,1.4705029826863882,,,,,,,,,,0.6786929051064499,,0
66871.0,990.128,,,,,67765.0,,,,0.8571661209338977,0.7823513974644105,,,0.6120737091145161,,0
,,,,,0.815944139583643,50783.0,,0.7342827626918536,,,,,,,,0
66945.0,,,,,0.7918853845309037,,,,0.9877098763610612,0.8467013464603285,,,,,0.999288444561044,0
,,,,,,,,0.7381294351707042,,,0.813025643731682,0.005269104325623,,,,0
,1563.293,,,,0.8074167840569709,,,0.736846548996605,0.980220260931764,,,0.0036334173776419,0.0007582213795302,,,1
146618.0,1460.102,,340.38020188241467,,0.7864095557539135,,,,,,,0.0037583357439047,0.0008762715159328,,,1
,,,,,0.6573578884969631,,419.3473577853474,0.793950263856793,,,,0.0035023050874404,,,,1
171620.0,,,,1.4519520852445795,,,,0.7902637589331761,,,,,,,,1
147288.0,,,,,,149204.0,,,,0.8576194342912958,,,,,,1
,,566.5970991972476,362.4810343393341,,,,,,,,0.795826164144416,,,,,1
,,,,1.4009629914712658,,206515.0,509.2191531768312,,,0.9003803473530615,,0.0029744233565702,,,,1
,,573.8191367471188,342.7355750432304,,0.8020264586072323,155159.0,,,,,,,,,,1
186765.0,,,,,,,,,0.9898505405978376,,0.7668881322975764,,,0.588117407458865,0.9905740402636524,1
184491.0,,,,,,187848.0,,,,,,,,,,1
,,,,,,,,0.8161120278694536,,,,,,,,1
,,,,,,,401.3335546993701,,,,,,,,,1
,,,,,0.7395313441637195,,,,,,,,,,,1
163558.0,,574.7716573071051,,,,,,,,,,,0.0008613620985655,,0.9954905558489766,1
,,639.2340940312988,,,,,471.9364086843563,,,,,0.0036542906128344,,,,1
,,,,,,,489.9777840235495,0.7335706504824152,,,,,,0.6236748880528715,,1
181992.0,,,363.72814384936754,,0.8246101088064594,,,,,,0.7486720490589436,,,0.5605098370421172,,1
,,,,,,,,,,,,,,0.6131913695582221,,1
,,,,1.691352486596458,,,,,,,0.7622407293870459,,,,0.9826942804112716,1
,1475.51,538.8861414756187,367.7969601771632,1.465172907399898,,,,,,,,,,,,1
,,,,1.5209274597696156,,,,0.7972612097876041,,,,,,,,1
,,,,,,,549.6376504382793,,,,,,,,,1
,,,,1.619765096319713,,,442.84965150264304,,0.9799342168046162,,,0.0036856632020577,,,,1
,,,353.5306221679579,,0.8187048775074551,,463.83384131927016,,,,,,,,,1
,,,369.03192355682125,,,,,0.8138941875290328,,0.8653137973320327,,,,,,1
,,,,,,171839.0,,,0.978974505205454,,,,,,,1
,,,,,,,,0.7796204555323096,,,,,,,,1
,1796.132,,,,0.7537768289224057,,,,,,0.8077249648374941,,,0.6524196188217312,,1
,,497.76766836767126,339.63634182942565,,,133553.0,,0.7271177867698804,0.9902735243686028,,,,,0.6796190847252648,,1
191584.0,,,,,0.6886269908453758,193466.0,,,,,,,,0.7235391938475083,,1
,,,397.0850735369588,,,,,,,,,,,,,1
,1688.8000000000002,,,,,203767.0,,,,,,0.0030496280849559,,0.6820853088833252,,1
,,,,,,163971.0,453.42453507394254,,,,,,0.0007281488586512,,,1
,,,,,,,,0.7788185182887745,,0.8409114234371934,,,,,0.9919107142686586,1
,,,342.46875483305183,1.586300775594862,,,,0.6959580142985065,,0.8500950460435313,,,0.000906489324279,,,1
,,,,,0.773667513029982,157005.0,442.2958473819185,0.7639571192744485,0.9785930384382664,,,,,,,1
,,,,,,,,0.7993520287035218,,,,,,,,1
144704.0,,,,,0.7831648427275126,,,,0.9916055067875472,,,0.003767074500891,,,,1
163479.0,1560.254,,,,,,,,,,,0.0037145561226272,0.0007300544992174,,,1
166458.0,,590.7963786365979,365.03981839499136,,,170734.0,,,,,,,0.0008072186708465,,0.9827356854747114,1
,,,389.9349479853459,,0.7569138048443416,,,,,,,,,,,1
,,,353.30131422707024,,,,,,,,,,0.0011061564030226,,0.9940935275992702,1
,,,,,,,,0.7391913116123643,,,,,0.0006755753826516,,,1
,,695.1376296583686,,,0.7827728080521893,,,0.799467697690407,,,,0.00295931693611,0.0006993054663573,0.6189389878223635,0.9945869249247096,1
,,,361.1593731641174,,,,,,0.9732496471980698,,,,,,,1
183422.0,,,,,,,,,,,,,0.0007638796409689,0.6045198283623099,0.9877068260041086,1
,,511.9757505253648,,1.5355972216850535,,,,,,,,,,,,1
,,,,,,157868.0,,,,,,,,,,1
,1570.87,,,1.5939447639295483,,,,,,,0.7904147317243644,,,,,1
,,,,,0.7615080891437791,,447.92389333437234,0.7109329531560877,,,,,,,0.9906387909941952,1
166639.0,,,367.44904680966994,1.582955265955278,,170464.0,,,,,,0.0034905118466722,0.0008467970756166,0.6271266190251411,,1
254616.0,1985.37,,,,,,,,,,,,,0.5938425577840758,,1
,1476.39,,,1.567059427797452,,,,,,,,,0.0009175986051164,,,1
,,,,,0.7859660717554771,,,,,,,,0.0008465205738887,,,1
,,,,1.703606791851186,,,,0.7156316254416961,,,,,,,,1
,,,,,,,,0.778239315465411,0.9882503431474708,,0.8050359380534714,0.0037797233810103,0.0009792663997942,,,1
,,,,,,,,,,,0.8092330488997193,,,0.6548581274315355,,1
196076.0,1692.0400000000002,,,,,,499.6515955878574,,,,,0.0032706936880915,,,,1
,,,,,,166731.0,,,,0.8779315010649031,,0.0034543812667632,,,,1
,,,,,,,,,,,,,,,0.9894034267919404,1
,,,,,,,,,,,,,,,,1
,,,,,,,,0.7488094151993431,,,,,,,,1
,,,,,,194851.0,,,,,0.8171374589575318,0.0031505724783162,,,,1
,,537.2074019542575,,,,,,,,,0.8212450854330964,,0.000986037565208,,,1
,,,,,0.7857851388688523,,508.5235734705484,,,,,0.0032026801059447,,,,1
,,,387.7362455579751,,,,,,,0.8908049328691001,0.8272082106080472,,,,,1
216075.0,,,,,,217769.0,,,,,,,,0.5875618499199668,0.9950832900129102,1
,,526.9150883851729,,,,,,,,,,,,,,1
,,,,,,,481.04962402700863,,,,,,,,,1
,,,401.01715509102473,,,,,,,,0.7639010605830404,,,0.583544830359894,0.9814865063600332,1
,,,,,,,,,,,,0.0034168164661351,,,,1
,,666.0177998119804,,,,207854.0,,0.8175920421670035,,,0.7695236910783135,,,,,1
,,614.8503149083568,350.57336457417483,1.753842068564413,,,,,,,,,,,,1
,,,,,,,,,,,,,,,0.9984041176678692,1
203643.0,,,,,,206242.0,,,,,,,,,,1
,1521.8819999999998,550.0103440186796,,1.4874239727993364,,,,,,,,,,,0.9969524391884534,1
,,,,1.6747482351138407,0.8021633297188092,,509.25540734382616,0.7909613734238905,,,,,,0.5935694308529449,,1
,,,,1.5262882800110598,,,451.5504998706498,,,,,0.0034981541981465,,,,1
,,573.9713914713291,,,,,466.9226994321457,,,,0.813494725294979,,,,,1
,,,,,,,,,,,,,,,0.987234690619534,1
,,,,,,,465.3343203058151,,,0.8948583224763735,0.8467033876903985,,0.0010245158670573,,,1
151590.0,,,,1.6678739646927987,0.800325550380278,153708.0,,,,,,,,0.5956680643101174,,1
,,,,1.9200060232333012,,,510.1634199528117,,0.9793083954544584,,,0.00348758323292,0.0005641690180332,,0.9832298063196396,1
,,,,,,,,,,0.8415723788437827,,,0.0006055794745726,,,1
,,619.8388104424068,,1.5342194346923983,,197343.0,,,,,,,,,,1
,,,,,0.8007076130532336,,,,,,0.7716433853101333,,,,,1
182361.0,1634.593,,,,0.7739951832068245,184578.0,,0.8270340136054422,,,,,0.00080958281477,,,1
,1532.137,575.6881804454366,366.3518000715427,,0.7713823715664512,,,,,0.8796723607245168,,0.0035033298470445,0.000861279965215,,,1
,,590.307164609308,,,0.7401828749528937,,,,,0.8899361174013551,,,,,,1
190062.0,,631.5148943633628,,1.6417897283658291,0.7931000375297561,,,,,,,,,,,1
,,,,,,151608.0,,0.8077056277056277,,,,,,,,1
,,561.587376012613,,,,,,,0.9892362509682416,,,,0.0009013309166983,,,1
162820.0,1525.029,,,,,,455.3118301491618,0.7338630801335936,,,,,0.0009699830850567,,,1
,1647.795,,,1.750184884411598,,,,,,,,0.0034842037554485,0.0006896784006228,,0.9914380615392144,1
,,,,,,,,,,,,,,,,1
,1599.366,,,,,,466.9049744122677,,,,,,,,0.9977491591665186,1
,1737.7039999999995,,,,,207809.0,,,,,,,,0.6113293881901669,,1
,1562.858,,,,,,460.6855834012232,,,,,,,,,1
,,,372.5058107817866,,0.7707287118995891,,,,,0.8897302585022931,,,,0.6343660925011448,,1
137075.0,,,,,,,,,,,,,,0.6286590496954965,,1
,,,323.7902564005205,,,,,,,,,,,,,1
,,,361.7394028172354,,,,,,,,,0.0035523366716097,0.0009176365482209,,,1
,,,,,,,,,,,,,,,,1
169165.0,,,,,,171119.0,464.0986614774102,,0.9885810459387911,,,,,,,1
,,548.376346627134,351.43240877055155,,0.7676578619362113,,437.2640345989937,,,0.8676593938133084,0.797379458994626,,,0.6358140016265624,,1
,,,,1.5710672998484307,,,,,,,,,,,,1
173809.0,,567.890054950672,391.48669525907377,,0.724408866996401,,,0.8183406154657425,0.9899134297756008,,,,,,,1
,,,,1.61517676535674,,,,,,,,,,0.6147108274031703,0.992866645834818,1
215005.0,,,,,,,,,,,,,,0.5379387709119872,,1
,,,,,0.7339861657154185,,509.676516660815,,,0.8866225758502342,,,,,0.9897601771638176,1
143603.0,,,356.2938030687628,,,,,,,,,,,,,1
178603.0,,,,1.6019406434858006,,,,,,,0.7888381298126477,,,,,1
,,,,,,,,,,0.831615342681709,0.7466321551313948,,,0.5574595750761512,,1
181460.0,1662.937,,,,,,,,,,,,0.0006733516968864,,,1
,,,,,,181815.0,,0.8011321913510193,,0.8453386698293739,,,,,,1
,,,356.5245112302151,,,,471.58690058122,0.754880394148281,,,,,,0.5572007973223344,0.9873660825317732,1
,,,387.567386850068,1.4585288378824628,,,,,,,,,0.000949035276509,,,1
,,,,,,,455.7269081572488,,,0.8825172382989174,,,,,,1
,,,,,,,,,,,,,,0.6265183597168182,,1
,,574.9772164529589,,,0.7971347123464566,,445.5497695412864,,,,,,0.000820220123038,,0.9944821392074638,1
,,,,,,,467.3805898109516,0.8280372207957682,,0.8919169726508618,,0.0033534406330468,,,,1
,,,,,,,,,,,,0.0035865750407261,0.0007402509870212,0.5784417818580928,,1
,,,,,,129274.0,,,,,,,,,0.9937547160091712,1
,,543.4833657389465,,,,,,,0.9907406215816228,,,,,,,1
,,,,,,,493.6178465538127,,,,,0.003398962644682,,,,1
,,627.0168971130382,,,,,,,,,,,0.0007176938043166,,,1
,,,,,,,,,,,0.8090795404375953,0.0036392267918336,,,,1
,,578.1032528705031,367.6221130386615,,,,,,0.9894112032452425,,,,,,0.9936459053585298,1
,,552.185431222889,397.3292133395688,1.3897428446847568,,,,0.7350671033198485,,,,,,,,1
,,,,,,,432.9477789489412,,0.9886108760761244,0.8689272142350474,,,,,,1
,,,,,,,,0.8030766222002635,,0.8948452498885927,,,,,,1
,,,,,,,,,,,,,,0.5323624687422904,0.9846564948159604,1
,,,,,,,,,,,,,,0.6516744542699667,,1
,,637.042722607846,390.593854843955,1.630959408878435,,,,0.8005955334987593,,0.8483620693102083,0.7793297050485026,0.0032907818962716,,,0.990571007925798,1
,,,,1.660627592341277,,,,,,0.8490885658393271,,,,,,1
,,,,,,,444.9936032746892,0.8175061237791865,,,,,,,,1
,,,,,,,,0.8382692209101629,,,0.732090106742404,,,,,1
,,,379.9937602797596,,,,,0.76636559932589,,,,,,,,1
,,,,,,147342.0,,0.757656492633044,,,0.7989681578666619,,,,,1
,1654.091,,,,,,,,,0.831864671436845,,,,,,1
,,,405.37699253523465,,0.7915972994903301,,515.7766740739503,,,,0.7774535871315879,,,0.6044340801437734,,1
,,,,,0.7978515230132713,,,,,,,,,0.5928639377750954,,1
,,550.008240163874,,,,156062.0,,,0.9914457074752342,,0.8069914171637969,,0.0009299476832139,,,1
,,,,1.4624710843365072,,,,0.7966396391743704,0.9885235483543656,,0.8245707436588885,0.0031806745637304,,,,1
,1410.901,,354.9685707483852,,,140892.0,,,,,,,,,0.997477907248398,1
,,,,,,207384.0,511.4881901803817,0.7738509513264338,,,,0.0033049964024845,,0.5672924892899919,,1
,1686.7689999999998,,,,,,,,,,,,,,,1
,1565.4589999999998,,,,,,,0.7933404591504787,,,,,,,,1
,,,,,,,,,0.9673764673764674,,,0.0035804968081105,,,,1
,,,,1.5580425823529345,,166883.0,,0.687674126945382,,,,0.0035050489720177,,,0.9882038718665336,1
,,,,,,175368.0,,,,,,,,,,1
,,,365.6894891018473,,,,,,,0.8807108513083616,,,,,0.9978413335386782,1
,,,,,,,,0.8028652555498194,,,0.7992744691411895,,,0.6388396770209304,,1
130070.0,,,343.11478303830853,,,,,,,,,,,,,1
,,,,,,,,0.8195643416206262,0.9844119934329906,0.8381892131977031,,0.0034858979860715,,,,1
,,572.7412727520505,,1.5473166480691831,,,,,,,,0.0034715169002385,,,,1
144404.0,1444.937,,,1.4997515314099576,,145991.0,,,0.989129466884945,,0.8148902706403468,,,,,1
,,,,,,,431.3789276050445,,,0.8425962592026347,,,,,,1
,,,,,,178091.0,,,,0.8929130613932941,,,,,,1
,,,,1.613187865994813,,,,,,,,,,,,1
,1671.1219999999998,,,,,189905.0,,,,,,,,,,1
,,,,,0.8225575039154752,,,,,0.8389729049831414,,,0.0007128454741949,0.5636433588810043,,1
,1525.1439999999998,,,,0.6723695007722125,,,,,,,,,,,1
,,,,,,,455.3761430870496,,0.9906992305118768,,0.7958260872834052,,,,,1
,,622.9177351471676,,,,,,,,0.8668212902716866,0.7811284481190321,,,,,1
,,,,,,,,,,,,0.0036286427849603,,,,1
,,,357.444040523646,,0.8133499541000933,,466.0602105444417,0.6852260951294554,,,,,,0.5754103367711467,,1
182976.0,1623.533,,,,,,,,0.9915947259750606,,,,0.0007771223708261,0.6109904692385901,0.9918554569124988,1
,,,,,,167564.0,,,,,,,,,,1
,1369.7379999999998,481.2607823457028,354.6256634046364,,0.6760366641532302,,,0.7445671535447097,,,0.8575070842752506,,,,,1
,1414.3359999999998,,360.1775879144642,,,142672.0,423.5061215002779,,,,,,,0.7165473252817863,,1
,,,,,,186648.0,484.3612755716092,,,,,,,,,1
,,,,,,184890.0,482.728731523083,,,,,,,,,1
,,,,,,,,,,0.8371824608329225,,,0.0007197254132728,,,1
156910.0,1480.479,541.9193789200076,,,,,,,,0.8996135402798198,,,0.0009859311262905,,,1
,,,,,,,,0.7677582408087441,,,,,,,,1
,,,,,,,468.71354843430055,,,,,,0.000810328200207,,,1
,,,,,,,457.8912052349763,,,0.8182785893659005,,,0.0006497188987496,,,1
,,,384.8905253825387,,,191255.0,,,,,,,,,0.991515624297884,1
,,,348.7432744851719,,0.8300257722115657,,464.630589316374,,,,0.7430569470821323,0.0036879092124552,,0.5521336266070188,,1
,,,,,,,,,,,,,,,,1
,,,,,0.740006892783416,,,,0.9911269844062468,,,,,,,1
175387.0,,,,,,,,,,,,,,,,1
,,,,,,,,0.8053749025951245,,,,,,,,1
,1827.554,669.0993604706523,428.4011860362138,,,,,,,0.8396446222822281,,,,,,1
166343.0,,,,,,168381.0,,,,,,0.003511930444347,,,,1
,,,,,,,,,,,0.8115806624331537,0.0035092111956778,,,,1
176826.0,,,,,,179666.0,,,,,0.7410556314151862,,,0.5491634488521603,0.990651145160222,1
,,,,,,,421.6561357163836,,,,,,,,,1
,,578.1835432702846,,,,,496.6150418736841,,,,,0.0029849434345394,,,,1
144058.0,,536.887519610584,343.96283911771536,,0.7678239491748636,145734.0,,,,0.8454840726034955,,0.0037268844466158,,,,1
,,588.2992731364983,,,,,,,,,,0.003515991854797,,,,1
,,,353.3292621981646,,0.7454298315643596,,,,,,,,,,,1
,,,,,,,,,,,,0.0034713305705515,,,0.9826333842494652,1
202236.0,,,,1.549224967205886,,203633.0,,,,,,,0.0007954153950606,0.6415919937041711,,1
,,,,,0.7939766658720926,152636.0,,0.7108229828387219,0.9823436148746036,,0.7750923957267775,,,,,1
184715.0,,643.8353873687554,,,,,,,,,,,0.0006921140002998,,,1
,,,372.76150582003294,,,,461.89591666787663,,,,,,,,,1
156182.0,,,,,0.7573740828189309,,,,0.9885687520571182,0.8409470794110933,,,0.0009245198841651,0.650725685247771,,1
,,,,1.6875636098508076,,,,,,,,,0.0006836290109425,,,1
,,,,1.693110149169447,,,308.45024192046,,,,0.7630380754391566,,,,,2
,,,,,0.790567643713287,,,,,0.8787254889021769,0.7780836945782428,0.0054357810606873,,,,2
74699.0,,,231.26112445655696,,,,,,,,,,,,,2
,,,,1.6993481240704569,,,,0.8111721347015465,,0.8382165532498397,,,,,0.9946683507118208,2
90014.0,,,260.4755611821613,,,,,,,,,,,,,2
,,,,,0.8114551448822451,,,,,,,0.0051992682709556,,,,2
,,,,,,,315.9522116173124,,,,,,,,,2
,,,,,0.7959665274942853,,,,,,,,,,0.9864515649061928,2
,,,,,,,,,,0.8442517483094015,0.7898283646838934,,,,,2
,,,224.0962376757782,,,,,0.753920709136957,,0.843621821296101,0.7950947556253578,,,,0.996202994525264,2
,,,,,,,336.8074780021657,,,0.8827935361424277,,,,,,2
,,,,1.6970490008240888,,,,,,,0.7647471997400511,,,,0.9924992178865486,2
,1116.1419999999998,,,,,83499.0,,,,,0.7428904551563867,,,,,2
,,,,,,,358.5370425988806,,0.9928409873143867,,,0.0046554030556455,,,,2
82830.0,,,,,,,,0.7503397046833953,,0.8701257901900127,,0.0050588841857375,,,,2
,,,,,,,,0.6864414182689974,,,,,,,0.9937032002103768,2
,1027.388,,,1.7327638456957546,,,,,,,0.7562745938789743,0.0054997074896135,,,,2
,,380.8743796763273,,,,67706.0,,,,,0.7637252170469945,,,0.5832762071534789,,2
,1009.761,,,,0.8228610593112521,68994.0,,,,0.8426819000284845,,,,,,2
,,,253.7914261434716,,0.8236121227983519,,,,,,,,,0.5635256370243371,,2
,,,,,0.8119421748109387,,,,,,0.7604477375878776,,,,,2
65525.0,,391.472709298268,,1.8179006079378617,0.8351086190299573,66623.0,,,,0.8345738394959131,,,0.0010922009628682,0.5443950469436423,,2
,,,227.26755836391928,,,,,,,,,,0.0009962210121732,,,2
,,,,,,79627.0,,,,,,0.0053287127955511,,,,2
,1186.908,,,,0.8390012706718547,,,,,,,,,,,2
,,,234.49063577070663,,,,,0.8089791060565987,,,,,,,,2
,,,,,0.7732174303895448,,297.3916025317357,,,,,,,0.6254962635965441,,2
,,,,,,,,,,,,0.0052279646806234,,,,2
,1142.042,,,1.854134492694579,0.8420911711650707,,,,0.989835018021808,,,,0.0009226055164218,,,2
,,,,1.5469810985724517,,,,,,,,,,,,2
,,,227.0425317952732,,,,299.2843609889664,,,,,,,,,2
,,,,,,,,,,,,,,0.6156704038663146,,2
,,,,,,,,,0.9859628002166978,,,,,,,2
,,,,,,,349.2620618144733,0.8190927278012414,,,,0.004977548714848,,0.5363970393443543,,2
80294.0,,425.761089194498,,,0.8219564664930125,81493.0,319.73973166462304,0.8047587547858159,0.9852870798718908,,,,,,,2
,,,,1.7711391701131205,,,,,,0.8562356388464012,,,,,,2
,,435.70008509032346,,,,,,,,,,,,,,2
,,,,,0.7722229307044522,,,0.7292067307692308,0.9861104954415828,,,,,,,2
,,,,,0.8042071989246286,62310.0,,0.7129492060544155,,,,,,,,2
,,,,1.7962303934340458,,,,0.7719961889309197,,,,,,0.5536104367878766,,2
78004.0,,,,,0.847560931611066,,,,,,,,,0.5281226025919238,,2
,,,251.90140172996925,,,,312.67303242036195,,,0.8920475972324589,0.8006800337055695,,0.0012893667072742,,,2
,921.455,,,,,,,0.6826503923278117,,,,,,,,2
72848.0,,,,,,,,,,,,,,,,2
,,432.4288658697024,,,,,303.22552742720234,,0.9790003118094438,,0.7012148155682303,,0.0008930532836727,,,2
74795.0,1034.077,393.36132525309273,,,,,308.59674617284367,,,0.8789753042381131,,,,,,2
,,,,1.653602071264679,,,287.3248663813893,,,0.8957975213594929,,,,,,2
,946.201,,216.2749754144399,,,,,,0.9912462199586184,,,,0.0012500586120871,0.5856613589799422,,2
69221.0,1034.794,420.1858938124709,,,,,,,,,0.7065331205840313,,,,,2
,,,,,,,,0.7713201793062904,,0.8616720758099617,,,,,,2
,,,,,0.8209860180030626,,,0.70409657371555,,,,,,,,2
,,,,,,,,,,,,,,,,2
,,,,,,,,,0.975185550544908,,,,,,,2
,,,,,,86284.0,,,,,0.7231567095042507,,,,,2
,,,226.569450359474,1.6612370091748572,0.7985254383474601,,,,,,,,,,,2
,1142.638,,,1.869209194071062,,,,,,,,,,,,2
68412.0,,382.7686782826122,,1.654114006339473,,69728.0,,,,0.858761115599399,,0.0055950517202042,,,,2
,,,,,,,,,,,0.8014276009010559,,,,,2
,,,,,0.840890215271661,,,,0.9870983748914528,,0.7326333685336345,0.0052059182327999,0.000925174993913,,,2
,,418.46199244417977,,,,,,,,,,,,,0.9866460132566968,2
88390.0,,,,,0.8155489223180351,,,,0.9919868917220328,,,,,,,2
,1101.693,,,,,84407.0,326.2186910471404,,,,,,,,,2
,,,,,,,,,,,,,,,0.9912969228494464,2
,,416.553645217595,,,,,,,,,,,,,,2
,,,,1.7542513818664467,,,,,0.9849151477058454,,0.7509172949665377,,,,,2
93438.0,,,,,,,,,0.9795366390606982,,,0.0049816479103917,,,,2
,,,,,,67151.0,,,,,0.7992636293306361,,,0.6388223491707805,,2
,,,,,,,,,,,0.730771697835245,,,,,2
66768.0,,,,,,,,,,,,,,,,2
,,484.2693369671032,,,,101676.0,,,,,,0.0048078365546498,0.000886903487134,,0.9939482428380388,2
,1268.518,,,1.912392269245374,,,,0.7538764019840029,0.9649025813093376,,,,0.0007925052399925,,,2
,1039.637,,,,,74426.0,,,,,,,,,,2
65736.0,,399.5219783904124,,1.8921238223032992,,,,,,,,,,,,2
70383.0,1043.44,,,1.787754044368469,,,,0.6767466010269033,,,,,,,0.9889389700085944,2
69144.0,997.499,,,,,,,,,,,,,,0.9916942045835494,2
,,,224.9648721154253,,,,293.12458818284586,,,,0.7562029380380186,,,,,2
,,,,1.7155654466496053,,,,0.7929647255065496,,,0.7626275222015343,,,,,2
,1064.874,419.72484643930295,,,,,,,0.9913416980569631,,,,,,,2
59618.0,,,,,0.7511788911957055,,275.51405622585014,,,,0.8097441892716952,,,,0.9933145866637636,2
,,,,,0.8316062070478729,,,0.7467101958814666,,0.8358667686595667,,,,,,2
,,,,,,,,0.8012904105619337,0.9909352502819558,,,,,,,2
77163.0,,,249.7765393960072,1.593063587302954,,,,,,,0.7877254120863643,,,,0.9885139971222846,2
,1108.333,,,,,,,,,,,,0.0010568792270096,0.5695510197918284,0.986445330938048,2
,,,226.72074632370217,1.6549399035932308,0.7967936155067309,67161.0,,0.8131673908240665,,0.8581684648064575,,,0.0012542338641106,0.5991866537504594,0.991617902992136,2
74460.0,,,,,,,307.904882229854,,,,0.7557101283902184,,,,,2
,,376.0208576747266,,1.7023686537279783,,,286.2304521631631,,,,,,,,0.9864189702903474,2
,1112.155,,,1.6847137215112309,,86397.0,,,,0.8695857237120194,0.7678124230943766,,,,,2
,,,226.6816971547547,,,,,,,,,,,,,2
,,,,1.5950172542575296,,,,,,,0.7863886797499494,,,,,2
,,,,,,,316.905846538172,,0.9902950408035154,,,,,,,2
,,,234.8487654905313,1.7628879789095393,,,,,,0.8286782596929405,,0.0054996289259431,0.0010608173560016,,,2
66734.0,,,,,,68092.0,,,0.9800563942900782,,,,,,,2
75264.0,,,240.56193103852223,,,,,0.7741935483870968,0.976490736416005,,,,,,,2
,,,226.7760614390472,,0.8255139125635873,,,,,,,,,0.5600226976550982,0.9922763797636146,2
,,,244.1425726478478,1.601748791849356,,,,,,,,,,,0.9940725207149204,2
80580.0,1081.249,,,,,81322.0,320.3086675610877,,,,,,,,,2
,,391.04318018815815,,,,,,,,,0.7462231786939773,0.0058471997874928,,,0.9919388323656464,2
98399.0,,475.4600795849898,,1.778976103891336,,99895.0,,,,,0.7444513863562827,,,,,2
,,,,1.7261565100606184,,,,,,0.8537798711218431,0.7577570429072535,0.0053874955611927,,,,2
,,,,1.7230717119735184,,,321.0352756133389,,,,,,,,0.993256087003871,2
,,,,,0.7957868530308863,,,,,,,,,,,2
,,,,,,71138.0,298.167656212294,0.7902331371661385,,,,,0.001157436655482,,0.9896867021296624,2
,,448.3283348058124,,,,,,,,,,,,,,2
,,,,,,,312.6933923164864,0.734126149551651,,0.8826720172900977,,,,0.6242910494597532,,2
,,,,,0.8319460726695448,,,,,,0.7423309871103585,,,,,2
,,,,,,,,,,0.8059790446384318,0.7238295279563454,,,,,2
,,,252.46941057868867,1.6402328549553276,,82600.0,,,,0.8456186605513595,,,,,,2
,1114.925,,,,,,,,,0.8823244582864949,,0.004887358369228,,,,2
,,,233.2943097276347,,,,,0.7886189833558255,,,,,,,,2
,,,,,,,,0.7852915951972556,,,,,,,,2
74591.0,,407.15344127829246,,1.719451932427908,,,,0.7604498001794308,,,,,,0.5729019870137619,,2
,,,,1.4543574247082611,0.7261002170971601,,,,0.9887264299407708,,,0.005187604775731,,0.6845977427865576,,2
,,,,,,89363.0,,,,0.8126536526806333,,,,,,2
,,,,,,95752.0,,,,,,,0.0011008655131708,,,2
,,,,,0.8350745674710874,,,,,0.8332756537997592,,,,,,2
76932.0,,,,,,,,,,,,,,,,2
,,380.8264966931668,,1.6984875571089826,0.8083085586393239,,,,,,,,,,0.9952459149417434,2
,,430.17594227496113,227.60402051348885,,,,,0.7583618763961281,,,,,,,,2
,1238.0069999999998,,,,,,,0.8092013354485829,0.9921710182514952,,,,,0.570677803654686,,2
,,,,1.5609278217209814,,,,,0.9900061012812692,0.8977109901422283,,0.0049630578752324,,,,2
,,407.5144316893477,,1.6926517029668986,,,,,,,,,0.0011360601887954,,,2
,995.582,,229.65631401493937,,,,,,,,,,,0.591675606117787,,2
,,,,,,,,,0.9904156335812738,,,,,,,2
,944.279,,,,0.7968679599367302,,274.8802058038437,,,,,,,0.5981244035327634,,2
,,,,1.8038560365379308,,,,0.708569682242712,,,,,,0.5429305433992331,,2
,1071.4309999999998,,,,,,,,,,,,,,0.984497748232271,2
,,,,,,,,,0.98415758817819,,,,,,,2
,,,,,0.8051906117642278,,,,,,,,,,0.993380976760988,2
,,,225.4813440171916,,0.829564525842828,,,,,,,,,,,2
,1120.306,,,,,85744.0,,0.7557237413194444,,0.8368031729229483,0.7783917683110095,,,0.6058937449743406,0.9856974314096936,2
,,,,,,91924.0,,0.7556932182985554,,,0.7399986460858141,,0.0009381238935721,0.547597996208838,,2
,,417.5289524213646,,,,,,0.7725597228376908,,,,0.0054430243181551,,,,2
,981.369,,,,,63882.0,,,,,,0.0059265214101379,,,,2
,931.443,,,,,,,,,,,,,,,2
,,,237.341204298639,,,,,,,,,,0.0011583416925973,,,2
,,,,,,,,,,0.8367254400662032,0.7411975374354712,,,,,2
95103.0,,,,,,,,,,,,0.0048367159672918,,,,2
,,,,,,,,,,0.7829554846066688,,,,,,2
,,,,,,90305.0,,,,,,,,,,2
80689.0,,430.380632485205,,1.7942683588383008,0.830290920662565,,,,,,,,0.0010121763248716,,,2
,,,,,0.8249588911600692,,,0.800388296911685,,0.859170598035178,,,,,,2
,1099.5589999999995,,,,0.7676211753813438,,,,,,,0.004938309388011,,,0.9829154297459746,2
,,,,1.884477821185112,0.8475904310982937,,,,,,,,,,,2
,,,,1.7641443394562784,,95545.0,346.49693053590266,,,,,,,,,2
,1006.981,,,,0.7889532744815507,,,,,,,,,,0.99124636374661,2
,,,,,,,,,,,0.759404072248806,,0.0011062847020753,,,2
,,,,,,,318.4229230213176,,,,,0.0052208371925784,0.0011081090134054,,0.9924212441657452,2
,1156.599,,,,0.8335833305890765,,338.5212725728526,,,,,,,,,2
,,,,,,92128.0,,,,,0.7447790801624872,,,,,2
,,,,1.6221666164000288,,,287.9998557329976,0.7793742896452713,,0.8619097111316021,0.7821775938242419,0.005652134363005,,,,2
,,,228.8883614262201,,,,,,,,,,,,0.9922285770508034,2
,,,,,0.8062947684363727,,,,,0.8280360192476107,,,,,,2
,,,273.8641725708502,,,,,,,,,,,,,2
,,,,1.608311310563821,,,,,0.9858816572421184,,,,,0.6165189235286128,,2
,,,,,0.7976541968234698,65696.0,,0.8130718464076796,,,,,,,,2
,,,,,,,,,,,,0.0052135346641798,,,,2
,,,237.59682638428143,1.7707085722585076,,,,0.7751422764227642,,,,,,,,2
79627.0,,,,,,80395.0,,,,,0.7711883318564139,0.0051851871063883,,,,2
,,,,,,,,,,,,,,0.5692394252971966,,2
83432.0,1125.326,,240.0153587972495,,,,325.9277860145466,0.6880422233217879,,0.8279151165406221,,0.0053635588634873,,,,2
,,,,,,,,,,,,0.0052708614978686,,,,2
,,,235.9828209177404,,0.787904554183598,,,0.8165954084952133,,0.8638682644414978,,,0.0012489388467782,,,2
86338.0,,447.3405530257479,,1.8092880126633504,,,,,0.9892411517352796,,,,,,,2
,1090.744,420.5249114958486,,,0.815728196659975,,316.83753790476663,0.7545578960464738,0.9773642911155462,,,0.0053337000303875,,,,2
,,,,,,,,,,,,,,,,2
84629.0,,,,,,,,,0.9816155148815736,,,0.0052959701303435,,0.5364136929648674,,2
,,,,,0.833297855285784,,,,,,,0.0052186353591522,,0.5505431232131999,,2
,,,,,,57445.0,267.6661898377298,,,,,,,0.5119328092806983,,2
,,,,,,84069.0,,,0.9854167410103606,,,,,,,2
,,,,,,,304.6623751157884,,,,,,0.0010381746258237,0.5453385948140695,,2
,,,,,,,,,0.9895175079919708,,,0.0057371521020382,,,0.9948145945998164,2
,,,,,,71199.0,,,0.9876824112698211,,,,,,,2
,,,,,,,,,,,,,,0.6262551778587363,,2
,,,,,0.7931070108058322,70342.0,,,,,,,,,,2
,,,,,,93190.0,342.52766943520203,,,,0.7667246322997131,,,,0.9954726366597888,2
,,,,1.6059748203515585,0.7824807552072102,71954.0,,,0.9902298690830252,0.8869154183625525,,0.0053699179097318,,,,2
89597.0,,,,1.6651992926148511,,,,,,0.8777873754818187,,0.0048736633013541,,,,2
,,409.9783474467856,,1.700213634462964,,,,,0.9792496573631694,0.8434573928031358,,0.005362628970802,,,,2
,,388.0458726473143,,,0.8089520446466727,,,0.8002879617923866,,,,,,0.5780834081902806,,2
,,,,,,,,,,,0.7604809776418757,,,,0.9941241395260396,2
,,,,,,,,,,,0.7740833956655035,,,,,2
,1035.853,,,,,73870.0,302.7695947454062,,,0.8431949719357467,,,,,,2
,,,,,,,,,0.9915998418793766,,0.7965655153915331,,,0.6345166203109788,0.9959427512585592,2
,,,,,,,,,,,,,,,,2
,,,,,0.8347823037329681,,,,,,,,,0.5465247723642295,,2
,,,,1.7260919176423697,,,,,,,,,,,,2
,1074.366,,,,,,,,,0.823596105811753,0.7389705485448451,,,,,2
73777.0,1027.678,,,,,,,0.7428211840515505,,,0.7876006313867127,,,,0.992801756792388,2
,,,,,,75387.0,,,,,,,,0.5543780485197503,0.994168192463008,2
,,,,,,,,,,,,,0.0009857475596244,0.5567528796702527,,2
56679.0,,,,,,,,,,,0.7547136962686789,0.0062800302863666,,0.5695927633355317,0.9895199302123884,2
,,,,,,,,,,,,,,,,2
,,,218.45807831236203,1.8195017612322355,0.83542727584893,,,0.6433981438870993,,,,,,,,2
,1004.6179999999998,,,,,69770.0,,,0.9880751039128566,,,,,,,2
,1037.407,403.1301198680945,,,,,299.2460700172497,,,,0.7423064049770431,,,,,2
,1094.281,425.2811929338772,,,,,,,0.9910670997769804,,,,,,,2
,1128.201,,,,0.7855783704004843,,335.61266824339543,,,,,,0.001125193289063,,,2
,,,,,,76866.0,310.9948911110477,,,,,,,,,2
73076.0,1043.319,,230.3264754062968,,,,,0.6656464629902898,,,,,,,0.9922765311226032,2
,,405.8395078303922,,,0.8236714402311588,,304.2734629504726,,,,,0.0055813118220754,,,,2
,,,,,,,,,0.984269588968967,,,0.0080164180702296,,,,3
31423.0,,,,,0.7080202911894293,,,,,,,,,,0.9970466132575064,3
,,,,,,,224.95817154538705,,,,,,,,,3
,750.3299999999999,,187.3299607243195,,,,228.0163668900012,,,,0.8191983937766661,,,,0.9971210199844478,3
34673.0,,,,,,,,,,,0.8531801211786394,0.007102620680479,,,,3
,,,168.80217807278223,1.5635722249610042,,,210.825803134151,,,,0.7987810812560053,0.0075606404407895,,,,3
,,,,,,,209.6357224474848,,,0.9224530932826192,,,,,0.9977743499583702,3
33203.0,,,,,0.7350071150105142,,,,,,,0.007526678186235,,0.6769024688811724,,3
28487.0,,,168.47470240403732,,,,,,0.9868019952889012,,,,,,,3
,,,167.92149279126585,,0.6930891331915272,,,,,,,,,,,3
,,239.3587517793939,,,,,,,0.989932771388595,,,,0.00211528968947,0.6446578605852293,,3
,,,186.48140432068848,,0.7271754315912995,,,0.7577388449940837,,,,0.0068421297333759,,0.6850042204959266,,3
,,231.56994314062808,,,,,182.8218020063328,,,,,,,,,3
,698.5869999999999,,,,,32644.0,,0.7420665320240499,,0.8231086391333602,,,,,,3
28310.0,,,,,,28603.0,,,,,,,,0.7477322507061521,0.9985782656014855,3
,,,157.533490067909,1.6191411399483475,,,,,,,,,,,,3
,,,,1.4301117634996878,,,,,,,,0.0071186344639952,,,0.9962139298775566,3
,,,,,,39128.0,221.9955175640247,,0.989214884481701,,,0.0066875017388797,,,,3
,656.817,240.37292823161172,,,,,,,,,,,,0.6967663059937297,,3
,,,,,,24670.0,,,,0.9176606244327564,,,,,,3
,,,,,,30443.0,,0.7279493499589194,,0.9217456166875656,,0.0078749869183997,0.0022564473215775,,,3
,,,,,0.7545935932433773,,210.8590166489256,,,,,,,0.6531941122171919,,3
,,,,,,,,,,,,0.0079516997454944,,,0.9960319518990144,3
,,,,,,,,0.7074992448581706,,0.9198544856414272,,,,,,3
26824.0,,,,1.4569437969291286,,,,,,,,,,,,3
,,,159.1054119064455,,0.7787322884083472,,,,,,0.7903858551541783,0.0080363929489724,0.00193462842522,,,3
,,,,,0.708976403569677,,204.80004170572263,,,,,,,,,3
,,,,,,,,,,,,,,,,3
,650.151,,,,,,,,,,0.8459407681406959,,,,,3
,,,,,,27604.0,,,,,0.847366437012294,,,,0.996339599384539,3
,,,,,,,,,,,,,,0.6241721049496365,0.9917000775420276,3
,,,,,,,,,,,,,,,,3
,,,137.55906618490525,,,,172.2765619223249,,,,0.7957985229047974,,0.0022975928518922,,0.99664411304318,3
,,252.6455801796197,171.95915253999345,,,,,,,,,,,0.6782321908591041,,3
,544.584,,,,,,,,,,0.8771212610383992,,,0.7693417065655916,,3
,,,,,,36844.0,,,,,,0.0076476106213742,,0.597174810850071,0.995649493625132,3
,729.6279999999999,,173.8603204946584,,,37593.0,,0.7806096635466734,,,,,,,,3
,591.719,,,,,,,0.742174192287286,,,,,,,,3
31488.0,,,,1.459099421135936,,,,,,0.9133846338223648,,,,,,3
37547.0,,273.3386807876755,,,,,,,,,,,,,,3
,688.958,,,,,,209.5445989276193,0.7192825112107624,0.9885340824399472,,,,,,0.998790730603277,3
,,,,1.389709773173521,,,,0.7442625670519272,0.9834849647411305,,,0.0081274992657887,,,,3
,,,,1.555144703438381,0.7658435249717119,,,0.7371230702640311,,,0.7991383983386555,0.0074664831457655,,,,3
,,,,1.5411593866593545,,,207.90979424682905,,0.9915303738317756,,,,,,,3
,,,,1.4426237469114358,0.7207631353347429,,,,0.9879001055223356,,,,,0.6913983717629264,,3
,,,,,,,,,0.9900685556395484,,,,,0.6599913083750973,,3
,612.787,222.71803658168625,,,,,,,,,,,,,0.9970273516701402,3
,,,,,,,,,,0.9398321479778676,,0.0075390896792015,,,,3
,,277.18163246859785,,,0.7561625641756354,,,,,,,,,0.6524491008677255,0.9970434575511108,3
,753.761,,185.1616058789064,,,,,0.737150043744532,,,0.8144612286013774,0.0068891075131312,,0.6633470928948652,,3
,,247.84990923321988,173.2994964684001,,,,,,,,0.8335865303359492,,,,,3
,,,,,,,188.79034555763545,0.7405555555555555,,0.928340372490014,,,0.0023921121090183,,,3
,,,122.51265345074418,,,,,0.6982574679943101,,,,,0.0015779056987465,,,3
,,,,,,,,0.8000184569952011,,,,0.0073699035026527,0.0020775745039054,,,3
,699.0609999999999,,170.92442686915174,,,34301.0,,0.7496556932782442,0.9838780210489492,,0.8231629698876018,,,,,3
,,,,,,,194.2451561009484,,,,,,,,,3
22298.0,,,,1.2961339317899834,,22505.0,168.49538678701165,,,,,,,,,3
,,,160.41280963823056,,0.7433712795472562,,195.85425133051427,0.7927949264493039,,,,,,,,3
,652.3449999999999,,,,,,,,,,0.810486785968254,,,,,3
,,,170.17546569482437,1.4449549904624015,,33134.0,204.38930858232453,,,,,,,,,3
,731.413,267.0908591655995,176.61718953715626,,,,,,,,,,,,,3
,,,184.4035791473984,,,,226.25057493083295,,,,,,0.0018687561235554,,,3
39470.0,,,,1.4878815889539756,,39842.0,224.17574541126623,,0.9906631193213192,,,,,,,3
27176.0,,222.58651425577668,,,,,,,,,,,,,0.9980836780391558,3
,,,161.1849941593135,1.5299083187994005,,,,,,,,,,,0.998143414794404,3
,,,,,,,,,,,,,0.0020398072320579,,0.9949655242609144,3
,,,,,0.7735731655769469,,,0.7409158324063775,,,,,,,,3
,,,151.59053569372102,,,28209.0,,,,,,,,,0.9989848814063896,3
,,275.91585173188014,,,0.7638259499304219,,,,0.9915875588484988,0.9108180683559818,,,,,,3
,,242.76593382626615,,,,,,,,0.8974684316124929,,0.0080578177717162,0.0021057512637037,,,3
,,,,,,,210.9193914580795,,,0.9177987122235174,0.8086650505909223,,,,,3
31254.0,,,,,,,,,,,,0.0074700913525857,,,,3
,,238.32509910601263,,,,29335.0,,0.8201095550033883,,,,,0.0021456655773888,,,3
,,235.07327457525943,,,,,188.80383347260283,0.6951458721291124,,0.8682975931299651,0.8031701341368633,,,,,3
,,,,,,,,,,,,,0.0021886630193298,0.7059812681420351,,3
,,,,,,,220.34330105506092,,,,,,,,,3
,,272.1665379500891,,,,,,,,0.9040810879099878,,,,,0.9966177464069396,3
,,,,,,,196.6295807233183,,,,,,,0.6339333178372867,0.9905328796546782,3
,,265.07519751925537,,,,35847.0,,0.7112020542449045,,,,0.0074770167414886,,,,3
31608.0,664.008,,167.7228089559975,1.4350647747184655,0.7172337471664271,,200.61045718005084,,,,,,,,,3
,,,,1.502894522571201,,26585.0,,,,,,,,,,3
,,,,,,,,,,,,,,,,3
,,,,1.465596650172698,,,,,,,,,0.0020979421828925,0.6813489296501402,0.9985827088939988,3
,,,143.95064133713868,,,,,,0.9871079857743292,0.9136979887828656,,,0.002403250431312,,,3
,556.684,,,,,,,,,,0.8628656905701572,0.0085380188807222,,0.7445371999631141,,3
34404.0,,,,1.523037758641155,,,209.2953255499715,,,,,0.0075177151049052,,,,3
,,,162.2840607257628,,,30054.0,,0.7866454689984101,0.9878219205430224,,,0.0078633536279942,,,,3
,,,166.5998913443992,,0.7501589115419609,,204.6290030951265,,,,,,,,0.9975981217252984,3
,,,,,,,,,,,,,,,,3
,612.2909999999999,,,,,,,,,,,,0.002192769733782,,,3
28322.0,,,157.4856443091018,,,,189.896525471082,,,0.908552958492079,,,,,,3
,,,,,,31281.0,,,,,,,,,,3
,,230.11955989697296,144.9688197735596,1.587372789931092,,,,,,,,,,0.6290097682527964,,3
24235.0,,,,,,,,,,,,0.0086931036802697,,,,3
,650.3029999999999,,,,,,,,,,,0.0086923418702773,0.0017937402717716,,,3
,625.0959999999999,,148.606596880011,,,,187.67086158075813,,,,,,,,,3
,595.114,219.88839606699435,,,,,,0.7999512670565302,,,,,,,,3
,,,,,0.7150857399514933,33236.0,,,,,,0.0074514003007359,,,,3
29994.0,633.1840000000001,232.99045080338487,164.07545086305407,,,,,,,,,,,,0.998993765192527,3
,718.675,,,,,38300.0,,,,,,,,,,3
,,,,,,,191.27607879179484,,,,,,,,,3
,,,,,,,,,,,,0.0076138470998275,,,,3
,,,,1.4525775975052757,0.7253014787235297,,,,,,,,,,,3
,,244.19751239770451,,,0.7213872146806876,,,,,,,0.0075455771219511,,,0.99778417871595,3
,,229.35428411227,,,,,192.3348687387064,,,,,,,,,3
,,256.1514008807813,167.39415528439488,,0.7569291620688774,,,,0.9867188880381648,,,,,,,3
29475.0,,,,,0.7404885328558817,,,,,,,0.0080418632088617,,,,3
39123.0,,,,,,,223.18815091458995,,,,,,,0.7156008164522247,,3
36756.0,,253.48522109591832,,,,,216.3312106615355,,,,,,,,,3
31851.0,,,,,,,201.3801200202236,,,,,,,,,3
,,,,,,,213.32037251241317,,,,,,0.0020676488998048,,,3
,,238.394388680234,,,,,,0.7174272486772487,0.9906069599817358,,,,,,,3
27940.0,,,156.90664517222552,,,,,,0.9888165345413364,,,0.008130798191545,,,,3
,,,,,,,,,,,0.8249450184379937,,,,0.9972247006446604,3
,,226.805965612298,,,,27997.0,,,,,,,,,,3
,,,,,,,,0.793953836349026,,,,,0.0020510170853551,,,3
,,,,1.4246083076104537,,,,,,,,,0.002041780120234,0.7004575620040607,0.9978776619595496,3
21602.0,558.3429999999998,,132.18752074151345,1.5774804550729549,,21932.0,,,,0.8707664233146423,,,,,,3
,757.03,287.11114538981644,,,,,,,,,,,0.0017666088410897,0.6458037610209846,,3
,,,,,,,183.93618780083145,,,,,,,0.6300483691938095,0.9982791064228664,3
36851.0,,,,1.4548028439227685,,37279.0,,,,0.924139222478456,,,0.0020583571743506,,,3
,,,,,,,,,,,,,0.0023373523363357,,,3
,605.709,,,,,,,,0.9850336554732448,,,,,,0.997461844684776,3
,,276.88869790088137,,1.513235343669597,,,,,,,0.8120817933970492,,0.0018706140850512,,,3
36591.0,,,,,0.714873432096805,,215.8451022872753,,,,,,0.0021232057625387,,,3
,,,,,,,,,,,,,,,,3
,,,,,,,,,,0.9315336311195708,,,,,,3
,,,,1.466621610265718,,,,,,0.9225981741777048,,0.0075827426199383,,,,3
30994.0,,,,1.4360341617200996,,31344.0,,,,0.9209016208695272,,,,,,3
28843.0,,,,,,,191.6351955899445,,,0.918210894576917,,,0.0024708131004709,,,3
23947.0,,,,,,,,0.7846330275229357,,,,0.0092692669389065,,,,3
,,,197.3244373829632,,0.6711121184200783,,,0.7945996024010346,0.9870294893310956,0.9101728838871692,,,,0.7398985059311645,,3
33107.0,,,,,0.7075597971504396,,,,0.9880916850713304,,,,,,,3
,,,191.46017446838732,,,,,,,,,,,,,3
,,,,,,,,,,,,,,,,3
40069.0,,,,,,,,,,0.910921506390369,,,,,,3
,,,,,,,,,0.9903312317681378,,,,,,,3
,,,,,,,207.4929443756457,,,0.914067789067595,,,,,,3
,,,,,,,,,,0.8929734721128157,,0.0069625106216537,,,,3
,,,,1.5252045540058692,,,,,,,,,,,,3
33262.0,670.1659999999999,253.23024417632556,,,,33519.0,,0.8063515151515152,0.992332706822996,,0.8126689469709373,,,,,3
,,,,,,,226.63573520996465,,,,,,0.001944572226306,,,3
,,,,,,,199.54772241758985,,,,,,,0.7095915008044593,0.9966969976726842,3
,,,,,,,200.76906511518595,,,,,,0.0021967484770559,,,3
,,,,,,,173.65311796080022,0.7681629475869227,,,,,0.002661176752038,,,3
,,,,1.372448691354808,,,,,,,,0.0071010983366019,,0.7260298251947351,,3
,,,,,0.7359768238609956,,,0.7695484581497798,,,,0.0082211462582584,0.0023037707068695,,,3
,,,,,,,,,,,0.7820599830976543,,,0.6116178171627035,,3
,,253.69180631288364,,,,36421.0,,,,,,,,,,3
36494.0,,,,,,36853.0,215.55881783301052,,,,,,,,0.9983443049284478,3
,,266.09123901054386,,,,38875.0,221.32057863087755,,0.9896077170418006,,,,,,,3
,633.911,,,,,,,,,,,,,,,3
,,217.57267292842104,143.4460592827688,,,,176.5075024471331,,,0.9191301766448235,0.8112576826465798,0.0088917680709641,,0.6581390276530988,,3
,,,,,0.7322887623743212,,195.769720682421,,,,,0.0079023827690407,0.0022364745834273,,,3
,,,,,,30162.0,,0.7108877721943049,0.984947947748823,,,,,,,3
,,,173.8389124515525,,,,,0.7649626517273576,0.9880306319343946,,,,,,0.9983983752121016,3
,,,,,,,,0.7422728825136612,,0.8873798712301191,,,,,,3
,,,175.30301689364197,,,,,,,,,,,,,3
30918.0,,,,,,,198.4087201816537,,,0.9278199196308524,,,,,,3
32858.0,,,,1.4646469402198097,,,,,,,,,0.0021604563303293,,,3
29047.0,,,,,,,,,,,,,,,,3
,,,,,,,,,,,,,,,,3
30987.0,,253.39648726983435,,,0.7876035592931134,,,,,,,,,,,3
,,,,,,,,,0.9882433169667212,0.900518841400105,,0.0073919312061187,0.0018863121291736,0.6431880087734979,,3
,,,,,,35700.0,,,,0.9024937897680048,,,,,,3
,,,,,0.7032032013940012,,,0.7322064662507091,,,0.8422299038107985,,,,,3
,,,,,,,,,,,,,0.0026737443737424,0.7966223631964781,,3
,646.3560000000001,,,,,30313.0,,,,,,,,,,3
33468.0,,,,,,,,0.7060759493670886,,,,,,0.6502347737757558,,3
,,,,,,,215.71528838131985,,,,,0.0073298992117097,,,,3
,,,,,,,,,,,,0.0074842947939435,,,,3
,,,152.08154342380834,,0.7278700848914144,,,,0.9869625312861892,,0.8269678778942835,,0.0024217780401612,,,3
30829.0,,,170.98624597327296,1.3474750160294278,,,,0.7336744407425035,0.9889330852633604,,,,,,,3
,,,,1.5506462012408764,,,,,,,0.802625243204713,,,,0.998937573139991,3
29010.0,,238.47786573263764,,,,29332.0,,,0.9890222282831038,0.9132161933986074,,,,,,3
,,227.2576599518855,,,,,,,,,,,,,,3
,,,149.42695013061754,1.4850317758217446,,,,0.7141170332537002,,,,,,,,3
,,,,1.4697237640091652,,,227.9577275270049,,,,0.8233848185431216,,,,0.9964176846693688,3
33988.0,,,,,0.7384503289635909,34379.0,208.0261177027027,0.7637752808988764,0.9886267779749266,,,0.0074608830271271,,,,3
,,,163.1492513584624,,,30108.0,,0.786654334038055,,,,,,,,3
32723.0,,,,,,,,,,,,,0.0019609845754152,,,3
,,,,,,28944.0,,,,,,,,0.6078043598904133,,3
,,,,,,,,,,0.930811217791096,,0.007576993862185,,,,3
,,,,,,,,,,,,,0.0022465155807481,,,3
36974.0,,,,,,,216.97179292949096,,,,,,0.0017868141925006,0.6245902394582425,,3
,,234.25338432016989,,,,,,,,,,,,,,3
,,,,,0.8062415823757867,,,,,,,0.0085346167643672,,,,3
,,,,,,36867.0,,,,,,,,,,3
,,,,,0.7935456909619211,,,,,0.8518697608552102,,,,,,3
,,,,,,30330.0,,,,,,,,,,3
,590.9409999999999,,,,0.743291050227158,,,,,0.9063544276783512,0.8162694121082015,,,,,3
,,,,,,,,,,,,,,,,3
,,256.758085999055,,,,33373.0,,,,,,,,0.6378489369162849,,3
,,,,,,33779.0,205.8820479881097,,,,,,0.0022622845266794,,0.994047976061657,3
,,,,,,,,,,,,,,,,3
,,,,,,,223.49599678630747,0.7050862688713156,0.9875893666297452,,0.8215965678642585,,,,,3
,665.789,,,1.5913490751432184,0.7778922859871154,31344.0,,,,,,,,,0.9957572404558924,3
32323.0,664.437,,,,,,,0.7287833694083694,0.9887128349443288,,,0.0075003667417112,,,,3
,,,,,,,199.77091953079392,0.7273739905318852,,,,0.007894472420192,,,0.9947089043943712,3
,572.8600000000001,207.77267416690216,144.53101976830456,,,,,,,,0.8322123793050564,,0.0026180009229803,0.6925774442685833,,3
,,389.9037252898875,193.91183412673337,2.0107268184316247,,,,,,,0.7031274714351676,,,,0.9940796950704937,4
,,,,,,,,,,,0.7102601052552124,0.0069902042012922,0.0010973352010597,,,4
,1002.393,,,1.825017852044898,0.8365177377939543,66871.0,,,,,,,,0.5413757685473747,,4
,,,168.1999762211396,,0.8995690715961587,,,0.7038148843026891,,,,,,0.4348107275771251,,4
,,,,2.134103905791265,0.8834206724847778,,,,,,,,,0.4660296698546889,,4
,,388.0714345578739,,1.984738944473979,,,,,0.986237462094705,,,,,,,4
50217.0,,360.0106146515729,,,,51848.0,,,,,0.7023686771866539,,,,,4
,,,,,,,,0.7283070038646688,,0.8045573728405404,,0.0067194459104342,,,0.967631233464847,4
,,,,2.095115465130109,0.8787400510723463,,,0.6087263079901527,0.9872276920691526,,0.6890040976707889,,,,,4
,1092.049,,,2.1884844863968693,,,,,,,,0.006130241371698,,0.454722280681194,,4
,,312.40276237002894,,1.9297724798899407,,,,,,,,,0.0012915107619811,,0.9913548193377276,4
,,,,1.913732358482537,0.8526153179283281,,263.45901727068934,0.7068028886670383,,,0.7173531101778008,,,,,4
42193.0,,318.94303983450425,,,0.847886129918186,42842.0,,0.746514508138712,,,,,,0.5281098477678184,,4
,,,,2.0787133327339373,,,269.90914588266884,0.608795114061968,,0.7995594740397486,0.6913009962963106,,0.0009613329514904,0.4778970674802717,,4
,,,,,,,274.3168429633748,,0.9895852519129984,0.7753400258303452,,,,0.4627206509238603,,4
,,,,,,,258.2682196275525,0.7904401225161066,,,,,,,,4
,,,181.54982959015624,1.7851658422034475,,,241.78666980732208,0.7595533498759305,,,,,0.0013487496555776,,0.9935607982507768,4
,,,157.4886783356731,,,,,,,,,,,,,4
,933.642,380.0179283819426,187.02915517701925,,,55840.0,,,,0.797486654785573,,,,0.4877264035183469,0.9909940367681852,4
,,381.7761337364396,,,,,,0.6597812185987029,,,,,0.0010383857682755,,0.992738117274215,4
,,385.1188504070685,177.72407062468778,,,,,,0.9894606666912767,,,,,0.4601951836585474,,4
,1005.875,,,,0.8701685076945231,,,,,,,,,,,4
,923.946,,,,,,,0.6037273870033338,,,,,,,,4
,,,184.1836671306315,,,,,,,0.8276335168715675,,0.0070332677861747,,,,4
,864.8489999999999,,,,,,,,,0.7855201865776433,,,,0.4760267564985979,,4
,934.184,,,1.9167552811414343,,,265.9697649469595,,,,0.7202016453548059,0.006646970325694,,,,4
,,,,,,45487.0,,,,,,,0.0014774999000608,,,4
46955.0,,,166.76391163500867,,,,,0.6577896698093384,,,,0.007686249509862,,,,4
,,362.4496440785758,,,,,,,0.9623431861144528,0.5567658261246129,,0.0080905744342189,0.000940860610423,,,4
,,367.7977105667002,193.38458261248428,1.9018977914269175,0.8506140337351473,,,,,,,0.0066411056041078,,,0.9913976495473752,4
58239.0,951.842,,,1.7847185197425306,,,,0.6591701376312931,0.9872020883479676,0.8077817648913562,,0.0062708958974828,,,,4
,,338.4535058273738,,,,,,,,,0.7269336385693566,,,,,4
,,,171.40160978802027,,,,250.8379528344496,0.7169365134633241,,,,,,,,4
,,412.2971781000043,,,0.875970551798773,,,0.7779088863207834,,0.8092539710051407,,,,,,4
,,,,,,,257.54744674044633,0.6467535692116698,,,0.6532677369750544,,,,,4
38294.0,771.0579999999999,306.0067702241351,,,,,,0.8271914286948633,,,,,,,,4
,,,,,,,,,0.9854924586757694,,,,,,,4
44375.0,,,,,,,,0.5938440950150552,,,,,,0.4594276926715792,0.9961510564741688,4
,,,,,,,228.81904763065367,0.7296568366514071,,,,,,,,4
,,,168.01758371401232,,0.8722214075179632,,,,,,,0.0077087224105497,,,,4
,987.242,,,2.1582292351728136,0.8861791239672705,,,,,0.7820791438246112,0.6769320846375442,,,,,4
,,,,,,,,,,,,,,0.5031713292396508,,4
54070.0,,,176.85460047497665,,,,,,0.9879769039614092,,0.6705163149272179,,,,,4
,956.656,,,,,55331.0,,,0.987240425801088,,,0.0069888498272658,,,0.9948546016210126,4
,,,,2.113152402639812,0.8809407200598331,,281.31965871958454,,,0.8047512918602799,,,,,,4
,819.8040000000001,,166.25028143753977,,,44617.0,237.10465802728623,,,,0.6960394119383254,,,,,4
,904.803,,,,0.8483082737680553,52697.0,,,,,,0.0068197882062297,,,,4
,,,,,,61915.0,,,,,,,0.0009065949747886,,,4
,,394.87226486862687,193.6832049230541,2.038753257028665,0.8714435304624675,60357.0,275.3846287713164,0.6389127263365657,,,0.6974018012202914,0.0066296004981133,,,,4
,,,,,0.844740516057864,,,0.807198055049058,,0.8195377806497922,,0.0065475418518789,0.0011450480266232,,,4
,905.407,,185.85387977417255,,,,,,0.9825997367065422,,,,0.001150231308595,,0.9935978806831542,4
,,,,,,,,,,0.8305492781343944,,,,,,4
63218.0,,,,2.141458816394784,,,283.71051714567704,,,,0.6814363518252659,,,,,4
,,,,,0.865833811676153,66762.0,,,,,0.7063576299860094,,,0.4989411014394521,,4
,916.723,,,,,,,,,,,,,0.5102356839341965,,4
,973.464,400.624998115926,,,,,276.19025030697287,0.7586840072435321,,,,,0.0009317350523635,,,4
,,,,,0.8689225720584612,,,,,,0.7004386472277454,,,,,4
40418.0,,,,,,40814.0,,,,,0.7175757789419221,0.0078216770153267,,0.5149149985241064,,4
39889.0,,,,1.993707189744871,,,,,,,,,0.0012329791311289,0.500224530847233,0.9973012436368832,4
,,338.7357704630703,,,,,,0.7931034482758621,,,0.713021431634295,0.0073933946757261,,,,4
,,,,,0.8716992243497739,,258.3396934587928,,,,,,,0.4883841391549502,,4
,881.1759999999999,331.32990255761564,182.40054915490663,1.8164961898016452,0.834828321386654,47864.0,244.10052071742115,,,0.7573765198238123,0.7367295219451978,,0.0012866054738439,,0.9859403426575806,4
,1008.639,400.83082496869264,205.53771813748065,,,,,,,,,,,,,4
,,344.08145568244004,,1.9962156607681336,,,242.48340598042952,,,0.801645366925226,,,,,,4
,1004.206,,198.76545278739215,2.0690889574501607,,,285.1965788658266,,,,0.69346452042443,,,,,4
,,,202.053797082372,,,62009.0,278.73934687953385,,,,0.721188782198265,,,,0.9949018183748298,4
,,,173.7178725292888,,,,,0.5910245657538077,,0.7600726661983255,,,,,,4
,,,159.60084708862053,2.1849414766483664,,,,0.5740403640680649,,,,,0.0010262281533477,,,4
,,,,,,,,0.6712520526556653,0.971424119056431,,,,,,,4
,828.116,,156.46936565295704,2.223767720165017,,,,,,,,,,,,4
,,,,,,,269.4228269558768,,,,,,0.0010229010321993,,,4
,,,186.4900848053003,,,,259.5443788512925,,,,0.7126739292601616,,0.0010953448473741,,0.9918517249131604,4
,,,,,,,288.4085058003724,,,,0.711974084994454,,,,0.9845230169305924,4
,,376.54540053959454,,,,,256.1967442623781,,0.98667866097575,,,,0.0009655728659418,,,4
,,,187.08925048491463,,0.8680321524077349,,,0.6650959354308636,,,0.702579295452509,,,,,4
,,,,,,,243.09959578099375,,0.9886891321944362,,0.6950330105943049,0.0075356453318839,0.0010847307215616,,,4
,869.9409999999999,343.7255152371188,,,0.8519106394454585,,247.953459134223,,0.985428868798596,,,,,,,4
,,,,,,,,,,0.7574533664130879,,,0.0009109509732762,,,4
,,,,,0.8684692045509088,,,,,,,0.0070779886405964,,,,4
59179.0,,,,,,,,,,0.8189756372888415,0.7181864918554208,,,,,4
,,,,,,,,,,,,0.0079317599454451,,,,4
,,341.6146656085285,,,,,242.7117096809748,,,,,,,0.5047873295745657,,4
,989.579,398.531757237361,185.48300067254985,,,,,,0.985944909523565,0.7390453411371323,,,,0.4616856870151029,,4
51903.0,,,,2.022993516529506,,52611.0,,,0.9865427382106404,,,,,,,4
,,,195.5366108857717,,,,,0.6460251688152241,,,,,0.0010303028623551,0.5054438377039061,0.9959618507423152,4
,,,164.52554244676753,,0.8833450242098053,,,,,0.774132706020191,0.6809896905119864,,0.0010376579142979,0.4637469585836112,,4
,902.873,,175.8841789730347,,0.8822151301735687,,,,,,,0.0072638128652562,,,0.9965949811014998,4
,,,,,,,230.00121000694003,,,,,,,,,4
,,,173.00625861056707,,0.8606263105423837,,,,,,,,,0.506192970674448,,4
,896.1220000000001,,,,,48814.0,,,,,,,,,,4
,,,,,,,,,,,,,,,,4
44362.0,845.277,,,,,,,0.5849111333790412,,,,,0.0010279061058067,,,4
,,363.870728951151,,,,,,,,,,,,0.5057592348749481,,4
,,,195.46441189410984,,0.8702888624407273,61405.0,,,0.98586434329452,,,0.0065554698487501,,0.4894198449582378,,4
,873.66,,,,0.8708070939257074,,,,0.9892816696327456,,,0.0072916888392367,0.0010778994041365,,,4
,927.498,372.4808041381566,,,,57644.0,,,,,0.7231677668824078,,,,,4
,848.858,,168.71875751877047,,,,,,,,0.6946060637125133,,,0.4824775837461921,0.9905981526425977,4
64062.0,,,,,,,,0.6248488158870118,,0.8006189808618598,0.705582577674538,,,,0.99695291457162,4
,,,,,,51321.0,,,,,,,,,0.994447753643901,4
,,,,,,,,0.6286729296597457,,,,,,,0.9963037817685426,4
56614.0,,383.1357439498147,,,,,,,,,,,,,,4
,,,,2.110237117038978,,53460.0,,0.7685276679841897,,0.8096773459669833,0.6874336711201303,,,,,4
,,306.60878207437884,,,,36384.0,,0.7793156059285091,,,,,0.0012404607077286,0.4842590224078935,,4
39623.0,,289.4156803999735,176.08360987028,1.643626460254789,,,,,,,0.7760803353816949,,,,,4
,935.844,,,,,,,,,,0.6738615227404348,0.0071994915048172,,,,4
,,316.66128693366755,,,0.8223644491946309,,237.73478952658388,,,,,0.0071337783444922,,,,4
,931.513,,,2.187772658930915,,,,,,,,,,,,4
,937.207,390.6960754655622,180.3525498387529,,0.8870785356967962,,,,,,0.6774300587915535,,,,,4
,,,,,,47566.0,244.74125345458413,,,,,0.007531341612592,,0.477156872199346,,4
67889.0,1062.461,,,,0.8919725815248696,,294.00503303944555,,,,0.6706912836136839,,,,,4
59664.0,,,185.62431392966985,,,,,,,,,,0.0008638843610968,,0.9974750432668832,4
,,,,,,,,,,,,,,0.5151078645820453,0.978647531360613,4
,,,,,,,,0.7144848995054194,,,,0.0066826116465255,,,,4
,,,,,,,,,,,,,,0.5150336765698427,0.9969221666780712,4
,,,,1.9861771160283164,,,,,,,,,0.0010449666181619,,,4
,,,,1.6956080698480802,,,,,,,0.7663699296457797,,0.0016949600913653,0.5873228690652774,,4
,891.9159999999999,350.5119925794319,,,0.8281025789214302,54156.0,257.5499185829181,,,0.8229523120704166,,,,,,4
,937.119,,,,,,268.7604000078332,0.7327882404608748,,,,,,,,4
47894.0,,,,,0.8592191034659673,,,,0.9831065131268346,,0.7116544678014812,,,,,4
,,,,,,,249.09593078486583,,0.9913140764849472,,,,,,,4
57431.0,,,,2.040762782368476,,,,0.7206077944239504,,,0.6984879493012113,,,,0.9956583976434252,4
,,349.7413317297837,181.22511958599475,,,,,0.817259217766648,0.9899026181353768,0.8403737774183219,,,,,,4
,,402.4070924229917,,,,,,,,0.7857775462946388,,0.0066447670479357,0.0009293707221465,,,4
,,,,,,,,,,,,,0.0008640505798598,,,4
,791.457,,,,0.7755122258398601,,,0.707135991515031,,,,,,,,4
43900.0,,,,2.139892934427029,0.8840918882909775,,,,,,,,0.0010490673950268,,,4
,,,172.34470007503083,,,,,0.5908608490566037,,,0.6792772679275941,,,,0.9955079695078518,4
60868.0,,416.2250284383015,,,,61982.0,,,,,,,,,,4
,,,171.7840633595639,,,,,,,,0.7037131298229231,0.0074706729801606,,,,4
,,,,,0.8794936588335601,,284.13653945342406,,,,,0.006506302815402,,,,4
,957.302,,,,,,,,,0.7900782581456658,0.6951731260609441,,,,,4
,,,,,0.8467782387171525,,,,,,,0.0065274798275441,,,,4
60950.0,,,,2.1055651423271105,0.8800225647965557,,,,,,0.6878900663654595,,,,,4
,,,178.99045249768295,,,,,,,,,,,0.4802203135307089,,4
53978.0,,366.1477397634681,,,0.8557538713935107,,,,,,,,,,,4
,,,,,0.8797076753420119,54506.0,,,,0.8034100712279699,,,0.0009750316194952,,,4
46958.0,859.393,,,2.114383975926484,0.881088734842671,,244.51744833789212,,,0.7989798591913712,0.6857122502716688,,,0.4702012901726359,,4
,,408.7900345900623,,2.1058914228052688,,,280.7624146036977,,,,,,,,,4
,,,,1.993825611994111,,,265.8404802330247,,,,,,,,,4
,,,,,,,,0.7908061194468962,0.9878718829820468,,,,,,,4
,,371.4188818798072,,,,60008.0,,,,0.7842529260245108,,,,,,4
,,,,,,,,0.7455083637364907,,,,,,,,4
49925.0,,,,1.968642424400076,0.8613781437886393,,,,,,0.711439933748522,,,,,4
,,,202.9347314081828,,,,,0.7495052656342979,,,,,0.0012690779182638,,,4
,,,,2.073237142445681,,,,0.6838251547303271,,,,,,,,4
,,,177.9162954443718,2.136070547631273,,53456.0,,,,,,,,,,4
,,,,,,,,,,0.7651805662894474,,,,,,4
,952.747,387.9817358604001,,,,,,,,,,0.0067386017760942,,,0.9904008090481856,4
53160.0,917.041,,179.5575752047412,,,,260.1642062200741,,,0.7943599326703494,,,,,,4
,1009.0839999999998,,,,,,,,,,0.6714296750613503,,,,,4
,,,,,0.8757538482796584,,262.558581407266,,,,,0.0069974619447553,,,0.9948493398661824,4
,,354.0748473761619,,,,50859.0,252.95079925071624,,0.9880847047720168,,,,,,,4
,,,,2.0754867937189347,,,,,,,,,,,,4
,,,,2.072057154569209,,,,,,0.7577653578527845,,,,,,4
,,348.6152375693272,,,,,245.09476069595,,,0.8198136955543031,,,,0.49428260150444,,4
55487.0,,359.2053493505056,,,,,,,,,,,,,0.994400755089422,4
,,,,1.932251679090816,,,,,,,,0.0065707069237711,,0.5142331571271234,0.9936278813030552,4
39767.0,,,,2.181283486878165,,,,,,0.7811551747708976,,0.0084057800076725,,,0.9884241812536194,4
,842.2810000000001,,,1.9554981650025511,,,,0.6250171821305842,,0.8054170334128361,0.7089212133628624,,,,0.9827733180377508,4
54503.0,,369.9598908694144,,,,55142.0,263.43001899309155,,,,0.712050212724479,0.0067878812334993,,,0.9961359867628944,4
,,,,,,,,,,,,,,0.4751667413035621,,4
,855.1919999999999,,,,,,240.97170513815897,,,0.783618332861548,,0.0075003875059847,,,,4
,,439.9918319623837,,,,,,,,,,,,,,4
,954.661,,,1.9753545799851528,,,,,0.9881091041844132,,,,,,,4
,,,,,,,,,,0.8203960021024929,,,,,,4
52425.0,,372.7634140748859,,,,,,,,,,,,,,4
,,,,,,,,0.6761394701525921,,,,,,,,4
,,,198.30901311291063,,,,,,,,,,,,,4
,,,186.17921761133567,,,60312.0,,,,,,,,,,4
42402.0,,,,1.8526845568507035,,43064.0,,,,,,,,0.5328950751976265,,4
,,,,,,,,,0.991956951627624,,,0.0070705922451275,,,,4
,,,,,,,,0.691991297140489,,0.7773736908555777,,,0.0009520673924192,,,4
,,,,,,,,,0.9861223009990332,,,0.0073229704911357,,0.4849567536173412,0.9960201413750062,4
,,,,,,,,,,,0.727100042072041,,,,,4
61455.0,,400.6368458056837,,,,,,,,,,,,,,4
,,,,1.9399654369888508,,,,,,0.8038598525199894,,,0.0010506897340612,,0.9909067646063184,4
,,,,2.102410415261313,,,,0.6061713480318132,,0.757621357243156,,,,0.4717537094624064,,4
,815.245,335.1982428883482,160.93693838491424,2.0827924667403064,,,231.6779796352159,0.834045584045584,,,,,,,,4
,,,199.45569180394088,,,,291.91236659474623,0.8125242812742812,,,,,,,,4
54413.0,923.367,,,,,,263.21243007820584,,,0.8019805510007454,,,,0.4675451068417157,,4
,,,,1.778917858095458,,,234.50748904075783,,,,,,,,0.9918774840639524,4
33407.0,,,,1.8432092683497248,,33989.0,,0.8098666666666666,,,,,,,,4
,,,183.8984840872528,,0.8547596595190675,,,,,,,,,,,4
,,,,,,,,,,,,0.0072451061267565,,,,4
,,,,2.036745456181245,0.8711711994097137,,,,,,0.6986886695951112,0.0071723060542171,,,0.9942695911495032,4
,,,,2.3346804497261933,0.9036251598719304,57601.0,,,,0.7304479824348298,0.6537029518705801,,,0.42732754928431,,4
,,,,2.185682028944331,,,,0.8118787681277497,0.9871810112537645,,,,,,0.9906413083650358,4
,,,,,,,,0.7079221599431594,,0.9055151074725096,,,,,,4
,,376.9001653156027,,,,,,,,0.7802191223848999,0.7020094324602875,,,,,4
,,,,,,,,0.719737769843532,,,,,0.0010187523722231,,,4
55405.0,,383.5952361394578,,,0.8765609312678776,,,,,,,,0.0009815882342308,,0.996104757381826,4
,,390.1156269918689,190.8250632023509,,,58981.0,,,,,,,,,,4
,1053.073,,210.74984095725253,,,,297.37019497748344,,0.9820979100087672,,,,,,,4
,,,,,,,,,,,,,,,,4
,,349.84205728281665,,,0.8412388396173183,,,,,,0.7321790973482405,0.006788963095667,,,,4
,,370.017876052538,,,,,260.6555875990634,0.6967097532314923,,0.7879629218834469,,,,0.4962364560541188,,4
,,,,2.025282035452218,,,,,0.9845638333519492,,0.6994834533569345,0.0076839827311555,,,,4
55127.0,,,,,,55620.0,,,,,,,,,,4
,,390.50187927931705,,,,59778.0,,,,,0.7028884153646949,,,,0.9881909913535792,4
,,365.4412629444219,,,,,,0.8364305750350631,,,,,,0.5003536290898184,0.9873360134500784,4
43741.0,,,,,,,,,0.9921968923670182,,,,,0.819481497749297,,5
,,,,1.1901696749216868,,35537.0,,,,,,,,,0.9979542592695636,5
,,,,1.356610695357164,,,224.12462274121432,,,,,,,,,5
,777.7539999999999,277.80004170613057,,,,,,,0.990875228670296,,,,0.002097009524751,,,5
,,,206.03616027253588,1.205760510002192,,,,,,,0.9086909981558638,,0.0026104647256508,,,5
,,,,,,,208.64643125162704,,,0.982176064204513,0.9315366505172042,,0.003042837501592,,,5
43650.0,,,,,,44071.0,,,,,,,,,0.998711903668957,5
,,,,,,,,,,,0.9137808144349108,0.0061205315972784,,,,5
,,,,,,,,,,,,,,,0.9991643369765486,5
,,276.9029272518915,,1.3584168355494757,0.6768172646439491,,,,,,,,,,,5
,,,,,,,,,0.988733585356148,,,,,,,5
,695.283,,194.02081669845256,,0.5868872173229811,36845.0,,,,0.9477967563832036,,,,,,5
,670.224,,,,,,206.89686680565316,,,,,,,,,5
36917.0,,,,,0.5441554164750302,,216.80448397804875,0.7717086834733894,,0.944511345821973,,,,,,5
,,,,1.2496687872356396,,,213.1711034629177,,,,,,,,,5
,,,,,,44603.0,,,,,0.8987721016557804,,,0.8077912907147483,,5
,,222.65750737399864,183.8290361006732,,,32393.0,,0.7606708039224975,,,0.9081653292492684,,,0.8247642652504322,,5
46323.0,,,,,,,,,0.9910358991913054,0.9511081509940248,,,,,,5
,,222.75607138109643,,,,,202.5369883558988,0.7544315653904695,,,,,,,,5
,,233.56979517470612,,,,,,,0.9889454889192312,,,,0.0029557307552601,,0.997478531394656,5
,,258.1131983021408,,,,,,0.7909277996913051,,,,,0.0026819411583252,0.8813929574764948,,5
,,,,1.3432006862689294,,,,,0.9928855317186712,,,,0.002097587197499,,0.9983855524469768,5
,,236.42263494006323,,1.0607856873968495,,,,,,,,,0.0031287174221422,,,5
,,,,,,,,,,0.9419957699421276,,,,,,5
,,235.53074647003643,,,,,,,,,0.9224485948002036,,,,,5
39733.0,,,,,,,,0.7610519460619062,,,,,,,,5
,,246.1458369507998,202.57231225116664,,0.5680749890530935,39456.0,,0.771748135874068,0.9915602189781022,,0.9067313657602152,,,,,5
,,,,1.3037080289511125,,37077.0,,,,,,,,,,5
,,,208.1461162593903,1.290728139946005,,,,0.8027106227106227,0.9910455861070911,0.949255982568254,,0.006129872444019,,,,5
,,290.0632964744967,201.21202267100816,,,,241.32018211723792,,,,,,,,,5
,,,,,0.5734570916656382,,216.69581078053355,,,,,,,,0.9985759373096414,5
,,,,1.2257052712979355,,,,,0.9905342416636788,,0.9019972078914444,,,,,5
,724.676,,,,0.6356695258635084,,,0.7949871210620171,,0.9600978670166443,0.8780913335286217,,0.0023526493118225,,,5
,,,,,0.6146537785893944,,,,,,,0.0063173857305466,,,,5
,,,,1.207507153991345,,39532.0,,,,,,,,,,5
,,,,,0.5285179282827064,40864.0,226.8266667814946,,,0.9402754800506342,,0.0060952050066296,,,,5
,704.505,,,,0.6162056580040325,,,0.7554380603916208,,,,,,,,5
,,260.4767598030462,,,,,,,,,,,,,,5
36244.0,,,,1.2210456690525513,,,214.81921250060765,0.7454852112386359,,,,,,,,5
,,,198.75639441197987,,,39686.0,,,,0.9324590171828498,,,,,,5
,,,,,,,269.736909866533,0.7887370600414079,,,,0.0055056133789934,,0.7350689197070895,,5
39859.0,,,,,,,,,0.9914680861648674,,,,0.0023845840498169,0.7762959873879542,,5
,,,,,0.6589601732819855,,233.3645255976417,,,,0.8663169088429428,,,,,5
,,,,,,,,,,0.9782764001093184,0.9250349632447438,0.0064421993670248,,,,5
,,,,,,,,,,,0.919770657254584,0.0063442509598929,,,,5
,691.429,221.6979748646717,207.23462388830407,,,,,0.7794063521617701,,,,0.0061582770795742,0.0033038271879593,,,5
,,,,,,,,,,,0.9410308532628956,0.0058105570783218,,,0.999149075075178,5
,,,,,,,,,,,,,,,,5
41435.0,,,,,0.6272624505954938,,229.68822463526828,,0.9920511408528264,,,,0.0023472491368505,,0.9991752105600226,5
,769.784,,,1.3625127627330558,,44833.0,237.80975770245783,,,0.9419358495058392,,,,,,5
,,,,,,54873.0,,,,,0.8096617421984682,,,,,5
40861.0,,,,,0.6229210189551722,41373.0,,,,,0.8831006603313554,,,,,5
,,,,,,41663.0,,,0.9931593980270264,,,,0.0022958725047024,,0.9981433175326246,5
,,264.3649450705085,,1.2271220922815875,,45085.0,,,,0.9546556217006874,,,,,,5
45328.0,795.88,,,,,,,,,0.899251640254986,,,,0.6631709162557744,,5
,,,,,,,,,,,0.8940896138967849,0.0064455396276449,,,,5
,,,,,,,,,,,,,,,,5
,,,,,,,,0.7494094065430597,,0.9177635557596664,,,,,,5
,,267.2763525856552,,,,,226.7789489589867,0.7688442211055276,,,,0.006617061610855,,0.7199202742816374,0.9987611359283558,5
,721.502,,,,0.4864627169979653,,,,,,,,0.002847798341094,,0.9986099777035626,5
,,,,1.1403240845907296,,,,,,,,,,0.8758337720411071,,5
,,,,1.2711129426500174,,,,0.7493392070484581,,,0.8865676153601265,,,,0.9990974887896164,5
,,270.1065059447051,,,,,,,,0.9255660722022728,,,,,,5
,,,,1.2499882223272545,,,,,0.992725728090902,,,,,,,5
,729.425,255.4046088807292,,,,,,0.7516595808159916,,,,0.0063360111357164,,,,5
,,,,1.2008933761500191,,,,,,,,,,0.8308910927081489,,5
,,,208.53185451776565,,,,239.19775379748867,,,,,,0.0021503265821354,0.7541326772556112,,5
41942.0,,,,,0.5881870528568961,,,0.7504383610663804,,,,,,,,5
,,243.05802121758728,198.494562517539,,0.5771260828906637,,219.5705248010236,,,,,,,0.8160714115066127,,5
,,,,,,,,,,,,,,0.6967554647906553,,5
41569.0,,,203.69236422096012,,,,230.05932851135591,,0.9933567519774416,,,,,,,5
,,,,,,35760.0,,,0.9885906040268456,,0.9163639554753852,,,,0.9987706592654128,5
36589.0,,,,,,37011.0,,,,0.9428529847542184,0.8942164622981782,0.0065968578873672,,0.799623081445069,0.9984928236721432,5
,,,205.6476576095031,,,,236.5455242293361,,0.9855130965195552,,,,0.002163977954455,,,5
,713.967,,,1.270205375835736,,,221.843476628564,,,0.9528768874012038,0.8866803703604377,,,,0.998638107470874,5
,,,,,,,,,,,,0.0066759016327116,,,,5
,,239.92745705157168,195.7341718753037,1.2257821654382464,,,,,,,,,,,,5
,,,,,,42547.0,231.84828465966507,,,,,,0.0027217755334665,0.8642595908546894,,5
,,,,1.2160761979829382,,,,,,,0.9054483687131812,,,,,5
,,252.31730289971085,201.6824304116593,1.2510623874608182,,,,,0.9890909994533076,,,,,,,5
,,,,,0.5709129412855222,,238.2938044014128,,,,,,,0.8169232726197672,,5
,,,,,,,,,,0.942364001592107,,,,,0.9982272015106084,5
,,,,,,,,,,0.9644922966925156,,,,,,5
,,,208.74137764902088,,0.612148071861304,,,,0.992287740721188,,,0.0061062955730726,,,,5
,,,,,,,,,0.9930865072933548,,,,0.0026824502683539,,,5
,,,,,,,206.40087675999297,,,,,,,,,5
,717.9029999999999,,,,0.5230830505848273,,224.07917057632972,,,0.9615484798215216,,,0.002751433378142,,,5
,,,,,,,,,,,,0.0060801459703643,,,0.9967257505027995,5
43238.0,,267.6586351808781,,,0.6387915976120709,,,,,,,,0.0022548716161524,,,5
,,,,,,,,,,,,,,,,5
,,,,1.150240653395583,,,201.5823406705625,0.7776559454191033,,,,,,,,5
,691.2289999999999,,193.11714605286107,,0.5603263394068723,,,,,,,,0.0027860630720702,,,5
,,296.4460312509176,222.1142927151256,1.3346553597571804,,52050.0,,,,0.949391924003015,0.8648892145578363,0.0057417399041432,,,,5
,,,184.43987085903285,,0.5041023654121609,,,,,,,,,,,5
41189.0,,,,1.1850088106352172,,,229.00537899380575,,0.9908585724939256,0.9611463804499464,,,,,,5
,,,,1.0690146159780087,,,,,,,0.9662974390333504,,,,,5
,776.1800000000001,,,,,,,,0.9862094844973966,,0.87073690119262,0.0063195347939558,,0.7581827510985267,,5
,,,,1.1421159461243051,,,,,,,,0.0066885404350434,,,,5
,738.016,,215.66228647897444,1.1516166212769912,0.4959614579613822,,,,,,,,,,,5
,,,,,,,,,,,0.9001018561992624,,0.0024355097979015,,0.9977903722202244,5
,703.703,,,1.2285502358829308,,,,,0.992711106516064,0.9746337459960742,,,0.0026036203905635,0.8130152461995954,,5
,723.8239999999998,,,,,38627.0,219.95001646228,,,,,,0.0025151782722157,,0.994591349567188,5
,751.813,,209.76889802818263,,,,,,0.9921468965359342,,0.8914728376080933,,,,,5
,,,,,,,243.3063899549633,,,,,,0.0028341436948168,,,5
39668.0,,251.66180993956243,200.9251847495406,,,,,,,,,,,,,5
,,252.9526239594365,,,,,,,,,,,,,,5
33051.0,,218.9513713810225,,,,33423.0,,,,,,,,,,5
,,,,,,,,,,,,,,0.8737706643872225,,5
47447.0,,,,,0.5389271592276195,,,,0.9915364039120622,,,,,,,5
,,,,,,,226.00282647921856,0.7788002329644729,,,,0.0063521399592671,,0.7865971688960679,,5
,,219.750574680408,,,,,,,,,,,,0.8962714734687404,0.9993092069915118,5
,,,,,0.594065323087631,,,0.7547461624714844,0.9917187420616776,,,,0.0025369645879881,0.8034453195024636,,5
,,,,,,34645.0,,,,,0.8778360077303359,,,,,5
,,,,,,34280.0,,,,,,,,,,5
,,,,,,,212.42917865609616,,0.983243633135438,,,,,0.8042988044376789,0.9974292647047664,5
,,,,,0.5284889048106709,,,,,0.9392676312987164,,,0.0027174460779769,,,5
36609.0,,224.37255927154143,,,,,,0.7640883286024378,,,,,,,,5
,698.1779999999999,,188.25733938023205,,0.649123224117651,36868.0,,,,0.9423504708418948,0.8717148857958922,,,,,5
34995.0,,,188.13168470932632,,,,,,,,,0.0067721312588012,,,,5
,,,,1.2394261024261533,,,,,,,,0.0067784335561113,,,0.9960176351958894,5
,,258.35618604556765,209.51061951157453,,,,,,,,,,,0.8098055985764366,,5
,,,206.92003480530752,,,,,,,,,,,,0.9990314438942272,5
,741.2429999999999,,,,,42231.0,,,,0.9575936161496196,,0.0061237335737519,,,,5
,676.03,,193.1139791534548,,,,,,0.9905518513264292,,,,,,0.9994410809322812,5
,656.077,,,,,,206.36077585920307,,0.992080206448551,,,,0.0029664714823037,,,5
,,224.88940026130328,,1.1789537712611011,,,,,,,0.9201443496082752,,,,,5
,,,,1.2963934953891734,0.6363860410292246,39154.0,222.37087084166288,0.787960558350917,0.99190376462175,0.953240032173516,,,,0.7707473552798249,,5
,,232.26379452556,182.9185091570857,,,33639.0,,,,0.9643680853766636,,,,0.7868403576305822,,5
,,,205.40859089857412,,0.6975240106027933,46608.0,242.4650273731382,,,0.9246038380600564,0.8458316236249492,,,0.7154311355240179,,5
43485.0,758.1129999999999,,208.89852011746515,,,,,0.758265327474367,,,,,,,,5
43701.0,,,,,0.6847708667997088,,,,,,,0.0063265320676515,0.0020678551267813,,0.9988579265177986,5
,,249.00669168299905,,,,39434.0,,0.7955567310235387,,0.9612142032162952,0.8960961948630992,,,0.8029883904481254,0.9987774204168008,5
,728.896,,,1.306584407467652,,,,,,,,,,,,5
,,,,,,,218.08098659555927,,,,0.9189219212230324,,,,,5
41126.0,,,,,0.6915940939744523,,,,,,,,,,,5
,,,,1.2007423795025425,,,,0.7666992051317808,0.9858641403424884,,,,,,0.9984123270303908,5
,,,195.71019638573247,,,,220.15542180340103,,,,,,0.0024994782496795,,,5
,,,198.35879874599397,1.1935655116534467,,,216.64586157499596,0.7684594538253074,0.9919808401280912,,,0.0064225435020542,0.0027777776789076,,,5
34748.0,,,200.2691413525505,,,35046.0,,0.7704656319290466,,,,,,,,5
,725.5189999999999,,,,0.6561272933571236,39528.0,,0.7539276087793608,0.990664845173042,,,,0.0023020027402619,0.753803021165008,,5
,,,,1.1611164392020583,,,,,,0.9560940605797056,,,,,,5
,,,,,,,226.61607135714812,0.8103101896496303,,,,,,,,5
,,,,,0.6057948078141503,,,,,,,,,0.7941579837869026,,5
,,,,1.334222177614102,,,,,,0.8927322054910996,,0.0068625203992154,,,,5
39779.0,,252.47965089721893,,,,,,,,,,,,,,5
42024.0,,,,,0.5242746170329711,,231.31497709389785,,,,,,,,,5
,,,,,,,,0.7747538645913925,,,,,,,,5
,,,226.91367940642752,1.2265922531002076,,,250.9267661415244,,,0.9118618707967342,0.9015422704046488,,,,,5
42370.0,,,207.5408241484373,,0.6038953244645191,,,,,,,0.0061454271947796,,,,5
36136.0,711.044,,196.27783029835493,1.1954448820312336,0.5479536993828671,36663.0,214.49891418967565,0.7755837912087912,,,,,,,,5
,,,,,,,230.26953954115567,,,,0.8917422330716807,,0.0024186409131417,,,5
,,271.3398809429048,,,,,,,0.9896671009479312,,,,,,,5
,,,218.7032870343644,,,,,,,0.9742491165037224,,0.005830386558193,,,,5
,,,200.93520168192157,,0.5930978762029596,,,,,0.8843702270327103,,,,0.8038538996492285,,5
49639.0,,,,,,,,,,,,,,,,5
30477.0,670.033,,,,,,196.98863318702823,,,0.8530798687748348,,,,,,5
,699.848,238.17299089404383,,,,37637.0,,,,0.9582813113658007,,,0.002764477597503,,,5
37117.0,,,,,,,217.39096619210065,,,,,,,,,5
,,276.9653075306209,,,,,,,,0.9540915057288022,,,,,,5
,,247.03809979764,196.93878916554337,,,,220.22481126909173,0.7812737155163573,0.9890940250837424,,,,0.0025265654907446,,,5
,719.4999999999999,,,1.2286209151324954,0.5809759787262034,,,0.7493289362681187,,,0.9012388916942952,,0.0025773073145939,,,5
42122.0,,251.2047804605414,,,,,,0.7847455100976227,,,0.9218954072483466,0.0059637429481159,,,,5
,689.6259999999999,,,1.2055940386161583,,,,,,,,,,,0.9984188743006812,5
,654.893,,,,,32521.0,,0.760593019956493,,0.9424964570592284,,,,,,5
,,,,,,35445.0,,0.7570648404993066,,,,,,,0.9976125209655377,5
,675.599,,,,,,,,,,,,,,,5
,,,,,,,,,,,0.8689904790611425,,,,,5
37348.0,,,,1.2079162057216222,0.5609170692324414,,218.06639015852227,,,,,0.0064204405838188,,,,5
,,,,,,,248.771142440994,0.7387828307392996,,,,0.0059124457678347,,,,5
,,281.55603741872,,1.186806279189739,,,,0.7578467549381376,,,,,,,0.9982771533978224,5
,,,,,,,,,,,,,,,,5
,,,,,,34826.0,,0.7691947982542086,,,,,0.0026610719461487,,,5
,,,,1.1901445228527443,,,205.0206260119745,,,,,,,,,5
,,251.2671836929468,,,0.5856659462910387,,226.09857965302828,,,,,,,,,5
,,,,,,,212.5040868621637,0.7667214319685244,,,,,,,,5
46973.0,,,,1.2632999684952928,,47306.0,,,,0.9672065714980496,0.8890999114294988,,0.0022571601489788,,,5
,730.92,,206.3398396886317,,,,,,,,,,,,,5
,,,,,,,,,,0.8981896579411185,,0.0059225898446622,,,,5
,,,,1.2369112463619445,,,,,,,,,,0.807838842602309,,5
,,,211.3480570039513,1.289761680513357,,45285.0,,,,0.9466607016577622,,,0.0022190045719448,,,5
,,,192.38507847810703,,,,,0.7858451774380978,,,0.9085978883888336,,,,,5
,,,,,,,,0.7863773174494777,0.9883336512174964,,,,,,,5
,,,,,,36497.0,,,0.9906019672849824,,,0.0064185785570256,,,,5
,,251.8181994808516,,,,,,0.7841473341473342,,,,0.0065351309132652,0.0024130786621005,,,5
,730.309,,,,,,,,,0.9588211634874224,,,,,0.9989875684579994,5
35777.0,685.8629999999999,221.3199451520588,,,0.3633523821375508,,,,,,0.9643539548705158,,,,,5
,677.064,,,,,,208.60981376604292,,,0.9369356647594376,,,,,,5
,,,,,,,,0.7807048016056817,,,,,,,,5
,,,,,0.5671517627567696,40254.0,225.0826547848859,,0.988473195210414,0.9278961780027788,,,,,0.9988294362961604,5
,,,,,,38226.0,219.5589269495048,,,,,0.0066960772019494,,,,5
,,,,,,39073.0,,,,0.9465592795445836,,,,,,5
,,,185.6779933882196,,0.6542314537592533,,,,,,0.8692748513770866,,0.0024173222932819,,,5
,,,,,,,,,0.9913674762407604,,,,0.0026642181688326,,,5
,,,,,,,,,,,,,,,,5
,,262.02086657518004,,,,,231.32323347771336,,,,,,0.0023362577447736,,0.9977807495378568,5
,786.0759999999999,,,,,47834.0,246.01253732166012,0.7721572449642625,,,,0.0058560490156326,,,,5
,,,199.69203361784463,,,,,,,,,0.0063840596840567,,,,5
,,,,,,,,,,0.9601068604481284,0.9387822363513476,,,0.8813120872888374,0.9983816193358712,5
35438.0,,,,1.2037548041424295,,,,,,,,,,,,5
,,,,,,,,,,,,,0.0022036082678202,,,5
,,,,,0.7571521316465074,,,,,0.8855800137053871,,,,0.6511343284192449,0.9967787312404076,6
39712.0,,,,1.4427558802478329,,40330.0,,,,,,0.0068163161889231,,,,6
,763.46,,,,,,,,,,,0.0067333700487225,,,,6
,855.807,324.4187555601099,,,,,257.4139319988476,,,,,,0.0015241795002971,,0.996527714393106,6
46160.0,,,190.9210489099796,1.6182206567022286,0.7862074192938944,,,,,,0.784686908512953,0.006693075934692,,,,6
,,,,,,,,0.8062067827626033,,,0.7909403306724708,,,,,6
,798.985,,196.5685709534252,1.5356721674046527,,,,,,,0.8059068904093835,,,,,6
,,,,,,,,,,,,0.006470343044216,0.0019143963802253,,,6
,,280.7109963739557,194.8580427747077,,,43235.0,,,,0.9119420668924296,,,,,,6
,,,,,,,,,,,,,,,,6
,,340.1124415956334,,,,,,0.6840702762719614,,,,,,,,6
,,,186.23834461886875,1.628889292495031,,,,,,,,0.0068604365861207,,0.6117834060905927,0.9965274395071058,6
40672.0,,298.19300719660134,,,,,,,,0.8489883394667906,0.7631420230179669,,,,,6
,,,,,,,,,,,0.7990879234678598,,0.0016509576206871,,,6
,,297.687338866792,,,0.7164437333571225,48995.0,,0.7240837226015092,,,,,,0.6948684987572631,,6
,,271.521090745286,,1.532918316461231,,38108.0,,0.7435275080906149,,,,0.0072061649923109,,,,6
51593.0,,,198.6672312691112,,,52123.0,,,,,,,,,0.9959017761482392,6
31751.0,,,168.52249113548174,1.448487482820607,,,,,,,,,,,,6
41943.0,,,193.29979253643427,1.4306634109952634,,,,,,,,,,,,6
,,,,,,,227.569209785854,,,,,,,,,6
,,,196.07989017068945,1.448610599441434,,44156.0,,0.7216113554578168,,,,0.0065577736352812,,0.6835479476436342,,6
,,,,,,,211.8499957809057,0.7516098767538061,,0.8877254000784628,,,,,,6
,,,,,,,,,,,0.8044654395897414,,,,,6
,,,,,,,,0.6949797160243407,,,0.811158234489988,,,0.6579776813809145,,6
,,,,,0.7205046078389145,,,0.7633532723434201,,0.8961858291963485,0.8318045215767883,,,,,6
,,,,,0.7479597015010438,,,,0.9904197276281308,0.9117403609107584,,,,,,6
,,,,1.584097121301001,,,,0.813280862568188,,,,,0.0015402266159794,,,6
47769.0,815.034,,,,,,,,,,,,0.0017560363642089,,,6
,,,,,,49358.0,,0.7183736717827627,,,0.7846550909705571,,0.0015240854267821,,,6
,,,188.83501501499228,1.558922555868095,,,235.5178990361186,,,,,,0.0017077194090829,,,6
,,,,,,,214.52265639066596,,0.9839921594250244,,,0.0075233928283026,0.0017975722561539,,,6
,,,,,,,,,0.9903126962678188,0.8732378504920659,,0.0061560382459305,,,0.9829360846907867,6
,,,,1.8356802602129976,,,,,,0.8301278475938711,,,,,,6
,,,,,,,,0.8054704520697168,,,0.792799169204974,,,,,6
,787.7839999999999,,,1.679221865992249,0.8033449870544795,43334.0,,,,,,,,,,6
39489.0,747.39,,,,,,,,,,,,,,,6
,,,,,,,,,,0.8093227660853748,,0.006784577624758,,0.5508909226248547,,6
,,,,,,,,,,,,0.0071062951833479,,,,6
,,331.837025900996,201.48424055556623,,,,,,,,,,,,,6
,792.3340000000001,,,,,,,,,,0.8039522087281944,,,,,6
38787.0,,,,,,,,,,0.9057719142867718,,,0.0021229458215312,0.7119204298394296,,6
,,287.43826773864384,,,,41704.0,,,,,,,,,,6
,,,,1.5247790983090084,,,,0.6962902568283734,,0.9072655552030886,,,,,0.9964550478320988,6
,,,,,,,,,,,0.7516436418185021,,,,0.9891679844298068,6
,,,,,,,,,,,,0.0066286332950148,,,,6
,,,198.3731038218863,,,49442.0,,0.7298953662182361,,,,,,0.6284361860539184,,6
46192.0,,,,,,,,,0.9833943625989952,0.8640077234854778,0.7744525355838346,,,,0.9910634101423994,6
44399.0,,,,,,,237.76156658866563,,,0.8949539206300271,,,,,0.9961118895149648,6
,,,,,,,,0.7580015612802498,,,,,,,0.9953213391850126,6
,,,191.3369868538169,,0.7375621223581788,,,,,0.9164079936224158,,,,0.6728866490100402,,6
,779.348,,,,,,,,,,,,0.0015427684704956,,,6
,,,,,,41886.0,,,0.9888029413169078,,,,,,,6
,688.874,257.46489859880046,,,,,,,,,0.7999751439809829,,,,,6
,,,,1.5029142915776537,,,,,,0.8852270134419401,0.8145195221223207,0.0067686734935461,,,,6
,,,,,,,,0.7193145200663997,,,,,,0.6442240670911193,,6
,,,,,,,,0.7766792160726224,,,,,,0.6433907976275159,,6
,788.221,,,,,,,,,0.8822861847899397,0.7855027692495533,,,0.6170146004987171,,6
,,,198.60600650614765,1.4244124999730825,,,,,,,0.835059832124143,,0.0019359623810868,,,6
,,,,,0.7920894939844972,,,0.6979626485568761,,,,,,,,6
,,,,1.5775533269345872,,40879.0,,,,,,,,,,6
,,,,,,49900.0,,,,0.9036894079309544,,,,,0.9951542070185077,6
,848.981,,,,,,,0.643431139307428,,,,0.0068636484767106,,,0.9963674329565236,6
,,,,,,,,,,,0.8005479195087056,,,,,6
,,,,,,,,0.7330509951549374,,0.9182834691788984,,,0.001832557638179,,,6
36952.0,,,,,,,216.9072328371134,,,,,,,,,6
,,,,,,43722.0,,,,,0.8278238733850942,,,,,6
,,,,,0.7614824981866674,42814.0,,,0.9906572616433876,,,,,,0.997412285945854,6
,,,,,0.7739813630919768,,,,0.9895744680851064,,,,,,,6
,,,187.64101959075356,,,41162.0,,,,,,,0.0019051619318731,0.6737294045724369,,6
41106.0,,287.0173765122298,,,,,,,0.9884814235902368,,,0.0069823718316603,,,,6
,,,186.00382007871016,,,,223.0340686380852,,,,,,0.0020364965616061,,,6
,,,183.9088740068865,,,,236.27893329284072,,0.9873004435837968,,,,,,,6
,,,186.75068821641196,,,,,,,,,,,,0.9935066952774304,6
,867.6319999999998,333.9816708103073,,,,,,,,0.8774930232428246,0.7746131968382481,,,0.6000256047159707,0.9926460724686798,6
41606.0,775.252,,,,0.7527932281489241,,,,,,,,,,0.9947043264728505,6
45395.0,,292.638615494294,,1.478077517637954,,,,,,,,,,,,6
,,,,,0.7942668597597016,,,,,,,,,,0.998401383773897,6
,,341.5233905486457,,1.70641815923524,,,,0.7575022691173133,,,,0.0063940125165904,,,,6
,,,,,0.7760977719619333,,,,,,,,,,,6
,,,,,,,200.32782435425088,,,,0.7853727476491213,,,,,6
,,,,,0.7613663257694111,,,,,0.8900368810347967,,,0.0018930172921461,,,6
49157.0,848.7929999999999,,191.2522156206612,,0.8129380930420953,,,,,,,0.0066809302663378,,,,6
,,,,,,,,0.7062573789846517,,0.8714997148110698,,,0.0015404384867635,,0.9918748752474356,6
,,,,,0.7652524071217108,45964.0,,,,,0.8004366206270942,,,,,6
,,,188.0602370565419,,,,,,,0.9004907835103193,,,0.0017137620883063,0.6400085251376836,,6
,,,,,,,,,,,0.7719104065602762,,,,0.9954254697383366,6
,,,,,,,,,,,,,0.0014089666696702,,,6
,,307.9478153500756,,,0.8199417450686098,,232.63227121236503,,,,0.7554275744671488,,,,,6
,,,,,,,,,,0.9146421525146238,,,0.0016497708889191,,,6
,,,,,,,,,,,,,,,,6
,,,,1.672755416320708,,,,,0.9863064780095708,0.8629138218681365,,,,,,6
,,332.3567684254799,,,,,,,,,,,,,,6
,,,,,,49509.0,,,,,0.7921039325626168,,,,,6
,,,192.8467610252757,1.5197877364925414,,44651.0,,,,,0.8085623861287831,,,,,6
,816.1249999999999,,193.83067523053367,1.6028348464820197,,,245.28949159403487,,,0.8915470519939949,0.7895282221559234,,,,,6
,,,,1.5244018256020726,0.754765221087146,,244.38983981332316,,,,,,,,0.9943099778954309,6
,,,,,,48763.0,,,,,,0.006260945295644,0.00175295180781,,0.9943703173848754,6
47636.0,,,,,,,,0.7865398586619113,,,,,0.0015500826825053,0.6181944812930719,,6
,,,,,0.7768497041766141,41126.0,,,,,,,,,,6
47882.0,,,,1.5227949368939595,0.7541630277593545,48404.0,,,,,,,,,0.9962943387036104,6
40917.0,,,,1.4286204273016307,,,,,,,,,,,,6
52157.0,,,,,,,,,,,0.7687975286271705,,,,0.9934939606101252,6
,,,,,0.7621350180654877,,,0.8144464609800363,,0.8995921668572664,,0.0066322689618299,,0.6450178289573351,0.996292527323338,6
45382.0,,286.42371555377457,,,,,,,0.9916528275500394,,,,,0.7043293751462729,,6
,,313.6443978099017,,1.6852329029329165,,,,,0.9897755394434072,,,0.0068789208862792,,,,6
,,,,,,,,,,,,,,,,6
,,,,,,,,,,0.8836130729630454,,,,,,6
,,,,,,,,0.711574074074074,0.9868925052584966,0.8985158736768352,,,,,,6
,,310.1305161824373,,1.628443102978472,,,,,,,,,,0.6105877375690161,,6
,,,,,,,,,,,,0.0063859708070865,,0.6036907744826516,,6
37568.0,730.4949999999999,,172.44908198894422,,,38030.0,,,,,,,,0.6179249097035042,,6
43451.0,,298.47044335833925,186.46499920840003,1.6006781145278524,,,235.20954797432768,,,,,,,0.6210223541029555,0.994056890845167,6
,,,,1.549613888696428,,,,,,,,0.0064524577001056,0.0016311572713069,0.6401701999354784,,6
,,,,,,,230.18105303231263,0.8098908156711625,,,,,0.0015025566805943,0.5788157898336257,,6
,,,203.1781819770733,,,49562.0,,,,0.8901435082679683,,0.0063119369884827,,0.6517729669279192,0.9928197180818648,6
44800.0,,,,1.6695503064162522,,,,,,,,,,0.5964793999877763,,6
,,308.92320991742594,,,0.7399209232010032,,252.7393018899482,0.7793605915615485,0.9899757286342916,,,,,,,6
,,,198.16218796660792,,,54652.0,,0.6593831280365118,,0.8524221298790107,,0.0064778777709563,,,,6
,,,,,,,,0.7145560879128374,0.9865348399246704,,,,,,,6
42438.0,,287.5245902286867,,,0.7539862877400573,,,,,0.917718559294144,,,,0.6536045107384573,,6
,,,,,0.7606282672572934,39878.0,,,,,0.8050796647020327,0.0070564650393284,,,0.9984066090394892,6
,783.151,,,,,,,,0.9904966625183844,,,,,,,6
,,,203.0782458828529,,,,,,,0.8884963429147135,,,,,,6
,,268.717633822405,180.18571663291607,,,,,,,,,,,,,6
,,,,1.6077102260724183,,,,,,,,0.0066619507384681,,,,6
,,,,1.4669431415987362,,,,,,,,,,,,6
,745.459,,,,0.7754594696733915,,,,0.9893099604823185,,,,,,,6
42910.0,,,,,0.7732158885155311,,,,,,,,0.0016859299266582,,,6
,760.932,,,,,,,,,,,0.0070347907375704,,,,6
40379.0,,,183.6692232270321,,,,,0.7744936320392819,,,,,,,,6
,857.1619999999999,337.4183289441209,,,,,250.06012733238492,0.7090407715407715,,,,,,,,6
,,,,,,56259.0,265.86921560245,0.6768219832735962,,,,,,,,6
,858.3549999999999,,,,,,,,,,,,0.001529141795864,,,6
,,,,,0.7831400908303613,,261.0411982708499,0.7557259453811178,,,,,,,,6
,754.25,,,,,40724.0,,,,0.8872553415378746,,0.0068868332387302,0.0018975905407328,,0.998236140981024,6
,,,196.6804579163964,,,,,,0.9900134673158604,0.891709569077508,,,,,,6
45163.0,,299.1589708049116,,,0.764010635897646,,239.79849365430584,,,,0.8015754734317625,,,,,6
40306.0,,,185.22073964273665,1.4998737967050355,0.7453058157416704,,,,,,,,,0.6649533144085341,,6
,,,,1.4900304135726656,,,,,,,,,,0.6681959054129903,0.9956322212900798,6
,,,,1.7407329161022498,0.818525169038039,,,,,,,,,,0.9952951754131528,6
,,,,,,,,,,0.8965407229812175,,,,,,6
,,,181.4799583436,1.4265741991543073,,,216.49300423165195,0.7689463569518716,,,,,,0.6992647920153218,0.9975531106660606,6
,,,,,,48288.0,,,,0.9092084224156516,0.8274423835743898,0.0062362875784219,,,0.9976257073985422,6
,,,,,,,,0.7781749500499501,,,,,,,,6
,,,,,,,,,,,,0.0064463027201901,0.0018821966580098,,,6
,714.9720000000001,,,1.4411655011816438,,,,,,,,0.0071014055684675,0.0021055168370024,,,6
,,,196.1621426493982,,,52794.0,,0.7396719536003876,0.983160965261204,,,,0.00133650802085,,,6
,841.4799999999999,,,,,,,,,,0.8111112858873917,,,,,6
,,318.66686736584734,,,,45539.0,,,,0.8513031498272353,,,0.0013903204569716,,,6
,,350.80343848531953,,1.739840891611926,,,,,,,,,,0.5704397940699016,,6
,,,,,,,,,,,,0.0065772900044727,,,0.997973400674948,6
39300.0,,280.18771710820226,,,0.7693118043399809,,223.6924542940416,,0.9891520475195692,,,0.0071294584505903,,,,6
,713.286,,,,,,,,,0.91917983315605,0.8118444617255753,,0.0019306089154244,,,6
,,,196.96039266672665,,,41015.0,227.47407566146305,,,,,,0.0022183341939126,,,6
39812.0,,284.444997312662,,,0.7778272361030123,40221.0,225.14487059446037,,,,,,,,,6
,853.9780000000001,,,,,,,,,0.877466368551606,,,,,,6
,,,202.052434992664,1.4973197324955216,,,,,,,,0.006312456400636,,,,6
,,,,,,,,0.7000116126677616,,,,,,,,6
48238.0,,,189.2927239884227,,,,,,,,,,,0.5770253060600804,0.9945192985743504,6
51338.0,,,,1.8416398196345656,,,,,,,,,,,,6
,828.085,315.51659678420026,197.8807738481265,,0.7788869162779066,,,,0.9907019143117594,,,,,0.6255007637761465,0.9973473846632434,6
,778.007,289.10299453433333,,,,43263.0,,,,0.8865459322289128,0.8065506813564388,0.0067700862827982,,,,6
,805.4069999999999,,187.26342899877284,,,,240.1566257620501,,,,,0.0068251055393566,0.0015329000232786,0.6034097847648109,,6
,,,,,,,,,0.9894265574395122,,,,0.0014959189413717,0.6213489061594462,,6
,,,,,,,,,,,,,,0.7012659311856014,,6
,,,,1.6458425530379177,,43471.0,,,,,,,,,,6
43543.0,,,183.42734727451943,,,,,,,,,,,,,6
,838.205,305.14297543715475,,,0.7638184852779032,,,,,,,,,0.6433595654231072,,6
40364.0,,,,,,,226.70033300304195,,,,0.7851824235824632,,,,,6
43022.0,,,188.7172989859621,1.5481171208368203,,43500.0,,,,0.8701066765420641,,,0.0017252181518075,0.6417555943499861,,6
,,350.919517333129,,,,56318.0,,,,,,,,,0.9933829927948348,6
48478.0,,,,,0.8277630573549409,,,0.6923252692011083,0.98757333767927,,,,,,,6
,,,,1.7102172359819892,,,,,,,,,0.0014026966483716,0.5815910050732247,0.9946469611683176,6
,,,,,,45105.0,238.2136436683607,,0.9880944462919854,0.8606192362090533,,,0.0014905367880123,0.5890420514911046,,6
,,313.2070314704177,,,,,,,,0.8738840882790115,,,,,,6
47237.0,,,,,,,,0.7014284865763839,,0.8833752253843115,,,,,0.9973118265441504,6
,,270.1436725120445,,,,,220.2363740545281,0.7896973466003316,,,,,,,,6
43634.0,,293.97912106747816,189.2642737763545,,,,,,0.9918170659635404,,,,,,,6
,,,,,,,256.221591920138,,,,0.7687539434459099,,,,,6
,,,,1.553052593199391,,,255.3006179674027,,,0.8905129218376708,,,,0.6400952883712064,,6
,,,,1.547149795995801,,,,0.7391803796559547,0.9865276633257316,,,,0.0015848800773233,,,6
,,,,,,50245.0,,,0.992536570803065,,,0.0066311551559799,,,,6
,,303.7853657653648,187.0670689947932,,,,,0.7975483381776823,,,,,0.0015757803257094,,,6
36474.0,,,,,0.7216487170868899,,,,,,,,0.0020915177830163,,,6
,,,,,,39649.0,,0.7501481750568801,0.9895583747383287,,0.8115770424662284,,,0.6586572958582303,,6
46434.0,810.154,,,,,47022.0,,,0.987495215005742,,,,,,,6
,,,,,,,,,0.9894929473208044,,0.8059507827587209,0.0063821967890274,,,,6
38687.0,,,,,0.7173565447437834,,,0.8038189033638763,,,,,,,0.998289407218522,6
,,,,,0.7873933037632331,,248.2972653808763,,,,,,,,,6
43261.0,790.347,296.50172148685635,,,0.7781765479044495,,,,,0.8703036399323375,0.791545924550183,,0.0016596438330141,,,6
,,,,1.3652489642808534,,,,0.7678483678483679,,,,,,,,6
,,,193.6621240956124,,,45998.0,240.7549730213761,,,,,,,,,6
,800.405,,177.7202562227026,,0.8156956971043787,,,,,0.8246771775949175,,,,0.5671637874973181,0.980435943728132,6
52464.0,862.895,,,,0.7898345713079454,,,,,0.8854322951743467,,,,0.6100352882003411,0.9946444709681606,6
,,,,1.5749862715647176,,,229.8489252306743,,,,0.7941115148630358,,,,,6
,784.0939999999999,,,,0.7562628576606133,,,,0.9884936279453562,,0.8080707092905207,,,,0.9980288919620978,6
,,,193.8864536657884,,,,,,,0.9052622768422128,,0.006596002862262,,,0.9955929579205942,6
,,,,,,,,,,,,,0.0018433152283275,,,6
40526.0,,,,1.593675667458805,0.7786324811941324,,,,,,,0.0070963347758426,,,,6
,,301.82362336324616,,,,,,,,0.884132853310719,,,,,0.9939768282261522,6
